{
"type": "FeatureCollection",
"name": "Kahramanmaraş_GK74",
"crs": { "type": "name", "properties": { "name": "urn:ogc:def:crs:OGC:1.3:CRS84" } },
"features": [
{ "type": "Feature", "properties": { "ID": 780, "date_decimal": 2023.0164383561644, "year": 2023, "month": 1, "day": 7, "latitude": 39.389, "longitude": 26.1735, "mag": 4.8, "place": "2 km N of Míthymna, Greece", "zone_id": 76, "cluster_id": 680, "shock_type": "FS", "mainshock_zone": 76, "same_zone": 1, "days_difference": -30 }, "geometry": { "type": "Point", "coordinates": [ 26.1735, 39.389 ] } },
{ "type": "Feature", "properties": { "ID": 779, "date_decimal": 2023.0164383561644, "year": 2023, "month": 1, "day": 7, "latitude": 39.4132, "longitude": 26.1996, "mag": 4.6, "place": "Near the coast of western Turkey", "zone_id": 76, "cluster_id": 680, "shock_type": "FS", "mainshock_zone": 76, "same_zone": 1, "days_difference": -30 }, "geometry": { "type": "Point", "coordinates": [ 26.1996, 39.4132 ] } },
{ "type": "Feature", "properties": { "ID": 778, "date_decimal": 2023.0219178082191, "year": 2023, "month": 1, "day": 9, "latitude": 35.6632, "longitude": 25.7797, "mag": 4.46, "place": "44 km N of Eloúnda, Greece", "zone_id": 22, "cluster_id": 678, "shock_type": "AS", "mainshock_zone": 22, "same_zone": 1, "days_difference": -28 }, "geometry": { "type": "Point", "coordinates": [ 25.7797, 35.6632 ] } },
{ "type": "Feature", "properties": { "ID": 777, "date_decimal": 2023.0219178082191, "year": 2023, "month": 1, "day": 9, "latitude": 35.5311, "longitude": 25.8453, "mag": 4.46, "place": "Crete, Greece", "zone_id": 78, "cluster_id": 0, "shock_type": "MS", "mainshock_zone": 78, "same_zone": 1, "days_difference": -28 }, "geometry": { "type": "Point", "coordinates": [ 25.8453, 35.5311 ] } },
{ "type": "Feature", "properties": { "ID": 776, "date_decimal": 2023.0246575342467, "year": 2023, "month": 1, "day": 10, "latitude": 39.4874, "longitude": 26.2503, "mag": 4.9, "place": "7 km W of Behram, Turkey", "zone_id": 76, "cluster_id": 0, "shock_type": "MS", "mainshock_zone": 76, "same_zone": 1, "days_difference": -27 }, "geometry": { "type": "Point", "coordinates": [ 26.2503, 39.4874 ] } },
{ "type": "Feature", "properties": { "ID": 775, "date_decimal": 2023.0246575342467, "year": 2023, "month": 1, "day": 10, "latitude": 35.5995, "longitude": 25.8618, "mag": 4.4, "place": "39 km NNE of Elo?nda, Greece", "zone_id": 22, "cluster_id": 679, "shock_type": "AS", "mainshock_zone": 78, "same_zone": 0, "days_difference": -27 }, "geometry": { "type": "Point", "coordinates": [ 25.8618, 35.5995 ] } },
{ "type": "Feature", "properties": { "ID": 774, "date_decimal": 2023.0383561643835, "year": 2023, "month": 1, "day": 15, "latitude": 38.4311, "longitude": 39.156, "mag": 4.87, "place": "13 km W of Sivrice, Turkey", "zone_id": 999, "cluster_id": 0, "shock_type": "MS", "mainshock_zone": 999, "same_zone": 1, "days_difference": -22 }, "geometry": { "type": "Point", "coordinates": [ 39.156, 38.4311 ] } },
{ "type": "Feature", "properties": { "ID": 771, "date_decimal": 2023.0465753424658, "year": 2023, "month": 1, "day": 18, "latitude": 36.9911, "longitude": 36.1694, "mag": 4.25, "place": "4 km NNW of Erzin, Turkey", "zone_id": 6, "cluster_id": 672, "shock_type": "AS", "mainshock_zone": 6, "same_zone": 1, "days_difference": -19 }, "geometry": { "type": "Point", "coordinates": [ 36.1694, 36.9911 ] } },
{ "type": "Feature", "properties": { "ID": 770, "date_decimal": 2023.0465753424658, "year": 2023, "month": 1, "day": 18, "latitude": 38.3997, "longitude": 44.9477, "mag": 4.56, "place": "16 km S of Khowy, Iran", "zone_id": 86, "cluster_id": 670, "shock_type": "AS", "mainshock_zone": 86, "same_zone": 1, "days_difference": -19 }, "geometry": { "type": "Point", "coordinates": [ 44.9477, 38.3997 ] } },
{ "type": "Feature", "properties": { "ID": 773, "date_decimal": 2023.0465753424658, "year": 2023, "month": 1, "day": 18, "latitude": 38.4334, "longitude": 44.9458, "mag": 5.7, "place": "12 km S of Khowy, Iran", "zone_id": 86, "cluster_id": 670, "shock_type": "AS", "mainshock_zone": 86, "same_zone": 1, "days_difference": -19 }, "geometry": { "type": "Point", "coordinates": [ 44.9458, 38.4334 ] } },
{ "type": "Feature", "properties": { "ID": 772, "date_decimal": 2023.0465753424658, "year": 2023, "month": 1, "day": 18, "latitude": 38.472, "longitude": 44.9169, "mag": 4.46, "place": "9 km SSW of Khowy, Iran", "zone_id": 86, "cluster_id": 670, "shock_type": "AS", "mainshock_zone": 86, "same_zone": 1, "days_difference": -19 }, "geometry": { "type": "Point", "coordinates": [ 44.9169, 38.472 ] } },
{ "type": "Feature", "properties": { "ID": 769, "date_decimal": 2023.0493150684931, "year": 2023, "month": 1, "day": 19, "latitude": 39.488, "longitude": 25.8234, "mag": 4.3, "place": "33 km WNW of Míthymna, Greece", "zone_id": 76, "cluster_id": 680, "shock_type": "AS", "mainshock_zone": 76, "same_zone": 1, "days_difference": -18 }, "geometry": { "type": "Point", "coordinates": [ 25.8234, 39.488 ] } },
{ "type": "Feature", "properties": { "ID": 768, "date_decimal": 2023.0493150684931, "year": 2023, "month": 1, "day": 19, "latitude": 38.5878, "longitude": 44.7612, "mag": 4.46, "place": "17 km WNW of Khowy, Iran", "zone_id": 51, "cluster_id": 670, "shock_type": "AS", "mainshock_zone": 86, "same_zone": 0, "days_difference": -18 }, "geometry": { "type": "Point", "coordinates": [ 44.7612, 38.5878 ] } },
{ "type": "Feature", "properties": { "ID": 767, "date_decimal": 2023.0520547945205, "year": 2023, "month": 1, "day": 20, "latitude": 36.089, "longitude": 31.6537, "mag": 4.36, "place": "58 km SSW of Türkler, Turkey", "zone_id": 58, "cluster_id": 0, "shock_type": "MS", "mainshock_zone": 58, "same_zone": 1, "days_difference": -17 }, "geometry": { "type": "Point", "coordinates": [ 31.6537, 36.089 ] } },
{ "type": "Feature", "properties": { "ID": 766, "date_decimal": 2023.0657534246575, "year": 2023, "month": 1, "day": 25, "latitude": 35.7086, "longitude": 28.4965, "mag": 5.9, "place": "60 km SE of Lárdos, Greece", "zone_id": 81, "cluster_id": 0, "shock_type": "MS", "mainshock_zone": 81, "same_zone": 1, "days_difference": -12 }, "geometry": { "type": "Point", "coordinates": [ 28.4965, 35.7086 ] } },
{ "type": "Feature", "properties": { "ID": 765, "date_decimal": 2023.0739726027398, "year": 2023, "month": 1, "day": 28, "latitude": 38.4199, "longitude": 44.9097, "mag": 5.9, "place": "14 km SSW of Khowy, Iran", "zone_id": 86, "cluster_id": 0, "shock_type": "MS", "mainshock_zone": 86, "same_zone": 1, "days_difference": -9 }, "geometry": { "type": "Point", "coordinates": [ 44.9097, 38.4199 ] } },
{ "type": "Feature", "properties": { "ID": 764, "date_decimal": 2023.0739726027398, "year": 2023, "month": 1, "day": 28, "latitude": 38.4811, "longitude": 44.9282, "mag": 5.28, "place": "7 km SSW of Khowy, Iran", "zone_id": 86, "cluster_id": 670, "shock_type": "AS", "mainshock_zone": 86, "same_zone": 1, "days_difference": -9 }, "geometry": { "type": "Point", "coordinates": [ 44.9282, 38.4811 ] } },
{ "type": "Feature", "properties": { "ID": 763, "date_decimal": 2023.0739726027398, "year": 2023, "month": 1, "day": 28, "latitude": 38.6005, "longitude": 44.8287, "mag": 4.67, "place": "12 km WNW of Khowy, Iran", "zone_id": 51, "cluster_id": 670, "shock_type": "AS", "mainshock_zone": 86, "same_zone": 0, "days_difference": -9 }, "geometry": { "type": "Point", "coordinates": [ 44.8287, 38.6005 ] } },
{ "type": "Feature", "properties": { "ID": 757, "date_decimal": 2023.0767123287671, "year": 2023, "month": 1, "day": 29, "latitude": 38.5153, "longitude": 44.8139, "mag": 4.36, "place": "Turkey-Iran border region", "zone_id": 86, "cluster_id": 670, "shock_type": "AS", "mainshock_zone": 86, "same_zone": 1, "days_difference": -8 }, "geometry": { "type": "Point", "coordinates": [ 44.8139, 38.5153 ] } },
{ "type": "Feature", "properties": { "ID": 758, "date_decimal": 2023.0767123287671, "year": 2023, "month": 1, "day": 29, "latitude": 38.5594, "longitude": 44.717, "mag": 4.36, "place": "20 km W of Khowy, Iran", "zone_id": 51, "cluster_id": 670, "shock_type": "AS", "mainshock_zone": 86, "same_zone": 0, "days_difference": -8 }, "geometry": { "type": "Point", "coordinates": [ 44.717, 38.5594 ] } },
{ "type": "Feature", "properties": { "ID": 760, "date_decimal": 2023.0767123287671, "year": 2023, "month": 1, "day": 29, "latitude": 38.4819, "longitude": 44.7507, "mag": 4.67, "place": "19 km WSW of Khowy, Iran", "zone_id": 86, "cluster_id": 670, "shock_type": "AS", "mainshock_zone": 86, "same_zone": 1, "days_difference": -8 }, "geometry": { "type": "Point", "coordinates": [ 44.7507, 38.4819 ] } },
{ "type": "Feature", "properties": { "ID": 761, "date_decimal": 2023.0767123287671, "year": 2023, "month": 1, "day": 29, "latitude": 38.4906, "longitude": 44.8693, "mag": 4.87, "place": "9 km SW of Khowy, Iran", "zone_id": 86, "cluster_id": 670, "shock_type": "AS", "mainshock_zone": 86, "same_zone": 1, "days_difference": -8 }, "geometry": { "type": "Point", "coordinates": [ 44.8693, 38.4906 ] } },
{ "type": "Feature", "properties": { "ID": 762, "date_decimal": 2023.0767123287671, "year": 2023, "month": 1, "day": 29, "latitude": 38.6392, "longitude": 44.8223, "mag": 4.25, "place": "15 km NW of Khowy, Iran", "zone_id": 51, "cluster_id": 670, "shock_type": "AS", "mainshock_zone": 86, "same_zone": 0, "days_difference": -8 }, "geometry": { "type": "Point", "coordinates": [ 44.8223, 38.6392 ] } },
{ "type": "Feature", "properties": { "ID": 759, "date_decimal": 2023.0767123287671, "year": 2023, "month": 1, "day": 29, "latitude": 35.7692, "longitude": 35.7431, "mag": 4.46, "place": "26 km N of Latakia, Syria", "zone_id": 100, "cluster_id": 683, "shock_type": "FS", "mainshock_zone": 999, "same_zone": 0, "days_difference": -8 }, "geometry": { "type": "Point", "coordinates": [ 35.7431, 35.7692 ] } },
{ "type": "Feature", "properties": { "ID": 756, "date_decimal": 2023.0821917808219, "year": 2023, "month": 1, "day": 31, "latitude": 38.5428, "longitude": 44.8784, "mag": 4.15, "place": "6 km W of Khowy, Iran", "zone_id": 86, "cluster_id": 670, "shock_type": "AS", "mainshock_zone": 86, "same_zone": 1, "days_difference": -6 }, "geometry": { "type": "Point", "coordinates": [ 44.8784, 38.5428 ] } },
{ "type": "Feature", "properties": { "ID": 755, "date_decimal": 2023.088812785388, "year": 2023, "month": 2, "day": 3, "latitude": 37.2003, "longitude": 36.4998, "mag": 4.36, "place": "6 km W of Bahçe, Turkey", "zone_id": 6, "cluster_id": 672, "shock_type": "AS", "mainshock_zone": 6, "same_zone": 1, "days_difference": -3 }, "geometry": { "type": "Point", "coordinates": [ 36.4998, 37.2003 ] } },
{ "type": "Feature", "properties": { "ID": 611, "date_decimal": 2023.0970319634703, "year": 2023, "month": 2, "day": 6, "latitude": 37.991, "longitude": 37.2762, "mag": 4.67, "place": "10 km SE of Ekinözü, Turkey", "zone_id": 10, "cluster_id": 677, "shock_type": "AS", "mainshock_zone": 999, "same_zone": 0, "days_difference": 0 }, "geometry": { "type": "Point", "coordinates": [ 37.2762, 37.991 ] } },
{ "type": "Feature", "properties": { "ID": 610, "date_decimal": 2023.0970319634703, "year": 2023, "month": 2, "day": 6, "latitude": 38.0384, "longitude": 37.371, "mag": 5.18, "place": "Central Turkey", "zone_id": 10, "cluster_id": 0, "shock_type": "MS", "mainshock_zone": 10, "same_zone": 1, "days_difference": 0 }, "geometry": { "type": "Point", "coordinates": [ 37.371, 38.0384 ] } },
{ "type": "Feature", "properties": { "ID": 609, "date_decimal": 2023.0970319634703, "year": 2023, "month": 2, "day": 6, "latitude": 36.2541, "longitude": 36.2923, "mag": 4.77, "place": "4 km E of Kastal, Turkey", "zone_id": 999, "cluster_id": 683, "shock_type": "AS", "mainshock_zone": 999, "same_zone": 1, "days_difference": 0 }, "geometry": { "type": "Point", "coordinates": [ 36.2923, 36.2541 ] } },
{ "type": "Feature", "properties": { "ID": 608, "date_decimal": 2023.0970319634703, "year": 2023, "month": 2, "day": 6, "latitude": 38.0104, "longitude": 36.6564, "mag": 4.87, "place": "14 km E of Göksun, Turkey", "zone_id": 10, "cluster_id": 685, "shock_type": "FS", "mainshock_zone": 10, "same_zone": 1, "days_difference": 0 }, "geometry": { "type": "Point", "coordinates": [ 36.6564, 38.0104 ] } },
{ "type": "Feature", "properties": { "ID": 607, "date_decimal": 2023.0970319634703, "year": 2023, "month": 2, "day": 6, "latitude": 37.9077, "longitude": 36.5237, "mag": 4.98, "place": "12 km S of Göksun, Turkey", "zone_id": 10, "cluster_id": 677, "shock_type": "AS", "mainshock_zone": 999, "same_zone": 0, "days_difference": 0 }, "geometry": { "type": "Point", "coordinates": [ 36.5237, 37.9077 ] } },
{ "type": "Feature", "properties": { "ID": 606, "date_decimal": 2023.0970319634703, "year": 2023, "month": 2, "day": 6, "latitude": 37.8011, "longitude": 37.9066, "mag": 4.67, "place": "1 km NW of Tut, Turkey", "zone_id": 999, "cluster_id": 684, "shock_type": "FS", "mainshock_zone": 999, "same_zone": 1, "days_difference": 0 }, "geometry": { "type": "Point", "coordinates": [ 37.9066, 37.8011 ] } },
{ "type": "Feature", "properties": { "ID": 605, "date_decimal": 2023.0970319634703, "year": 2023, "month": 2, "day": 6, "latitude": 37.9951, "longitude": 36.3843, "mag": 5.08, "place": "10 km WSW of Göksun, Turkey", "zone_id": 10, "cluster_id": 685, "shock_type": "FS", "mainshock_zone": 10, "same_zone": 1, "days_difference": 0 }, "geometry": { "type": "Point", "coordinates": [ 36.3843, 37.9951 ] } },
{ "type": "Feature", "properties": { "ID": 604, "date_decimal": 2023.0970319634703, "year": 2023, "month": 2, "day": 6, "latitude": 38.0367, "longitude": 37.3789, "mag": 4.56, "place": "Central Turkey", "zone_id": 10, "cluster_id": 686, "shock_type": "FS", "mainshock_zone": 10, "same_zone": 1, "days_difference": 0 }, "geometry": { "type": "Point", "coordinates": [ 37.3789, 38.0367 ] } },
{ "type": "Feature", "properties": { "ID": 603, "date_decimal": 2023.0970319634703, "year": 2023, "month": 2, "day": 6, "latitude": 36.3959, "longitude": 36.3691, "mag": 4.67, "place": "6 km NW of Uzunkavak, Turkey", "zone_id": 999, "cluster_id": 683, "shock_type": "AS", "mainshock_zone": 999, "same_zone": 1, "days_difference": 0 }, "geometry": { "type": "Point", "coordinates": [ 36.3691, 36.3959 ] } },
{ "type": "Feature", "properties": { "ID": 602, "date_decimal": 2023.0970319634703, "year": 2023, "month": 2, "day": 6, "latitude": 38.2669, "longitude": 38.3801, "mag": 4.46, "place": "10 km SSE of Malatya, Turkey", "zone_id": 999, "cluster_id": 684, "shock_type": "FS", "mainshock_zone": 999, "same_zone": 1, "days_difference": 0 }, "geometry": { "type": "Point", "coordinates": [ 38.3801, 38.2669 ] } },
{ "type": "Feature", "properties": { "ID": 601, "date_decimal": 2023.0970319634703, "year": 2023, "month": 2, "day": 6, "latitude": 37.9231, "longitude": 37.5399, "mag": 4.36, "place": "Central Turkey", "zone_id": 999, "cluster_id": 684, "shock_type": "FS", "mainshock_zone": 999, "same_zone": 1, "days_difference": 0 }, "geometry": { "type": "Point", "coordinates": [ 37.5399, 37.9231 ] } },
{ "type": "Feature", "properties": { "ID": 599, "date_decimal": 2023.0970319634703, "year": 2023, "month": 2, "day": 6, "latitude": 38.0166, "longitude": 37.7013, "mag": 5.49, "place": "16 km WSW of Do?an?ehir, Turkey", "zone_id": 10, "cluster_id": 684, "shock_type": "FS", "mainshock_zone": 999, "same_zone": 0, "days_difference": 0 }, "geometry": { "type": "Point", "coordinates": [ 37.7013, 38.0166 ] } },
{ "type": "Feature", "properties": { "ID": 612, "date_decimal": 2023.0970319634703, "year": 2023, "month": 2, "day": 6, "latitude": 37.9978, "longitude": 37.4732, "mag": 4.77, "place": "4 km NE of Nurhak, Turkey", "zone_id": 10, "cluster_id": 684, "shock_type": "FS", "mainshock_zone": 999, "same_zone": 0, "days_difference": 0 }, "geometry": { "type": "Point", "coordinates": [ 37.4732, 37.9978 ] } },
{ "type": "Feature", "properties": { "ID": 598, "date_decimal": 2023.0970319634703, "year": 2023, "month": 2, "day": 6, "latitude": 37.9405, "longitude": 37.4916, "mag": 5.18, "place": "5 km ESE of Nurhak, Turkey", "zone_id": 10, "cluster_id": 684, "shock_type": "FS", "mainshock_zone": 999, "same_zone": 0, "days_difference": 0 }, "geometry": { "type": "Point", "coordinates": [ 37.4916, 37.9405 ] } },
{ "type": "Feature", "properties": { "ID": 597, "date_decimal": 2023.0970319634703, "year": 2023, "month": 2, "day": 6, "latitude": 38.0588, "longitude": 36.4642, "mag": 4.46, "place": "Central Turkey", "zone_id": 10, "cluster_id": 685, "shock_type": "FS", "mainshock_zone": 10, "same_zone": 1, "days_difference": 0 }, "geometry": { "type": "Point", "coordinates": [ 36.4642, 38.0588 ] } },
{ "type": "Feature", "properties": { "ID": 596, "date_decimal": 2023.0970319634703, "year": 2023, "month": 2, "day": 6, "latitude": 38.2079, "longitude": 37.8768, "mag": 4.46, "place": "13 km N of Do?an?ehir, Turkey", "zone_id": 10, "cluster_id": 684, "shock_type": "FS", "mainshock_zone": 999, "same_zone": 0, "days_difference": 0 }, "geometry": { "type": "Point", "coordinates": [ 37.8768, 38.2079 ] } },
{ "type": "Feature", "properties": { "ID": 595, "date_decimal": 2023.0970319634703, "year": 2023, "month": 2, "day": 6, "latitude": 37.9944, "longitude": 36.4533, "mag": 4.56, "place": "4 km SW of Göksun, Turkey", "zone_id": 10, "cluster_id": 685, "shock_type": "FS", "mainshock_zone": 10, "same_zone": 1, "days_difference": 0 }, "geometry": { "type": "Point", "coordinates": [ 36.4533, 37.9944 ] } },
{ "type": "Feature", "properties": { "ID": 594, "date_decimal": 2023.0970319634703, "year": 2023, "month": 2, "day": 6, "latitude": 37.7257, "longitude": 37.385, "mag": 4.67, "place": "8 km ESE of Ça?layancerit, Turkey", "zone_id": 999, "cluster_id": 677, "shock_type": "AS", "mainshock_zone": 999, "same_zone": 1, "days_difference": 0 }, "geometry": { "type": "Point", "coordinates": [ 37.385, 37.7257 ] } },
{ "type": "Feature", "properties": { "ID": 593, "date_decimal": 2023.0970319634703, "year": 2023, "month": 2, "day": 6, "latitude": 37.8732, "longitude": 37.3571, "mag": 4.56, "place": "12 km SW of Nurhak, Turkey", "zone_id": 10, "cluster_id": 677, "shock_type": "AS", "mainshock_zone": 999, "same_zone": 0, "days_difference": 0 }, "geometry": { "type": "Point", "coordinates": [ 37.3571, 37.8732 ] } },
{ "type": "Feature", "properties": { "ID": 592, "date_decimal": 2023.0970319634703, "year": 2023, "month": 2, "day": 6, "latitude": 36.8097, "longitude": 36.5387, "mag": 4.67, "place": "2 km ENE of Hassa, Turkey", "zone_id": 999, "cluster_id": 677, "shock_type": "AS", "mainshock_zone": 999, "same_zone": 1, "days_difference": 0 }, "geometry": { "type": "Point", "coordinates": [ 36.5387, 36.8097 ] } },
{ "type": "Feature", "properties": { "ID": 591, "date_decimal": 2023.0970319634703, "year": 2023, "month": 2, "day": 6, "latitude": 37.9977, "longitude": 36.4927, "mag": 4.87, "place": "2 km S of Göksun, Turkey", "zone_id": 10, "cluster_id": 685, "shock_type": "FS", "mainshock_zone": 10, "same_zone": 1, "days_difference": 0 }, "geometry": { "type": "Point", "coordinates": [ 36.4927, 37.9977 ] } },
{ "type": "Feature", "properties": { "ID": 590, "date_decimal": 2023.0970319634703, "year": 2023, "month": 2, "day": 6, "latitude": 38.0365, "longitude": 37.8572, "mag": 4.67, "place": "5 km SSW of Do?an?ehir, Turkey", "zone_id": 999, "cluster_id": 684, "shock_type": "FS", "mainshock_zone": 999, "same_zone": 1, "days_difference": 0 }, "geometry": { "type": "Point", "coordinates": [ 37.8572, 38.0365 ] } },
{ "type": "Feature", "properties": { "ID": 589, "date_decimal": 2023.0970319634703, "year": 2023, "month": 2, "day": 6, "latitude": 38.1782, "longitude": 37.7439, "mag": 4.67, "place": "15 km NW of Do?an?ehir, Turkey", "zone_id": 10, "cluster_id": 684, "shock_type": "FS", "mainshock_zone": 999, "same_zone": 0, "days_difference": 0 }, "geometry": { "type": "Point", "coordinates": [ 37.7439, 38.1782 ] } },
{ "type": "Feature", "properties": { "ID": 600, "date_decimal": 2023.0970319634703, "year": 2023, "month": 2, "day": 6, "latitude": 36.3454, "longitude": 36.4775, "mag": 4.36, "place": "5 km E of Uzunkavak, Turkey", "zone_id": 999, "cluster_id": 683, "shock_type": "AS", "mainshock_zone": 999, "same_zone": 1, "days_difference": 0 }, "geometry": { "type": "Point", "coordinates": [ 36.4775, 36.3454 ] } },
{ "type": "Feature", "properties": { "ID": 613, "date_decimal": 2023.0970319634703, "year": 2023, "month": 2, "day": 6, "latitude": 38.1156, "longitude": 36.6841, "mag": 4.67, "place": "19 km ENE of Göksun, Turkey", "zone_id": 10, "cluster_id": 685, "shock_type": "FS", "mainshock_zone": 10, "same_zone": 1, "days_difference": 0 }, "geometry": { "type": "Point", "coordinates": [ 36.6841, 38.1156 ] } },
{ "type": "Feature", "properties": { "ID": 615, "date_decimal": 2023.0970319634703, "year": 2023, "month": 2, "day": 6, "latitude": 38.0382, "longitude": 36.8659, "mag": 4.46, "place": "23 km S of Af?in, Turkey", "zone_id": 10, "cluster_id": 685, "shock_type": "FS", "mainshock_zone": 10, "same_zone": 1, "days_difference": 0 }, "geometry": { "type": "Point", "coordinates": [ 36.8659, 38.0382 ] } },
{ "type": "Feature", "properties": { "ID": 588, "date_decimal": 2023.0970319634703, "year": 2023, "month": 2, "day": 6, "latitude": 38.0706, "longitude": 38.404, "mag": 4.56, "place": "15 km ENE of Çelikhan, Turkey", "zone_id": 999, "cluster_id": 684, "shock_type": "FS", "mainshock_zone": 999, "same_zone": 1, "days_difference": 0 }, "geometry": { "type": "Point", "coordinates": [ 38.404, 38.0706 ] } },
{ "type": "Feature", "properties": { "ID": 640, "date_decimal": 2023.0970319634703, "year": 2023, "month": 2, "day": 6, "latitude": 38.6244, "longitude": 37.3766, "mag": 4.46, "place": "Central Turkey", "zone_id": 9, "cluster_id": 687, "shock_type": "FS", "mainshock_zone": 9, "same_zone": 1, "days_difference": 0 }, "geometry": { "type": "Point", "coordinates": [ 37.3766, 38.6244 ] } },
{ "type": "Feature", "properties": { "ID": 639, "date_decimal": 2023.0970319634703, "year": 2023, "month": 2, "day": 6, "latitude": 37.9728, "longitude": 37.3801, "mag": 4.77, "place": "5 km W of Nurhak, Turkey", "zone_id": 10, "cluster_id": 686, "shock_type": "FS", "mainshock_zone": 10, "same_zone": 1, "days_difference": 0 }, "geometry": { "type": "Point", "coordinates": [ 37.3801, 37.9728 ] } },
{ "type": "Feature", "properties": { "ID": 638, "date_decimal": 2023.0970319634703, "year": 2023, "month": 2, "day": 6, "latitude": 37.8259, "longitude": 37.4436, "mag": 4.98, "place": "15 km S of Nurhak, Turkey", "zone_id": 999, "cluster_id": 677, "shock_type": "AS", "mainshock_zone": 999, "same_zone": 1, "days_difference": 0 }, "geometry": { "type": "Point", "coordinates": [ 37.4436, 37.8259 ] } },
{ "type": "Feature", "properties": { "ID": 637, "date_decimal": 2023.0970319634703, "year": 2023, "month": 2, "day": 6, "latitude": 38.0723, "longitude": 36.6628, "mag": 4.36, "place": "15 km ENE of Göksun, Turkey", "zone_id": 10, "cluster_id": 685, "shock_type": "FS", "mainshock_zone": 10, "same_zone": 1, "days_difference": 0 }, "geometry": { "type": "Point", "coordinates": [ 36.6628, 38.0723 ] } },
{ "type": "Feature", "properties": { "ID": 636, "date_decimal": 2023.0970319634703, "year": 2023, "month": 2, "day": 6, "latitude": 38.0752, "longitude": 36.7588, "mag": 5.28, "place": "23 km SW of Af?in, Turkey", "zone_id": 10, "cluster_id": 685, "shock_type": "FS", "mainshock_zone": 10, "same_zone": 1, "days_difference": 0 }, "geometry": { "type": "Point", "coordinates": [ 36.7588, 38.0752 ] } },
{ "type": "Feature", "properties": { "ID": 635, "date_decimal": 2023.0970319634703, "year": 2023, "month": 2, "day": 6, "latitude": 37.9593, "longitude": 37.3732, "mag": 5.08, "place": "5 km W of Nurhak, Turkey", "zone_id": 10, "cluster_id": 677, "shock_type": "AS", "mainshock_zone": 999, "same_zone": 0, "days_difference": 0 }, "geometry": { "type": "Point", "coordinates": [ 37.3732, 37.9593 ] } },
{ "type": "Feature", "properties": { "ID": 634, "date_decimal": 2023.0970319634703, "year": 2023, "month": 2, "day": 6, "latitude": 38.0274, "longitude": 37.7493, "mag": 4.25, "place": "Central Turkey", "zone_id": 10, "cluster_id": 684, "shock_type": "FS", "mainshock_zone": 999, "same_zone": 0, "days_difference": 0 }, "geometry": { "type": "Point", "coordinates": [ 37.7493, 38.0274 ] } },
{ "type": "Feature", "properties": { "ID": 633, "date_decimal": 2023.0970319634703, "year": 2023, "month": 2, "day": 6, "latitude": 37.9321, "longitude": 38.246, "mag": 4.46, "place": "10 km S of Çelikhan, Turkey", "zone_id": 103, "cluster_id": 684, "shock_type": "FS", "mainshock_zone": 999, "same_zone": 0, "days_difference": 0 }, "geometry": { "type": "Point", "coordinates": [ 38.246, 37.9321 ] } },
{ "type": "Feature", "properties": { "ID": 632, "date_decimal": 2023.0970319634703, "year": 2023, "month": 2, "day": 6, "latitude": 37.9264, "longitude": 36.9995, "mag": 4.36, "place": "22 km SW of Ekinözü, Turkey", "zone_id": 10, "cluster_id": 677, "shock_type": "AS", "mainshock_zone": 999, "same_zone": 0, "days_difference": 0 }, "geometry": { "type": "Point", "coordinates": [ 36.9995, 37.9264 ] } },
{ "type": "Feature", "properties": { "ID": 631, "date_decimal": 2023.0970319634703, "year": 2023, "month": 2, "day": 6, "latitude": 38.1794, "longitude": 37.955, "mag": 4.25, "place": "12 km NE of Do?an?ehir, Turkey", "zone_id": 10, "cluster_id": 684, "shock_type": "FS", "mainshock_zone": 999, "same_zone": 0, "days_difference": 0 }, "geometry": { "type": "Point", "coordinates": [ 37.955, 38.1794 ] } },
{ "type": "Feature", "properties": { "ID": 630, "date_decimal": 2023.0970319634703, "year": 2023, "month": 2, "day": 6, "latitude": 37.9417, "longitude": 37.351, "mag": 4.67, "place": "Central Turkey", "zone_id": 10, "cluster_id": 677, "shock_type": "AS", "mainshock_zone": 999, "same_zone": 0, "days_difference": 0 }, "geometry": { "type": "Point", "coordinates": [ 37.351, 37.9417 ] } },
{ "type": "Feature", "properties": { "ID": 629, "date_decimal": 2023.0970319634703, "year": 2023, "month": 2, "day": 6, "latitude": 38.0622, "longitude": 36.5678, "mag": 4.98, "place": "7 km NE of Göksun, Turkey", "zone_id": 10, "cluster_id": 685, "shock_type": "FS", "mainshock_zone": 10, "same_zone": 1, "days_difference": 0 }, "geometry": { "type": "Point", "coordinates": [ 36.5678, 38.0622 ] } },
{ "type": "Feature", "properties": { "ID": 628, "date_decimal": 2023.0970319634703, "year": 2023, "month": 2, "day": 6, "latitude": 38.1471, "longitude": 38.0506, "mag": 4.46, "place": "eastern Turkey", "zone_id": 33, "cluster_id": 684, "shock_type": "FS", "mainshock_zone": 999, "same_zone": 0, "days_difference": 0 }, "geometry": { "type": "Point", "coordinates": [ 38.0506, 38.1471 ] } },
{ "type": "Feature", "properties": { "ID": 627, "date_decimal": 2023.0970319634703, "year": 2023, "month": 2, "day": 6, "latitude": 37.9721, "longitude": 36.3402, "mag": 4.67, "place": "14 km WSW of Göksun, Turkey", "zone_id": 10, "cluster_id": 685, "shock_type": "FS", "mainshock_zone": 10, "same_zone": 1, "days_difference": 0 }, "geometry": { "type": "Point", "coordinates": [ 36.3402, 37.9721 ] } },
{ "type": "Feature", "properties": { "ID": 626, "date_decimal": 2023.0970319634703, "year": 2023, "month": 2, "day": 6, "latitude": 38.016, "longitude": 37.7225, "mag": 4.67, "place": "15 km WSW of Do?an?ehir, Turkey", "zone_id": 10, "cluster_id": 684, "shock_type": "FS", "mainshock_zone": 999, "same_zone": 0, "days_difference": 0 }, "geometry": { "type": "Point", "coordinates": [ 37.7225, 38.016 ] } },
{ "type": "Feature", "properties": { "ID": 625, "date_decimal": 2023.0970319634703, "year": 2023, "month": 2, "day": 6, "latitude": 38.0599, "longitude": 36.6805, "mag": 4.46, "place": "16 km ENE of Göksun, Turkey", "zone_id": 10, "cluster_id": 685, "shock_type": "FS", "mainshock_zone": 10, "same_zone": 1, "days_difference": 0 }, "geometry": { "type": "Point", "coordinates": [ 36.6805, 38.0599 ] } },
{ "type": "Feature", "properties": { "ID": 624, "date_decimal": 2023.0970319634703, "year": 2023, "month": 2, "day": 6, "latitude": 38.0509, "longitude": 37.5686, "mag": 4.87, "place": "14 km NE of Nurhak, Turkey", "zone_id": 10, "cluster_id": 684, "shock_type": "FS", "mainshock_zone": 999, "same_zone": 0, "days_difference": 0 }, "geometry": { "type": "Point", "coordinates": [ 37.5686, 38.0509 ] } },
{ "type": "Feature", "properties": { "ID": 623, "date_decimal": 2023.0970319634703, "year": 2023, "month": 2, "day": 6, "latitude": 38.0582, "longitude": 36.5114, "mag": 6.21, "place": "4 km NNE of Göksun, Turkey", "zone_id": 10, "cluster_id": 0, "shock_type": "MS", "mainshock_zone": 10, "same_zone": 1, "days_difference": 0 }, "geometry": { "type": "Point", "coordinates": [ 36.5114, 38.0582 ] } },
{ "type": "Feature", "properties": { "ID": 622, "date_decimal": 2023.0970319634703, "year": 2023, "month": 2, "day": 6, "latitude": 38.0169, "longitude": 36.4016, "mag": 4.56, "place": "8 km W of Göksun, Turkey", "zone_id": 10, "cluster_id": 685, "shock_type": "FS", "mainshock_zone": 10, "same_zone": 1, "days_difference": 0 }, "geometry": { "type": "Point", "coordinates": [ 36.4016, 38.0169 ] } },
{ "type": "Feature", "properties": { "ID": 621, "date_decimal": 2023.0970319634703, "year": 2023, "month": 2, "day": 6, "latitude": 37.9248, "longitude": 37.3761, "mag": 4.87, "place": "7 km SW of Nurhak, Turkey", "zone_id": 10, "cluster_id": 677, "shock_type": "AS", "mainshock_zone": 999, "same_zone": 0, "days_difference": 0 }, "geometry": { "type": "Point", "coordinates": [ 37.3761, 37.9248 ] } },
{ "type": "Feature", "properties": { "ID": 620, "date_decimal": 2023.0970319634703, "year": 2023, "month": 2, "day": 6, "latitude": 38.0621, "longitude": 36.4541, "mag": 4.56, "place": "5 km NW of Göksun, Turkey", "zone_id": 10, "cluster_id": 685, "shock_type": "FS", "mainshock_zone": 10, "same_zone": 1, "days_difference": 0 }, "geometry": { "type": "Point", "coordinates": [ 36.4541, 38.0621 ] } },
{ "type": "Feature", "properties": { "ID": 619, "date_decimal": 2023.0970319634703, "year": 2023, "month": 2, "day": 6, "latitude": 37.8798, "longitude": 37.4824, "mag": 4.36, "place": "10 km SSE of Nurhak, Turkey", "zone_id": 999, "cluster_id": 677, "shock_type": "AS", "mainshock_zone": 999, "same_zone": 1, "days_difference": 0 }, "geometry": { "type": "Point", "coordinates": [ 37.4824, 37.8798 ] } },
{ "type": "Feature", "properties": { "ID": 618, "date_decimal": 2023.0970319634703, "year": 2023, "month": 2, "day": 6, "latitude": 37.9345, "longitude": 38.0571, "mag": 4.15, "place": "18 km WSW of Çelikhan, Turkey", "zone_id": 999, "cluster_id": 684, "shock_type": "FS", "mainshock_zone": 999, "same_zone": 1, "days_difference": 0 }, "geometry": { "type": "Point", "coordinates": [ 38.0571, 37.9345 ] } },
{ "type": "Feature", "properties": { "ID": 617, "date_decimal": 2023.0970319634703, "year": 2023, "month": 2, "day": 6, "latitude": 38.0972, "longitude": 38.2339, "mag": 5.08, "place": "7 km N of Çelikhan, Turkey", "zone_id": 999, "cluster_id": 684, "shock_type": "FS", "mainshock_zone": 999, "same_zone": 1, "days_difference": 0 }, "geometry": { "type": "Point", "coordinates": [ 38.2339, 38.0972 ] } },
{ "type": "Feature", "properties": { "ID": 616, "date_decimal": 2023.0970319634703, "year": 2023, "month": 2, "day": 6, "latitude": 37.9664, "longitude": 37.7885, "mag": 4.77, "place": "Central Turkey", "zone_id": 999, "cluster_id": 684, "shock_type": "FS", "mainshock_zone": 999, "same_zone": 1, "days_difference": 0 }, "geometry": { "type": "Point", "coordinates": [ 37.7885, 37.9664 ] } },
{ "type": "Feature", "properties": { "ID": 614, "date_decimal": 2023.0970319634703, "year": 2023, "month": 2, "day": 6, "latitude": 38.0519, "longitude": 36.864, "mag": 4.77, "place": "22 km SSW of Af?in, Turkey", "zone_id": 10, "cluster_id": 685, "shock_type": "FS", "mainshock_zone": 10, "same_zone": 1, "days_difference": 0 }, "geometry": { "type": "Point", "coordinates": [ 36.864, 38.0519 ] } },
{ "type": "Feature", "properties": { "ID": 587, "date_decimal": 2023.0970319634703, "year": 2023, "month": 2, "day": 6, "latitude": 38.0378, "longitude": 37.8354, "mag": 4.3, "place": "6 km SSW of Do?an?ehir, Turkey", "zone_id": 999, "cluster_id": 684, "shock_type": "FS", "mainshock_zone": 999, "same_zone": 1, "days_difference": 0 }, "geometry": { "type": "Point", "coordinates": [ 37.8354, 38.0378 ] } },
{ "type": "Feature", "properties": { "ID": 585, "date_decimal": 2023.0970319634703, "year": 2023, "month": 2, "day": 6, "latitude": 38.19, "longitude": 38.1756, "mag": 5.4, "place": "eastern Turkey", "zone_id": 999, "cluster_id": 684, "shock_type": "FS", "mainshock_zone": 999, "same_zone": 1, "days_difference": 0 }, "geometry": { "type": "Point", "coordinates": [ 38.1756, 38.19 ] } },
{ "type": "Feature", "properties": { "ID": 641, "date_decimal": 2023.0970319634703, "year": 2023, "month": 2, "day": 6, "latitude": 38.248, "longitude": 38.1847, "mag": 5.9, "place": "7 km SW of Ye?ilyurt, Turkey", "zone_id": 33, "cluster_id": 684, "shock_type": "FS", "mainshock_zone": 999, "same_zone": 0, "days_difference": 0 }, "geometry": { "type": "Point", "coordinates": [ 38.1847, 38.248 ] } },
{ "type": "Feature", "properties": { "ID": 555, "date_decimal": 2023.0970319634703, "year": 2023, "month": 2, "day": 6, "latitude": 37.4801, "longitude": 37.1528, "mag": 4.2, "place": "13 km W of Pazarc?k, Turkey", "zone_id": 999, "cluster_id": 677, "shock_type": "AS", "mainshock_zone": 999, "same_zone": 1, "days_difference": 0 }, "geometry": { "type": "Point", "coordinates": [ 37.1528, 37.4801 ] } },
{ "type": "Feature", "properties": { "ID": 554, "date_decimal": 2023.0970319634703, "year": 2023, "month": 2, "day": 6, "latitude": 38.0516, "longitude": 38.1927, "mag": 4.4, "place": "4 km NW of Çelikhan, Turkey", "zone_id": 999, "cluster_id": 684, "shock_type": "FS", "mainshock_zone": 999, "same_zone": 1, "days_difference": 0 }, "geometry": { "type": "Point", "coordinates": [ 38.1927, 38.0516 ] } },
{ "type": "Feature", "properties": { "ID": 553, "date_decimal": 2023.0970319634703, "year": 2023, "month": 2, "day": 6, "latitude": 38.0947, "longitude": 36.6422, "mag": 4.2, "place": "15 km ENE of G?ksun, Turkey", "zone_id": 10, "cluster_id": 685, "shock_type": "FS", "mainshock_zone": 10, "same_zone": 1, "days_difference": 0 }, "geometry": { "type": "Point", "coordinates": [ 36.6422, 38.0947 ] } },
{ "type": "Feature", "properties": { "ID": 552, "date_decimal": 2023.0970319634703, "year": 2023, "month": 2, "day": 6, "latitude": 38.0339, "longitude": 36.3096, "mag": 4.8, "place": "Adana, Turkey", "zone_id": 10, "cluster_id": 685, "shock_type": "FS", "mainshock_zone": 10, "same_zone": 1, "days_difference": 0 }, "geometry": { "type": "Point", "coordinates": [ 36.3096, 38.0339 ] } },
{ "type": "Feature", "properties": { "ID": 551, "date_decimal": 2023.0970319634703, "year": 2023, "month": 2, "day": 6, "latitude": 37.8934, "longitude": 37.6383, "mag": 4.46, "place": "Central Turkey", "zone_id": 999, "cluster_id": 684, "shock_type": "FS", "mainshock_zone": 999, "same_zone": 1, "days_difference": 0 }, "geometry": { "type": "Point", "coordinates": [ 37.6383, 37.8934 ] } },
{ "type": "Feature", "properties": { "ID": 550, "date_decimal": 2023.0970319634703, "year": 2023, "month": 2, "day": 6, "latitude": 37.9649, "longitude": 36.479, "mag": 4.46, "place": "6 km SSW of Göksun, Turkey", "zone_id": 10, "cluster_id": 685, "shock_type": "FS", "mainshock_zone": 10, "same_zone": 1, "days_difference": 0 }, "geometry": { "type": "Point", "coordinates": [ 36.479, 37.9649 ] } },
{ "type": "Feature", "properties": { "ID": 549, "date_decimal": 2023.0970319634703, "year": 2023, "month": 2, "day": 6, "latitude": 38.0887, "longitude": 38.6825, "mag": 4.1, "place": "8 km NE of Sincik, Turkey", "zone_id": 30, "cluster_id": 684, "shock_type": "FS", "mainshock_zone": 999, "same_zone": 0, "days_difference": 0 }, "geometry": { "type": "Point", "coordinates": [ 38.6825, 38.0887 ] } },
{ "type": "Feature", "properties": { "ID": 548, "date_decimal": 2023.0970319634703, "year": 2023, "month": 2, "day": 6, "latitude": 37.2507, "longitude": 37.0859, "mag": 5.3, "place": "32 km SW of Pazarc?k, Turkey", "zone_id": 999, "cluster_id": 677, "shock_type": "AS", "mainshock_zone": 999, "same_zone": 1, "days_difference": 0 }, "geometry": { "type": "Point", "coordinates": [ 37.0859, 37.2507 ] } },
{ "type": "Feature", "properties": { "ID": 547, "date_decimal": 2023.0970319634703, "year": 2023, "month": 2, "day": 6, "latitude": 38.2636, "longitude": 37.9916, "mag": 5.08, "place": "8 km SSE of Ak?ada?, Turkey", "zone_id": 10, "cluster_id": 684, "shock_type": "FS", "mainshock_zone": 999, "same_zone": 0, "days_difference": 0 }, "geometry": { "type": "Point", "coordinates": [ 37.9916, 38.2636 ] } },
{ "type": "Feature", "properties": { "ID": 546, "date_decimal": 2023.0970319634703, "year": 2023, "month": 2, "day": 6, "latitude": 38.0063, "longitude": 36.5773, "mag": 4.8, "place": "Central Turkey", "zone_id": 10, "cluster_id": 685, "shock_type": "FS", "mainshock_zone": 10, "same_zone": 1, "days_difference": 0 }, "geometry": { "type": "Point", "coordinates": [ 36.5773, 38.0063 ] } },
{ "type": "Feature", "properties": { "ID": 545, "date_decimal": 2023.0970319634703, "year": 2023, "month": 2, "day": 6, "latitude": 36.1512, "longitude": 36.1819, "mag": 4.46, "place": "2 km SE of Dursunlu, Turkey", "zone_id": 999, "cluster_id": 683, "shock_type": "AS", "mainshock_zone": 999, "same_zone": 1, "days_difference": 0 }, "geometry": { "type": "Point", "coordinates": [ 36.1819, 36.1512 ] } },
{ "type": "Feature", "properties": { "ID": 556, "date_decimal": 2023.0970319634703, "year": 2023, "month": 2, "day": 6, "latitude": 38.0086, "longitude": 37.2784, "mag": 4.56, "place": "9 km SE of Ekinözü, Turkey", "zone_id": 10, "cluster_id": 686, "shock_type": "FS", "mainshock_zone": 10, "same_zone": 1, "days_difference": 0 }, "geometry": { "type": "Point", "coordinates": [ 37.2784, 38.0086 ] } },
{ "type": "Feature", "properties": { "ID": 544, "date_decimal": 2023.0970319634703, "year": 2023, "month": 2, "day": 6, "latitude": 38.2106, "longitude": 38.2511, "mag": 4.8, "place": "9 km S of Ye?ilyurt, Turkey", "zone_id": 999, "cluster_id": 684, "shock_type": "FS", "mainshock_zone": 999, "same_zone": 1, "days_difference": 0 }, "geometry": { "type": "Point", "coordinates": [ 38.2511, 38.2106 ] } },
{ "type": "Feature", "properties": { "ID": 542, "date_decimal": 2023.0970319634703, "year": 2023, "month": 2, "day": 6, "latitude": 36.7444, "longitude": 36.4904, "mag": 4.67, "place": "6 km SSW of Hassa, Turkey", "zone_id": 999, "cluster_id": 677, "shock_type": "AS", "mainshock_zone": 999, "same_zone": 1, "days_difference": 0 }, "geometry": { "type": "Point", "coordinates": [ 36.4904, 36.7444 ] } },
{ "type": "Feature", "properties": { "ID": 541, "date_decimal": 2023.0970319634703, "year": 2023, "month": 2, "day": 6, "latitude": 38.072, "longitude": 37.034, "mag": 4.9, "place": "13 km W of Ekinözü, Turkey", "zone_id": 10, "cluster_id": 685, "shock_type": "FS", "mainshock_zone": 10, "same_zone": 1, "days_difference": 0 }, "geometry": { "type": "Point", "coordinates": [ 37.034, 38.072 ] } },
{ "type": "Feature", "properties": { "ID": 540, "date_decimal": 2023.0970319634703, "year": 2023, "month": 2, "day": 6, "latitude": 38.032, "longitude": 36.5882, "mag": 4.7, "place": "8 km E of Göksun, Turkey", "zone_id": 10, "cluster_id": 685, "shock_type": "FS", "mainshock_zone": 10, "same_zone": 1, "days_difference": 0 }, "geometry": { "type": "Point", "coordinates": [ 36.5882, 38.032 ] } },
{ "type": "Feature", "properties": { "ID": 539, "date_decimal": 2023.0970319634703, "year": 2023, "month": 2, "day": 6, "latitude": 38.0814, "longitude": 36.8993, "mag": 4.25, "place": "18 km S of Af?in, Turkey", "zone_id": 10, "cluster_id": 685, "shock_type": "FS", "mainshock_zone": 10, "same_zone": 1, "days_difference": 0 }, "geometry": { "type": "Point", "coordinates": [ 36.8993, 38.0814 ] } },
{ "type": "Feature", "properties": { "ID": 538, "date_decimal": 2023.0970319634703, "year": 2023, "month": 2, "day": 6, "latitude": 38.1918, "longitude": 38.1778, "mag": 4.4, "place": "eastern Turkey", "zone_id": 999, "cluster_id": 684, "shock_type": "FS", "mainshock_zone": 999, "same_zone": 1, "days_difference": 0 }, "geometry": { "type": "Point", "coordinates": [ 38.1778, 38.1918 ] } },
{ "type": "Feature", "properties": { "ID": 537, "date_decimal": 2023.0970319634703, "year": 2023, "month": 2, "day": 6, "latitude": 37.9513, "longitude": 37.4756, "mag": 4.2, "place": "3 km ESE of Nurhak, Turkey", "zone_id": 10, "cluster_id": 684, "shock_type": "FS", "mainshock_zone": 999, "same_zone": 0, "days_difference": 0 }, "geometry": { "type": "Point", "coordinates": [ 37.4756, 37.9513 ] } },
{ "type": "Feature", "properties": { "ID": 536, "date_decimal": 2023.0970319634703, "year": 2023, "month": 2, "day": 6, "latitude": 38.0473, "longitude": 36.4145, "mag": 4.1, "place": "7 km WNW of Göksun, Turkey", "zone_id": 10, "cluster_id": 685, "shock_type": "FS", "mainshock_zone": 10, "same_zone": 1, "days_difference": 0 }, "geometry": { "type": "Point", "coordinates": [ 36.4145, 38.0473 ] } },
{ "type": "Feature", "properties": { "ID": 535, "date_decimal": 2023.0970319634703, "year": 2023, "month": 2, "day": 6, "latitude": 38.0613, "longitude": 36.5637, "mag": 4.36, "place": "7 km NE of Göksun, Turkey", "zone_id": 10, "cluster_id": 685, "shock_type": "FS", "mainshock_zone": 10, "same_zone": 1, "days_difference": 0 }, "geometry": { "type": "Point", "coordinates": [ 36.5637, 38.0613 ] } },
{ "type": "Feature", "properties": { "ID": 534, "date_decimal": 2023.0970319634703, "year": 2023, "month": 2, "day": 6, "latitude": 37.9341, "longitude": 36.6247, "mag": 4.15, "place": "14 km SE of Göksun, Turkey", "zone_id": 10, "cluster_id": 677, "shock_type": "AS", "mainshock_zone": 999, "same_zone": 0, "days_difference": 0 }, "geometry": { "type": "Point", "coordinates": [ 36.6247, 37.9341 ] } },
{ "type": "Feature", "properties": { "ID": 533, "date_decimal": 2023.0970319634703, "year": 2023, "month": 2, "day": 6, "latitude": 37.9846, "longitude": 37.404, "mag": 4.2, "place": "3 km NW of Nurhak, Turkey", "zone_id": 10, "cluster_id": 686, "shock_type": "FS", "mainshock_zone": 10, "same_zone": 1, "days_difference": 0 }, "geometry": { "type": "Point", "coordinates": [ 37.404, 37.9846 ] } },
{ "type": "Feature", "properties": { "ID": 532, "date_decimal": 2023.0970319634703, "year": 2023, "month": 2, "day": 6, "latitude": 35.6037, "longitude": 35.3598, "mag": 4.5, "place": "39 km WNW of Latakia, Syria", "zone_id": 100, "cluster_id": 688, "shock_type": "FS", "mainshock_zone": 100, "same_zone": 1, "days_difference": 0 }, "geometry": { "type": "Point", "coordinates": [ 35.3598, 35.6037 ] } },
{ "type": "Feature", "properties": { "ID": 543, "date_decimal": 2023.0970319634703, "year": 2023, "month": 2, "day": 6, "latitude": 37.9263, "longitude": 36.4655, "mag": 4.56, "place": "Central Turkey", "zone_id": 10, "cluster_id": 685, "shock_type": "FS", "mainshock_zone": 10, "same_zone": 1, "days_difference": 0 }, "geometry": { "type": "Point", "coordinates": [ 36.4655, 37.9263 ] } },
{ "type": "Feature", "properties": { "ID": 586, "date_decimal": 2023.0970319634703, "year": 2023, "month": 2, "day": 6, "latitude": 37.8791, "longitude": 37.7355, "mag": 4.9, "place": "13 km NE of Gölba??, Turkey", "zone_id": 999, "cluster_id": 684, "shock_type": "FS", "mainshock_zone": 999, "same_zone": 1, "days_difference": 0 }, "geometry": { "type": "Point", "coordinates": [ 37.7355, 37.8791 ] } },
{ "type": "Feature", "properties": { "ID": 557, "date_decimal": 2023.0970319634703, "year": 2023, "month": 2, "day": 6, "latitude": 37.8505, "longitude": 36.6645, "mag": 4.67, "place": "23 km SE of Göksun, Turkey", "zone_id": 10, "cluster_id": 677, "shock_type": "AS", "mainshock_zone": 999, "same_zone": 0, "days_difference": 0 }, "geometry": { "type": "Point", "coordinates": [ 36.6645, 37.8505 ] } },
{ "type": "Feature", "properties": { "ID": 559, "date_decimal": 2023.0970319634703, "year": 2023, "month": 2, "day": 6, "latitude": 38.0322, "longitude": 37.3231, "mag": 4.25, "place": "12 km ESE of Ekinözü, Turkey", "zone_id": 10, "cluster_id": 686, "shock_type": "FS", "mainshock_zone": 10, "same_zone": 1, "days_difference": 0 }, "geometry": { "type": "Point", "coordinates": [ 37.3231, 38.0322 ] } },
{ "type": "Feature", "properties": { "ID": 584, "date_decimal": 2023.0970319634703, "year": 2023, "month": 2, "day": 6, "latitude": 37.868, "longitude": 37.8519, "mag": 4.46, "place": "Central Turkey", "zone_id": 999, "cluster_id": 684, "shock_type": "FS", "mainshock_zone": 999, "same_zone": 1, "days_difference": 0 }, "geometry": { "type": "Point", "coordinates": [ 37.8519, 37.868 ] } },
{ "type": "Feature", "properties": { "ID": 583, "date_decimal": 2023.0970319634703, "year": 2023, "month": 2, "day": 6, "latitude": 38.0709, "longitude": 37.5505, "mag": 4.36, "place": "Central Turkey", "zone_id": 10, "cluster_id": 684, "shock_type": "FS", "mainshock_zone": 999, "same_zone": 0, "days_difference": 0 }, "geometry": { "type": "Point", "coordinates": [ 37.5505, 38.0709 ] } },
{ "type": "Feature", "properties": { "ID": 582, "date_decimal": 2023.0970319634703, "year": 2023, "month": 2, "day": 6, "latitude": 37.9972, "longitude": 36.9911, "mag": 4.46, "place": "18 km WSW of Ekinözü, Turkey", "zone_id": 10, "cluster_id": 677, "shock_type": "AS", "mainshock_zone": 999, "same_zone": 0, "days_difference": 0 }, "geometry": { "type": "Point", "coordinates": [ 36.9911, 37.9972 ] } },
{ "type": "Feature", "properties": { "ID": 581, "date_decimal": 2023.0970319634703, "year": 2023, "month": 2, "day": 6, "latitude": 36.1064, "longitude": 35.7822, "mag": 4.67, "place": "23 km W of Uzunba?, Turkey", "zone_id": 6, "cluster_id": 683, "shock_type": "AS", "mainshock_zone": 999, "same_zone": 0, "days_difference": 0 }, "geometry": { "type": "Point", "coordinates": [ 35.7822, 36.1064 ] } },
{ "type": "Feature", "properties": { "ID": 580, "date_decimal": 2023.0970319634703, "year": 2023, "month": 2, "day": 6, "latitude": 38.0912, "longitude": 36.433, "mag": 4.25, "place": "9 km NW of Göksun, Turkey", "zone_id": 10, "cluster_id": 685, "shock_type": "FS", "mainshock_zone": 10, "same_zone": 1, "days_difference": 0 }, "geometry": { "type": "Point", "coordinates": [ 36.433, 38.0912 ] } },
{ "type": "Feature", "properties": { "ID": 579, "date_decimal": 2023.0970319634703, "year": 2023, "month": 2, "day": 6, "latitude": 38.0189, "longitude": 36.5048, "mag": 4.25, "place": "0 km ESE of Göksun, Turkey", "zone_id": 10, "cluster_id": 685, "shock_type": "FS", "mainshock_zone": 10, "same_zone": 1, "days_difference": 0 }, "geometry": { "type": "Point", "coordinates": [ 36.5048, 38.0189 ] } },
{ "type": "Feature", "properties": { "ID": 578, "date_decimal": 2023.0970319634703, "year": 2023, "month": 2, "day": 6, "latitude": 38.0666, "longitude": 36.4607, "mag": 4.36, "place": "5 km NNW of Göksun, Turkey", "zone_id": 10, "cluster_id": 685, "shock_type": "FS", "mainshock_zone": 10, "same_zone": 1, "days_difference": 0 }, "geometry": { "type": "Point", "coordinates": [ 36.4607, 38.0666 ] } },
{ "type": "Feature", "properties": { "ID": 577, "date_decimal": 2023.0970319634703, "year": 2023, "month": 2, "day": 6, "latitude": 37.9826, "longitude": 36.8994, "mag": 4.77, "place": "26 km WSW of Ekinözü, Turkey", "zone_id": 10, "cluster_id": 677, "shock_type": "AS", "mainshock_zone": 999, "same_zone": 0, "days_difference": 0 }, "geometry": { "type": "Point", "coordinates": [ 36.8994, 37.9826 ] } },
{ "type": "Feature", "properties": { "ID": 576, "date_decimal": 2023.0970319634703, "year": 2023, "month": 2, "day": 6, "latitude": 38.0385, "longitude": 36.5982, "mag": 4.98, "place": "9 km ENE of Göksun, Turkey", "zone_id": 10, "cluster_id": 685, "shock_type": "FS", "mainshock_zone": 10, "same_zone": 1, "days_difference": 0 }, "geometry": { "type": "Point", "coordinates": [ 36.5982, 38.0385 ] } },
{ "type": "Feature", "properties": { "ID": 575, "date_decimal": 2023.0970319634703, "year": 2023, "month": 2, "day": 6, "latitude": 38.0468, "longitude": 36.4364, "mag": 4.7, "place": "6 km WNW of Göksun, Turkey", "zone_id": 10, "cluster_id": 685, "shock_type": "FS", "mainshock_zone": 10, "same_zone": 1, "days_difference": 0 }, "geometry": { "type": "Point", "coordinates": [ 36.4364, 38.0468 ] } },
{ "type": "Feature", "properties": { "ID": 574, "date_decimal": 2023.0970319634703, "year": 2023, "month": 2, "day": 6, "latitude": 37.4633, "longitude": 36.981, "mag": 4.87, "place": "14 km SSE of Kahramanmara?, Turkey", "zone_id": 999, "cluster_id": 677, "shock_type": "AS", "mainshock_zone": 999, "same_zone": 1, "days_difference": 0 }, "geometry": { "type": "Point", "coordinates": [ 36.981, 37.4633 ] } },
{ "type": "Feature", "properties": { "ID": 558, "date_decimal": 2023.0970319634703, "year": 2023, "month": 2, "day": 6, "latitude": 37.989, "longitude": 36.3922, "mag": 4.2, "place": "Central Turkey", "zone_id": 10, "cluster_id": 685, "shock_type": "FS", "mainshock_zone": 10, "same_zone": 1, "days_difference": 0 }, "geometry": { "type": "Point", "coordinates": [ 36.3922, 37.989 ] } },
{ "type": "Feature", "properties": { "ID": 573, "date_decimal": 2023.0970319634703, "year": 2023, "month": 2, "day": 6, "latitude": 36.6625, "longitude": 36.4828, "mag": 5.08, "place": "14 km SSW of A?a?? Karafak?l?, Turkey", "zone_id": 999, "cluster_id": 677, "shock_type": "AS", "mainshock_zone": 999, "same_zone": 1, "days_difference": 0 }, "geometry": { "type": "Point", "coordinates": [ 36.4828, 36.6625 ] } },
{ "type": "Feature", "properties": { "ID": 571, "date_decimal": 2023.0970319634703, "year": 2023, "month": 2, "day": 6, "latitude": 38.0007, "longitude": 36.5078, "mag": 5.0, "place": "2 km SSE of Göksun, Turkey", "zone_id": 10, "cluster_id": 685, "shock_type": "FS", "mainshock_zone": 10, "same_zone": 1, "days_difference": 0 }, "geometry": { "type": "Point", "coordinates": [ 36.5078, 38.0007 ] } },
{ "type": "Feature", "properties": { "ID": 569, "date_decimal": 2023.0970319634703, "year": 2023, "month": 2, "day": 6, "latitude": 37.961, "longitude": 37.3379, "mag": 4.3, "place": "9 km W of Nurhak, Turkey", "zone_id": 10, "cluster_id": 677, "shock_type": "AS", "mainshock_zone": 999, "same_zone": 0, "days_difference": 0 }, "geometry": { "type": "Point", "coordinates": [ 37.3379, 37.961 ] } },
{ "type": "Feature", "properties": { "ID": 568, "date_decimal": 2023.0970319634703, "year": 2023, "month": 2, "day": 6, "latitude": 38.1262, "longitude": 36.5145, "mag": 4.25, "place": "11 km N of Göksun, Turkey", "zone_id": 10, "cluster_id": 685, "shock_type": "FS", "mainshock_zone": 10, "same_zone": 1, "days_difference": 0 }, "geometry": { "type": "Point", "coordinates": [ 36.5145, 38.1262 ] } },
{ "type": "Feature", "properties": { "ID": 567, "date_decimal": 2023.0970319634703, "year": 2023, "month": 2, "day": 6, "latitude": 38.097, "longitude": 36.696, "mag": 4.5, "place": "19 km ENE of Göksun, Turkey", "zone_id": 10, "cluster_id": 685, "shock_type": "FS", "mainshock_zone": 10, "same_zone": 1, "days_difference": 0 }, "geometry": { "type": "Point", "coordinates": [ 36.696, 38.097 ] } },
{ "type": "Feature", "properties": { "ID": 566, "date_decimal": 2023.0970319634703, "year": 2023, "month": 2, "day": 6, "latitude": 37.0895, "longitude": 36.7386, "mag": 4.5, "place": "8 km S of Nurda??, Turkey", "zone_id": 999, "cluster_id": 677, "shock_type": "AS", "mainshock_zone": 999, "same_zone": 1, "days_difference": 0 }, "geometry": { "type": "Point", "coordinates": [ 36.7386, 37.0895 ] } },
{ "type": "Feature", "properties": { "ID": 565, "date_decimal": 2023.0970319634703, "year": 2023, "month": 2, "day": 6, "latitude": 38.0881, "longitude": 37.8449, "mag": 4.67, "place": "Central Turkey", "zone_id": 10, "cluster_id": 684, "shock_type": "FS", "mainshock_zone": 999, "same_zone": 0, "days_difference": 0 }, "geometry": { "type": "Point", "coordinates": [ 37.8449, 38.0881 ] } },
{ "type": "Feature", "properties": { "ID": 564, "date_decimal": 2023.0970319634703, "year": 2023, "month": 2, "day": 6, "latitude": 38.1022, "longitude": 36.5286, "mag": 4.56, "place": "9 km NNE of Göksun, Turkey", "zone_id": 10, "cluster_id": 685, "shock_type": "FS", "mainshock_zone": 10, "same_zone": 1, "days_difference": 0 }, "geometry": { "type": "Point", "coordinates": [ 36.5286, 38.1022 ] } },
{ "type": "Feature", "properties": { "ID": 563, "date_decimal": 2023.0970319634703, "year": 2023, "month": 2, "day": 6, "latitude": 37.9781, "longitude": 36.4456, "mag": 5.2, "place": "6 km SW of G?ksun, Turkey", "zone_id": 10, "cluster_id": 685, "shock_type": "FS", "mainshock_zone": 10, "same_zone": 1, "days_difference": 0 }, "geometry": { "type": "Point", "coordinates": [ 36.4456, 37.9781 ] } },
{ "type": "Feature", "properties": { "ID": 562, "date_decimal": 2023.0970319634703, "year": 2023, "month": 2, "day": 6, "latitude": 36.9291, "longitude": 36.7256, "mag": 4.25, "place": "17 km WNW of Musabeyli, Turkey", "zone_id": 999, "cluster_id": 677, "shock_type": "AS", "mainshock_zone": 999, "same_zone": 1, "days_difference": 0 }, "geometry": { "type": "Point", "coordinates": [ 36.7256, 36.9291 ] } },
{ "type": "Feature", "properties": { "ID": 561, "date_decimal": 2023.0970319634703, "year": 2023, "month": 2, "day": 6, "latitude": 36.9819, "longitude": 36.8786, "mag": 4.46, "place": "11 km NNW of Musabeyli, Turkey", "zone_id": 999, "cluster_id": 677, "shock_type": "AS", "mainshock_zone": 999, "same_zone": 1, "days_difference": 0 }, "geometry": { "type": "Point", "coordinates": [ 36.8786, 36.9819 ] } },
{ "type": "Feature", "properties": { "ID": 560, "date_decimal": 2023.0970319634703, "year": 2023, "month": 2, "day": 6, "latitude": 37.9398, "longitude": 38.1889, "mag": 4.36, "place": "10 km SSW of Çelikhan, Turkey", "zone_id": 103, "cluster_id": 684, "shock_type": "FS", "mainshock_zone": 999, "same_zone": 0, "days_difference": 0 }, "geometry": { "type": "Point", "coordinates": [ 38.1889, 37.9398 ] } },
{ "type": "Feature", "properties": { "ID": 572, "date_decimal": 2023.0970319634703, "year": 2023, "month": 2, "day": 6, "latitude": 38.2354, "longitude": 39.1175, "mag": 4.3, "place": "10 km SE of Do?anyol, Turkey", "zone_id": 30, "cluster_id": 681, "shock_type": "AS", "mainshock_zone": 999, "same_zone": 0, "days_difference": 0 }, "geometry": { "type": "Point", "coordinates": [ 39.1175, 38.2354 ] } },
{ "type": "Feature", "properties": { "ID": 642, "date_decimal": 2023.0970319634703, "year": 2023, "month": 2, "day": 6, "latitude": 37.6189, "longitude": 37.9263, "mag": 4.77, "place": "Central Turkey", "zone_id": 103, "cluster_id": 684, "shock_type": "FS", "mainshock_zone": 999, "same_zone": 0, "days_difference": 0 }, "geometry": { "type": "Point", "coordinates": [ 37.9263, 37.6189 ] } },
{ "type": "Feature", "properties": { "ID": 570, "date_decimal": 2023.0970319634703, "year": 2023, "month": 2, "day": 6, "latitude": 38.0112, "longitude": 37.4148, "mag": 4.67, "place": "5 km NNW of Nurhak, Turkey", "zone_id": 10, "cluster_id": 686, "shock_type": "FS", "mainshock_zone": 10, "same_zone": 1, "days_difference": 0 }, "geometry": { "type": "Point", "coordinates": [ 37.4148, 38.0112 ] } },
{ "type": "Feature", "properties": { "ID": 644, "date_decimal": 2023.0970319634703, "year": 2023, "month": 2, "day": 6, "latitude": 38.0443, "longitude": 36.644, "mag": 4.87, "place": "13 km ENE of G?ksun, Turkey", "zone_id": 10, "cluster_id": 685, "shock_type": "FS", "mainshock_zone": 10, "same_zone": 1, "days_difference": 0 }, "geometry": { "type": "Point", "coordinates": [ 36.644, 38.0443 ] } },
{ "type": "Feature", "properties": { "ID": 726, "date_decimal": 2023.0970319634703, "year": 2023, "month": 2, "day": 6, "latitude": 37.5639, "longitude": 37.1467, "mag": 4.67, "place": "15 km WNW of Pazarc?k, Turkey", "zone_id": 999, "cluster_id": 677, "shock_type": "AS", "mainshock_zone": 999, "same_zone": 1, "days_difference": 0 }, "geometry": { "type": "Point", "coordinates": [ 37.1467, 37.5639 ] } },
{ "type": "Feature", "properties": { "ID": 725, "date_decimal": 2023.0970319634703, "year": 2023, "month": 2, "day": 6, "latitude": 38.1084, "longitude": 38.495, "mag": 4.56, "place": "13 km NW of Sincik, Turkey", "zone_id": 999, "cluster_id": 684, "shock_type": "FS", "mainshock_zone": 999, "same_zone": 1, "days_difference": 0 }, "geometry": { "type": "Point", "coordinates": [ 38.495, 38.1084 ] } },
{ "type": "Feature", "properties": { "ID": 724, "date_decimal": 2023.0970319634703, "year": 2023, "month": 2, "day": 6, "latitude": 37.4941, "longitude": 37.2266, "mag": 4.46, "place": "6 km W of Pazarc?k, Turkey", "zone_id": 999, "cluster_id": 677, "shock_type": "AS", "mainshock_zone": 999, "same_zone": 1, "days_difference": 0 }, "geometry": { "type": "Point", "coordinates": [ 37.2266, 37.4941 ] } },
{ "type": "Feature", "properties": { "ID": 723, "date_decimal": 2023.0970319634703, "year": 2023, "month": 2, "day": 6, "latitude": 37.0822, "longitude": 37.0363, "mag": 4.87, "place": "24 km NNE of Musabeyli, Turkey", "zone_id": 999, "cluster_id": 677, "shock_type": "AS", "mainshock_zone": 999, "same_zone": 1, "days_difference": 0 }, "geometry": { "type": "Point", "coordinates": [ 37.0363, 37.0822 ] } },
{ "type": "Feature", "properties": { "ID": 722, "date_decimal": 2023.0970319634703, "year": 2023, "month": 2, "day": 6, "latitude": 37.8697, "longitude": 38.3908, "mag": 4.36, "place": "15 km NE of Ad?yaman, Turkey", "zone_id": 103, "cluster_id": 684, "shock_type": "FS", "mainshock_zone": 999, "same_zone": 0, "days_difference": 0 }, "geometry": { "type": "Point", "coordinates": [ 38.3908, 37.8697 ] } },
{ "type": "Feature", "properties": { "ID": 721, "date_decimal": 2023.0970319634703, "year": 2023, "month": 2, "day": 6, "latitude": 36.8497, "longitude": 36.3895, "mag": 4.36, "place": "12 km WNW of Hassa, Turkey", "zone_id": 6, "cluster_id": 677, "shock_type": "AS", "mainshock_zone": 999, "same_zone": 0, "days_difference": 0 }, "geometry": { "type": "Point", "coordinates": [ 36.3895, 36.8497 ] } },
{ "type": "Feature", "properties": { "ID": 720, "date_decimal": 2023.0970319634703, "year": 2023, "month": 2, "day": 6, "latitude": 38.5461, "longitude": 40.4563, "mag": 4.36, "place": "eastern Turkey", "zone_id": 30, "cluster_id": 689, "shock_type": "FS", "mainshock_zone": 30, "same_zone": 1, "days_difference": 0 }, "geometry": { "type": "Point", "coordinates": [ 40.4563, 38.5461 ] } },
{ "type": "Feature", "properties": { "ID": 719, "date_decimal": 2023.0970319634703, "year": 2023, "month": 2, "day": 6, "latitude": 36.7084, "longitude": 36.3519, "mag": 4.87, "place": "14 km ENE of Denizciler, Turkey", "zone_id": 999, "cluster_id": 677, "shock_type": "AS", "mainshock_zone": 999, "same_zone": 1, "days_difference": 0 }, "geometry": { "type": "Point", "coordinates": [ 36.3519, 36.7084 ] } },
{ "type": "Feature", "properties": { "ID": 718, "date_decimal": 2023.0970319634703, "year": 2023, "month": 2, "day": 6, "latitude": 38.8297, "longitude": 38.8005, "mag": 4.56, "place": "6 km NE of Keban, Turkey", "zone_id": 33, "cluster_id": 0, "shock_type": "MS", "mainshock_zone": 33, "same_zone": 1, "days_difference": 0 }, "geometry": { "type": "Point", "coordinates": [ 38.8005, 38.8297 ] } },
{ "type": "Feature", "properties": { "ID": 717, "date_decimal": 2023.0970319634703, "year": 2023, "month": 2, "day": 6, "latitude": 38.1475, "longitude": 38.435, "mag": 4.25, "place": "19 km NW of Sincik, Turkey", "zone_id": 999, "cluster_id": 684, "shock_type": "FS", "mainshock_zone": 999, "same_zone": 1, "days_difference": 0 }, "geometry": { "type": "Point", "coordinates": [ 38.435, 38.1475 ] } },
{ "type": "Feature", "properties": { "ID": 716, "date_decimal": 2023.0970319634703, "year": 2023, "month": 2, "day": 6, "latitude": 37.9204, "longitude": 37.7822, "mag": 4.56, "place": "18 km NW of Tut, Turkey", "zone_id": 999, "cluster_id": 684, "shock_type": "FS", "mainshock_zone": 999, "same_zone": 1, "days_difference": 0 }, "geometry": { "type": "Point", "coordinates": [ 37.7822, 37.9204 ] } },
{ "type": "Feature", "properties": { "ID": 727, "date_decimal": 2023.0970319634703, "year": 2023, "month": 2, "day": 6, "latitude": 37.4137, "longitude": 36.8216, "mag": 4.67, "place": "21 km SSW of Kahramanmara?, Turkey", "zone_id": 999, "cluster_id": 677, "shock_type": "AS", "mainshock_zone": 999, "same_zone": 1, "days_difference": 0 }, "geometry": { "type": "Point", "coordinates": [ 36.8216, 37.4137 ] } },
{ "type": "Feature", "properties": { "ID": 715, "date_decimal": 2023.0970319634703, "year": 2023, "month": 2, "day": 6, "latitude": 38.1742, "longitude": 38.482, "mag": 4.87, "place": "19 km NW of Sincik, Turkey", "zone_id": 999, "cluster_id": 684, "shock_type": "FS", "mainshock_zone": 999, "same_zone": 1, "days_difference": 0 }, "geometry": { "type": "Point", "coordinates": [ 38.482, 38.1742 ] } },
{ "type": "Feature", "properties": { "ID": 712, "date_decimal": 2023.0970319634703, "year": 2023, "month": 2, "day": 6, "latitude": 38.0715, "longitude": 38.4951, "mag": 4.46, "place": "11 km WNW of Sincik, Turkey", "zone_id": 999, "cluster_id": 684, "shock_type": "FS", "mainshock_zone": 999, "same_zone": 1, "days_difference": 0 }, "geometry": { "type": "Point", "coordinates": [ 38.4951, 38.0715 ] } },
{ "type": "Feature", "properties": { "ID": 711, "date_decimal": 2023.0970319634703, "year": 2023, "month": 2, "day": 6, "latitude": 37.733, "longitude": 37.4257, "mag": 4.15, "place": "12 km E of Ça?layancerit, Turkey", "zone_id": 999, "cluster_id": 677, "shock_type": "AS", "mainshock_zone": 999, "same_zone": 1, "days_difference": 0 }, "geometry": { "type": "Point", "coordinates": [ 37.4257, 37.733 ] } },
{ "type": "Feature", "properties": { "ID": 710, "date_decimal": 2023.0970319634703, "year": 2023, "month": 2, "day": 6, "latitude": 38.1446, "longitude": 38.558, "mag": 4.46, "place": "12 km NNW of Sincik, Turkey", "zone_id": 999, "cluster_id": 684, "shock_type": "FS", "mainshock_zone": 999, "same_zone": 1, "days_difference": 0 }, "geometry": { "type": "Point", "coordinates": [ 38.558, 38.1446 ] } },
{ "type": "Feature", "properties": { "ID": 709, "date_decimal": 2023.0970319634703, "year": 2023, "month": 2, "day": 6, "latitude": 37.9268, "longitude": 37.8357, "mag": 4.56, "place": "16 km NNW of Tut, Turkey", "zone_id": 999, "cluster_id": 684, "shock_type": "FS", "mainshock_zone": 999, "same_zone": 1, "days_difference": 0 }, "geometry": { "type": "Point", "coordinates": [ 37.8357, 37.9268 ] } },
{ "type": "Feature", "properties": { "ID": 708, "date_decimal": 2023.0970319634703, "year": 2023, "month": 2, "day": 6, "latitude": 38.0773, "longitude": 38.5775, "mag": 4.56, "place": "5 km NW of Sincik, Turkey", "zone_id": 30, "cluster_id": 684, "shock_type": "FS", "mainshock_zone": 999, "same_zone": 0, "days_difference": 0 }, "geometry": { "type": "Point", "coordinates": [ 38.5775, 38.0773 ] } },
{ "type": "Feature", "properties": { "ID": 707, "date_decimal": 2023.0970319634703, "year": 2023, "month": 2, "day": 6, "latitude": 37.0297, "longitude": 36.7506, "mag": 4.36, "place": "15 km S of Nurda??, Turkey", "zone_id": 999, "cluster_id": 677, "shock_type": "AS", "mainshock_zone": 999, "same_zone": 1, "days_difference": 0 }, "geometry": { "type": "Point", "coordinates": [ 36.7506, 37.0297 ] } },
{ "type": "Feature", "properties": { "ID": 706, "date_decimal": 2023.0970319634703, "year": 2023, "month": 2, "day": 6, "latitude": 38.2368, "longitude": 38.5132, "mag": 4.36, "place": "21 km SE of Malatya, Turkey", "zone_id": 999, "cluster_id": 684, "shock_type": "FS", "mainshock_zone": 999, "same_zone": 1, "days_difference": 0 }, "geometry": { "type": "Point", "coordinates": [ 38.5132, 38.2368 ] } },
{ "type": "Feature", "properties": { "ID": 705, "date_decimal": 2023.0970319634703, "year": 2023, "month": 2, "day": 6, "latitude": 37.2442, "longitude": 37.1335, "mag": 4.46, "place": "30 km NW of Gaziantep, Turkey", "zone_id": 999, "cluster_id": 677, "shock_type": "AS", "mainshock_zone": 999, "same_zone": 1, "days_difference": 0 }, "geometry": { "type": "Point", "coordinates": [ 37.1335, 37.2442 ] } },
{ "type": "Feature", "properties": { "ID": 704, "date_decimal": 2023.0970319634703, "year": 2023, "month": 2, "day": 6, "latitude": 38.1656, "longitude": 38.65, "mag": 4.98, "place": "14 km NNE of Sincik, Turkey", "zone_id": 999, "cluster_id": 684, "shock_type": "FS", "mainshock_zone": 999, "same_zone": 1, "days_difference": 0 }, "geometry": { "type": "Point", "coordinates": [ 38.65, 38.1656 ] } },
{ "type": "Feature", "properties": { "ID": 703, "date_decimal": 2023.0970319634703, "year": 2023, "month": 2, "day": 6, "latitude": 37.7604, "longitude": 37.4251, "mag": 4.46, "place": "Central Turkey", "zone_id": 999, "cluster_id": 677, "shock_type": "AS", "mainshock_zone": 999, "same_zone": 1, "days_difference": 0 }, "geometry": { "type": "Point", "coordinates": [ 37.4251, 37.7604 ] } },
{ "type": "Feature", "properties": { "ID": 702, "date_decimal": 2023.0970319634703, "year": 2023, "month": 2, "day": 6, "latitude": 37.3982, "longitude": 36.8946, "mag": 4.36, "place": "20 km S of Kahramanmara?, Turkey", "zone_id": 999, "cluster_id": 677, "shock_type": "AS", "mainshock_zone": 999, "same_zone": 1, "days_difference": 0 }, "geometry": { "type": "Point", "coordinates": [ 36.8946, 37.3982 ] } },
{ "type": "Feature", "properties": { "ID": 714, "date_decimal": 2023.0970319634703, "year": 2023, "month": 2, "day": 6, "latitude": 37.7127, "longitude": 37.8001, "mag": 4.56, "place": "5 km WNW of Besni, Turkey", "zone_id": 103, "cluster_id": 677, "shock_type": "AS", "mainshock_zone": 999, "same_zone": 0, "days_difference": 0 }, "geometry": { "type": "Point", "coordinates": [ 37.8001, 37.7127 ] } },
{ "type": "Feature", "properties": { "ID": 728, "date_decimal": 2023.0970319634703, "year": 2023, "month": 2, "day": 6, "latitude": 37.4292, "longitude": 36.9502, "mag": 4.25, "place": "Central Turkey", "zone_id": 999, "cluster_id": 677, "shock_type": "AS", "mainshock_zone": 999, "same_zone": 1, "days_difference": 0 }, "geometry": { "type": "Point", "coordinates": [ 36.9502, 37.4292 ] } },
{ "type": "Feature", "properties": { "ID": 729, "date_decimal": 2023.0970319634703, "year": 2023, "month": 2, "day": 6, "latitude": 37.1816, "longitude": 36.9658, "mag": 5.49, "place": "20 km E of Nurda??, Turkey", "zone_id": 999, "cluster_id": 677, "shock_type": "AS", "mainshock_zone": 999, "same_zone": 1, "days_difference": 0 }, "geometry": { "type": "Point", "coordinates": [ 36.9658, 37.1816 ] } },
{ "type": "Feature", "properties": { "ID": 730, "date_decimal": 2023.0970319634703, "year": 2023, "month": 2, "day": 6, "latitude": 37.4358, "longitude": 37.0658, "mag": 4.36, "place": "20 km SE of Kahramanmara?, Turkey", "zone_id": 999, "cluster_id": 677, "shock_type": "AS", "mainshock_zone": 999, "same_zone": 1, "days_difference": 0 }, "geometry": { "type": "Point", "coordinates": [ 37.0658, 37.4358 ] } },
{ "type": "Feature", "properties": { "ID": 643, "date_decimal": 2023.0970319634703, "year": 2023, "month": 2, "day": 6, "latitude": 37.9155, "longitude": 37.8106, "mag": 4.46, "place": "16 km NW of Tut, Turkey", "zone_id": 999, "cluster_id": 684, "shock_type": "FS", "mainshock_zone": 999, "same_zone": 1, "days_difference": 0 }, "geometry": { "type": "Point", "coordinates": [ 37.8106, 37.9155 ] } },
{ "type": "Feature", "properties": { "ID": 754, "date_decimal": 2023.0970319634703, "year": 2023, "month": 2, "day": 6, "latitude": 37.2256, "longitude": 37.0143, "mag": 7.8, "place": "Pazarcik earthquake, Kahramanmaras earthquake sequence", "zone_id": 999, "cluster_id": 0, "shock_type": "MS", "mainshock_zone": 999, "same_zone": 1, "days_difference": 0 }, "geometry": { "type": "Point", "coordinates": [ 37.0143, 37.2256 ] } },
{ "type": "Feature", "properties": { "ID": 753, "date_decimal": 2023.0970319634703, "year": 2023, "month": 2, "day": 6, "latitude": 37.2252, "longitude": 37.0001, "mag": 5.9, "place": "24 km ENE of Nurda??, Turkey", "zone_id": 999, "cluster_id": 677, "shock_type": "AS", "mainshock_zone": 999, "same_zone": 1, "days_difference": 0 }, "geometry": { "type": "Point", "coordinates": [ 37.0001, 37.2252 ] } },
{ "type": "Feature", "properties": { "ID": 752, "date_decimal": 2023.0970319634703, "year": 2023, "month": 2, "day": 6, "latitude": 37.1893, "longitude": 36.8929, "mag": 6.7, "place": "14 km E of Nurda??, Turkey", "zone_id": 999, "cluster_id": 677, "shock_type": "AS", "mainshock_zone": 999, "same_zone": 1, "days_difference": 0 }, "geometry": { "type": "Point", "coordinates": [ 36.8929, 37.1893 ] } },
{ "type": "Feature", "properties": { "ID": 751, "date_decimal": 2023.0970319634703, "year": 2023, "month": 2, "day": 6, "latitude": 36.9921, "longitude": 36.6832, "mag": 5.8, "place": "Turkey-Syria border region", "zone_id": 999, "cluster_id": 677, "shock_type": "AS", "mainshock_zone": 999, "same_zone": 1, "days_difference": 0 }, "geometry": { "type": "Point", "coordinates": [ 36.6832, 36.9921 ] } },
{ "type": "Feature", "properties": { "ID": 750, "date_decimal": 2023.0970319634703, "year": 2023, "month": 2, "day": 6, "latitude": 36.6696, "longitude": 36.4767, "mag": 4.87, "place": "14 km SSW of A?a?? Karafak?l?, Turkey", "zone_id": 999, "cluster_id": 677, "shock_type": "AS", "mainshock_zone": 999, "same_zone": 1, "days_difference": 0 }, "geometry": { "type": "Point", "coordinates": [ 36.4767, 36.6696 ] } },
{ "type": "Feature", "properties": { "ID": 749, "date_decimal": 2023.0970319634703, "year": 2023, "month": 2, "day": 6, "latitude": 37.9792, "longitude": 38.5117, "mag": 4.77, "place": "10 km SW of Sincik, Turkey", "zone_id": 30, "cluster_id": 684, "shock_type": "FS", "mainshock_zone": 999, "same_zone": 0, "days_difference": 0 }, "geometry": { "type": "Point", "coordinates": [ 38.5117, 37.9792 ] } },
{ "type": "Feature", "properties": { "ID": 748, "date_decimal": 2023.0970319634703, "year": 2023, "month": 2, "day": 6, "latitude": 38.6055, "longitude": 40.5767, "mag": 4.77, "place": "15 km S of Genç, Turkey", "zone_id": 30, "cluster_id": 0, "shock_type": "MS", "mainshock_zone": 30, "same_zone": 1, "days_difference": 0 }, "geometry": { "type": "Point", "coordinates": [ 40.5767, 38.6055 ] } },
{ "type": "Feature", "properties": { "ID": 747, "date_decimal": 2023.0970319634703, "year": 2023, "month": 2, "day": 6, "latitude": 37.9828, "longitude": 38.1435, "mag": 5.08, "place": "9 km WSW of Çelikhan, Turkey", "zone_id": 999, "cluster_id": 684, "shock_type": "FS", "mainshock_zone": 999, "same_zone": 1, "days_difference": 0 }, "geometry": { "type": "Point", "coordinates": [ 38.1435, 37.9828 ] } },
{ "type": "Feature", "properties": { "ID": 746, "date_decimal": 2023.0970319634703, "year": 2023, "month": 2, "day": 6, "latitude": 38.2407, "longitude": 38.7424, "mag": 4.98, "place": "25 km NNE of Sincik, Turkey", "zone_id": 999, "cluster_id": 0, "shock_type": "MS", "mainshock_zone": 999, "same_zone": 1, "days_difference": 0 }, "geometry": { "type": "Point", "coordinates": [ 38.7424, 38.2407 ] } },
{ "type": "Feature", "properties": { "ID": 745, "date_decimal": 2023.0970319634703, "year": 2023, "month": 2, "day": 6, "latitude": 36.7205, "longitude": 36.6192, "mag": 4.67, "place": "8 km SE of A?a?? Karafak?l?, Turkey", "zone_id": 999, "cluster_id": 677, "shock_type": "AS", "mainshock_zone": 999, "same_zone": 1, "days_difference": 0 }, "geometry": { "type": "Point", "coordinates": [ 36.6192, 36.7205 ] } },
{ "type": "Feature", "properties": { "ID": 744, "date_decimal": 2023.0970319634703, "year": 2023, "month": 2, "day": 6, "latitude": 37.4756, "longitude": 37.1578, "mag": 4.87, "place": "12 km W of Pazarc?k, Turkey", "zone_id": 999, "cluster_id": 677, "shock_type": "AS", "mainshock_zone": 999, "same_zone": 1, "days_difference": 0 }, "geometry": { "type": "Point", "coordinates": [ 37.1578, 37.4756 ] } },
{ "type": "Feature", "properties": { "ID": 743, "date_decimal": 2023.0970319634703, "year": 2023, "month": 2, "day": 6, "latitude": 36.3603, "longitude": 36.1708, "mag": 4.56, "place": "3 km W of Serinyol, Turkey", "zone_id": 999, "cluster_id": 683, "shock_type": "AS", "mainshock_zone": 999, "same_zone": 1, "days_difference": 0 }, "geometry": { "type": "Point", "coordinates": [ 36.1708, 36.3603 ] } },
{ "type": "Feature", "properties": { "ID": 742, "date_decimal": 2023.0970319634703, "year": 2023, "month": 2, "day": 6, "latitude": 37.2073, "longitude": 36.5988, "mag": 4.56, "place": "2 km ENE of Bahçe, Turkey", "zone_id": 999, "cluster_id": 672, "shock_type": "AS", "mainshock_zone": 6, "same_zone": 0, "days_difference": 0 }, "geometry": { "type": "Point", "coordinates": [ 36.5988, 37.2073 ] } },
{ "type": "Feature", "properties": { "ID": 741, "date_decimal": 2023.0970319634703, "year": 2023, "month": 2, "day": 6, "latitude": 37.7175, "longitude": 37.3615, "mag": 4.46, "place": "7 km ESE of Ça?layancerit, Turkey", "zone_id": 999, "cluster_id": 677, "shock_type": "AS", "mainshock_zone": 999, "same_zone": 1, "days_difference": 0 }, "geometry": { "type": "Point", "coordinates": [ 37.3615, 37.7175 ] } },
{ "type": "Feature", "properties": { "ID": 740, "date_decimal": 2023.0970319634703, "year": 2023, "month": 2, "day": 6, "latitude": 37.0302, "longitude": 36.6208, "mag": 5.28, "place": "12 km SSE of Hasanbeyli, Turkey", "zone_id": 999, "cluster_id": 677, "shock_type": "AS", "mainshock_zone": 999, "same_zone": 1, "days_difference": 0 }, "geometry": { "type": "Point", "coordinates": [ 36.6208, 37.0302 ] } },
{ "type": "Feature", "properties": { "ID": 739, "date_decimal": 2023.0970319634703, "year": 2023, "month": 2, "day": 6, "latitude": 37.7238, "longitude": 37.8026, "mag": 4.67, "place": "6 km WNW of Besni, Turkey", "zone_id": 999, "cluster_id": 684, "shock_type": "FS", "mainshock_zone": 999, "same_zone": 1, "days_difference": 0 }, "geometry": { "type": "Point", "coordinates": [ 37.8026, 37.7238 ] } },
{ "type": "Feature", "properties": { "ID": 738, "date_decimal": 2023.0970319634703, "year": 2023, "month": 2, "day": 6, "latitude": 37.3512, "longitude": 37.095, "mag": 4.98, "place": "23 km SW of Pazarc?k, Turkey", "zone_id": 999, "cluster_id": 677, "shock_type": "AS", "mainshock_zone": 999, "same_zone": 1, "days_difference": 0 }, "geometry": { "type": "Point", "coordinates": [ 37.095, 37.3512 ] } },
{ "type": "Feature", "properties": { "ID": 737, "date_decimal": 2023.0970319634703, "year": 2023, "month": 2, "day": 6, "latitude": 37.7712, "longitude": 37.9141, "mag": 5.49, "place": "Central Turkey", "zone_id": 103, "cluster_id": 684, "shock_type": "FS", "mainshock_zone": 999, "same_zone": 0, "days_difference": 0 }, "geometry": { "type": "Point", "coordinates": [ 37.9141, 37.7712 ] } },
{ "type": "Feature", "properties": { "ID": 736, "date_decimal": 2023.0970319634703, "year": 2023, "month": 2, "day": 6, "latitude": 37.9227, "longitude": 38.0613, "mag": 5.18, "place": "19 km NE of Tut, Turkey", "zone_id": 999, "cluster_id": 684, "shock_type": "FS", "mainshock_zone": 999, "same_zone": 1, "days_difference": 0 }, "geometry": { "type": "Point", "coordinates": [ 38.0613, 37.9227 ] } },
{ "type": "Feature", "properties": { "ID": 735, "date_decimal": 2023.0970319634703, "year": 2023, "month": 2, "day": 6, "latitude": 38.1562, "longitude": 38.5195, "mag": 4.56, "place": "15 km NNW of Sincik, Turkey", "zone_id": 999, "cluster_id": 684, "shock_type": "FS", "mainshock_zone": 999, "same_zone": 1, "days_difference": 0 }, "geometry": { "type": "Point", "coordinates": [ 38.5195, 38.1562 ] } },
{ "type": "Feature", "properties": { "ID": 734, "date_decimal": 2023.0970319634703, "year": 2023, "month": 2, "day": 6, "latitude": 37.9265, "longitude": 38.2237, "mag": 4.25, "place": "11 km S of Çelikhan, Turkey", "zone_id": 103, "cluster_id": 684, "shock_type": "FS", "mainshock_zone": 999, "same_zone": 0, "days_difference": 0 }, "geometry": { "type": "Point", "coordinates": [ 38.2237, 37.9265 ] } },
{ "type": "Feature", "properties": { "ID": 733, "date_decimal": 2023.0970319634703, "year": 2023, "month": 2, "day": 6, "latitude": 37.2863, "longitude": 36.8539, "mag": 4.36, "place": "16 km NE of Nurda??, Turkey", "zone_id": 999, "cluster_id": 677, "shock_type": "AS", "mainshock_zone": 999, "same_zone": 1, "days_difference": 0 }, "geometry": { "type": "Point", "coordinates": [ 36.8539, 37.2863 ] } },
{ "type": "Feature", "properties": { "ID": 732, "date_decimal": 2023.0970319634703, "year": 2023, "month": 2, "day": 6, "latitude": 37.4468, "longitude": 37.0449, "mag": 4.36, "place": "18 km SE of Kahramanmara?, Turkey", "zone_id": 999, "cluster_id": 677, "shock_type": "AS", "mainshock_zone": 999, "same_zone": 1, "days_difference": 0 }, "geometry": { "type": "Point", "coordinates": [ 37.0449, 37.4468 ] } },
{ "type": "Feature", "properties": { "ID": 731, "date_decimal": 2023.0970319634703, "year": 2023, "month": 2, "day": 6, "latitude": 37.1024, "longitude": 36.7301, "mag": 4.98, "place": "7 km S of Nurda??, Turkey", "zone_id": 999, "cluster_id": 677, "shock_type": "AS", "mainshock_zone": 999, "same_zone": 1, "days_difference": 0 }, "geometry": { "type": "Point", "coordinates": [ 36.7301, 37.1024 ] } },
{ "type": "Feature", "properties": { "ID": 701, "date_decimal": 2023.0970319634703, "year": 2023, "month": 2, "day": 6, "latitude": 36.6427, "longitude": 36.426, "mag": 4.46, "place": "17 km NNE of K?r?khan, Turkey", "zone_id": 999, "cluster_id": 677, "shock_type": "AS", "mainshock_zone": 999, "same_zone": 1, "days_difference": 0 }, "geometry": { "type": "Point", "coordinates": [ 36.426, 36.6427 ] } },
{ "type": "Feature", "properties": { "ID": 700, "date_decimal": 2023.0970319634703, "year": 2023, "month": 2, "day": 6, "latitude": 37.8315, "longitude": 37.3919, "mag": 4.56, "place": "13 km NE of Ça?layancerit, Turkey", "zone_id": 999, "cluster_id": 677, "shock_type": "AS", "mainshock_zone": 999, "same_zone": 1, "days_difference": 0 }, "geometry": { "type": "Point", "coordinates": [ 37.3919, 37.8315 ] } },
{ "type": "Feature", "properties": { "ID": 713, "date_decimal": 2023.0970319634703, "year": 2023, "month": 2, "day": 6, "latitude": 37.5003, "longitude": 37.3267, "mag": 4.67, "place": "2 km ENE of Pazarc?k, Turkey", "zone_id": 999, "cluster_id": 677, "shock_type": "AS", "mainshock_zone": 999, "same_zone": 1, "days_difference": 0 }, "geometry": { "type": "Point", "coordinates": [ 37.3267, 37.5003 ] } },
{ "type": "Feature", "properties": { "ID": 698, "date_decimal": 2023.0970319634703, "year": 2023, "month": 2, "day": 6, "latitude": 37.0844, "longitude": 36.9133, "mag": 4.36, "place": "18 km ESE of Nurda??, Turkey", "zone_id": 999, "cluster_id": 677, "shock_type": "AS", "mainshock_zone": 999, "same_zone": 1, "days_difference": 0 }, "geometry": { "type": "Point", "coordinates": [ 36.9133, 37.0844 ] } },
{ "type": "Feature", "properties": { "ID": 669, "date_decimal": 2023.0970319634703, "year": 2023, "month": 2, "day": 6, "latitude": 37.47, "longitude": 37.0824, "mag": 4.36, "place": "18 km SE of Kahramanmara?, Turkey", "zone_id": 999, "cluster_id": 677, "shock_type": "AS", "mainshock_zone": 999, "same_zone": 1, "days_difference": 0 }, "geometry": { "type": "Point", "coordinates": [ 37.0824, 37.47 ] } },
{ "type": "Feature", "properties": { "ID": 668, "date_decimal": 2023.0970319634703, "year": 2023, "month": 2, "day": 6, "latitude": 36.7139, "longitude": 36.4459, "mag": 4.67, "place": "11 km SW of Hassa, Turkey", "zone_id": 999, "cluster_id": 677, "shock_type": "AS", "mainshock_zone": 999, "same_zone": 1, "days_difference": 0 }, "geometry": { "type": "Point", "coordinates": [ 36.4459, 36.7139 ] } },
{ "type": "Feature", "properties": { "ID": 667, "date_decimal": 2023.0970319634703, "year": 2023, "month": 2, "day": 6, "latitude": 36.595, "longitude": 36.3297, "mag": 4.36, "place": "10 km NNW of K?r?khan, Turkey", "zone_id": 999, "cluster_id": 683, "shock_type": "AS", "mainshock_zone": 999, "same_zone": 1, "days_difference": 0 }, "geometry": { "type": "Point", "coordinates": [ 36.3297, 36.595 ] } },
{ "type": "Feature", "properties": { "ID": 666, "date_decimal": 2023.0970319634703, "year": 2023, "month": 2, "day": 6, "latitude": 36.7978, "longitude": 36.2602, "mag": 4.46, "place": "5 km SSE of Dörtyol, Turkey", "zone_id": 6, "cluster_id": 677, "shock_type": "AS", "mainshock_zone": 999, "same_zone": 0, "days_difference": 0 }, "geometry": { "type": "Point", "coordinates": [ 36.2602, 36.7978 ] } },
{ "type": "Feature", "properties": { "ID": 665, "date_decimal": 2023.0970319634703, "year": 2023, "month": 2, "day": 6, "latitude": 35.6445, "longitude": 35.5034, "mag": 4.67, "place": "28 km WNW of Latakia, Syria", "zone_id": 100, "cluster_id": 0, "shock_type": "MS", "mainshock_zone": 100, "same_zone": 1, "days_difference": 0 }, "geometry": { "type": "Point", "coordinates": [ 35.5034, 35.6445 ] } },
{ "type": "Feature", "properties": { "ID": 664, "date_decimal": 2023.0970319634703, "year": 2023, "month": 2, "day": 6, "latitude": 37.8718, "longitude": 38.0812, "mag": 4.77, "place": "eastern Turkey", "zone_id": 103, "cluster_id": 684, "shock_type": "FS", "mainshock_zone": 999, "same_zone": 0, "days_difference": 0 }, "geometry": { "type": "Point", "coordinates": [ 38.0812, 37.8718 ] } },
{ "type": "Feature", "properties": { "ID": 663, "date_decimal": 2023.0970319634703, "year": 2023, "month": 2, "day": 6, "latitude": 35.5907, "longitude": 35.5841, "mag": 4.46, "place": "19 km WNW of Latakia, Syria", "zone_id": 100, "cluster_id": 688, "shock_type": "FS", "mainshock_zone": 100, "same_zone": 1, "days_difference": 0 }, "geometry": { "type": "Point", "coordinates": [ 35.5841, 35.5907 ] } },
{ "type": "Feature", "properties": { "ID": 662, "date_decimal": 2023.0970319634703, "year": 2023, "month": 2, "day": 6, "latitude": 36.6219, "longitude": 36.4225, "mag": 4.67, "place": "14 km NNE of K?r?khan, Turkey", "zone_id": 999, "cluster_id": 677, "shock_type": "AS", "mainshock_zone": 999, "same_zone": 1, "days_difference": 0 }, "geometry": { "type": "Point", "coordinates": [ 36.4225, 36.6219 ] } },
{ "type": "Feature", "properties": { "ID": 661, "date_decimal": 2023.0970319634703, "year": 2023, "month": 2, "day": 6, "latitude": 35.6075, "longitude": 35.3088, "mag": 4.56, "place": "44 km W of Latakia, Syria", "zone_id": 100, "cluster_id": 688, "shock_type": "FS", "mainshock_zone": 100, "same_zone": 1, "days_difference": 0 }, "geometry": { "type": "Point", "coordinates": [ 35.3088, 35.6075 ] } },
{ "type": "Feature", "properties": { "ID": 660, "date_decimal": 2023.0970319634703, "year": 2023, "month": 2, "day": 6, "latitude": 36.1795, "longitude": 35.9229, "mag": 4.15, "place": "11 km WNW of Uzunba?, Turkey", "zone_id": 999, "cluster_id": 683, "shock_type": "AS", "mainshock_zone": 999, "same_zone": 1, "days_difference": 0 }, "geometry": { "type": "Point", "coordinates": [ 35.9229, 36.1795 ] } },
{ "type": "Feature", "properties": { "ID": 659, "date_decimal": 2023.0970319634703, "year": 2023, "month": 2, "day": 6, "latitude": 37.4633, "longitude": 37.2102, "mag": 4.98, "place": "Central Turkey", "zone_id": 999, "cluster_id": 677, "shock_type": "AS", "mainshock_zone": 999, "same_zone": 1, "days_difference": 0 }, "geometry": { "type": "Point", "coordinates": [ 37.2102, 37.4633 ] } },
{ "type": "Feature", "properties": { "ID": 699, "date_decimal": 2023.0970319634703, "year": 2023, "month": 2, "day": 6, "latitude": 37.7658, "longitude": 37.4588, "mag": 4.25, "place": "15 km E of Ça?layancerit, Turkey", "zone_id": 999, "cluster_id": 677, "shock_type": "AS", "mainshock_zone": 999, "same_zone": 1, "days_difference": 0 }, "geometry": { "type": "Point", "coordinates": [ 37.4588, 37.7658 ] } },
{ "type": "Feature", "properties": { "ID": 657, "date_decimal": 2023.0970319634703, "year": 2023, "month": 2, "day": 6, "latitude": 37.7583, "longitude": 37.9812, "mag": 4.67, "place": "7 km SE of Tut, Turkey", "zone_id": 103, "cluster_id": 684, "shock_type": "FS", "mainshock_zone": 999, "same_zone": 0, "days_difference": 0 }, "geometry": { "type": "Point", "coordinates": [ 37.9812, 37.7583 ] } },
{ "type": "Feature", "properties": { "ID": 656, "date_decimal": 2023.0970319634703, "year": 2023, "month": 2, "day": 6, "latitude": 36.9214, "longitude": 36.427, "mag": 4.77, "place": "15 km NNW of Hassa, Turkey", "zone_id": 6, "cluster_id": 677, "shock_type": "AS", "mainshock_zone": 999, "same_zone": 0, "days_difference": 0 }, "geometry": { "type": "Point", "coordinates": [ 36.427, 36.9214 ] } },
{ "type": "Feature", "properties": { "ID": 655, "date_decimal": 2023.0970319634703, "year": 2023, "month": 2, "day": 6, "latitude": 37.3147, "longitude": 36.7946, "mag": 4.46, "place": "Central Turkey", "zone_id": 999, "cluster_id": 677, "shock_type": "AS", "mainshock_zone": 999, "same_zone": 1, "days_difference": 0 }, "geometry": { "type": "Point", "coordinates": [ 36.7946, 37.3147 ] } },
{ "type": "Feature", "properties": { "ID": 654, "date_decimal": 2023.0970319634703, "year": 2023, "month": 2, "day": 6, "latitude": 38.8229, "longitude": 39.4835, "mag": 4.56, "place": "14 km ESE of Pertek, Turkey", "zone_id": 33, "cluster_id": 0, "shock_type": "MS", "mainshock_zone": 33, "same_zone": 1, "days_difference": 0 }, "geometry": { "type": "Point", "coordinates": [ 39.4835, 38.8229 ] } },
{ "type": "Feature", "properties": { "ID": 653, "date_decimal": 2023.0970319634703, "year": 2023, "month": 2, "day": 6, "latitude": 35.8319, "longitude": 36.162, "mag": 4.77, "place": "11 km SE of Yaylada??, Turkey", "zone_id": 999, "cluster_id": 683, "shock_type": "AS", "mainshock_zone": 999, "same_zone": 1, "days_difference": 0 }, "geometry": { "type": "Point", "coordinates": [ 36.162, 35.8319 ] } },
{ "type": "Feature", "properties": { "ID": 652, "date_decimal": 2023.0970319634703, "year": 2023, "month": 2, "day": 6, "latitude": 37.9287, "longitude": 38.3323, "mag": 4.56, "place": "13 km SE of Çelikhan, Turkey", "zone_id": 30, "cluster_id": 684, "shock_type": "FS", "mainshock_zone": 999, "same_zone": 0, "days_difference": 0 }, "geometry": { "type": "Point", "coordinates": [ 38.3323, 37.9287 ] } },
{ "type": "Feature", "properties": { "ID": 651, "date_decimal": 2023.0970319634703, "year": 2023, "month": 2, "day": 6, "latitude": 38.0106, "longitude": 37.1962, "mag": 7.5, "place": "Elbistan earthquake, Kahramanmaras earthquake sequence", "zone_id": 10, "cluster_id": 677, "shock_type": "AS", "mainshock_zone": 999, "same_zone": 0, "days_difference": 0 }, "geometry": { "type": "Point", "coordinates": [ 37.1962, 38.0106 ] } },
{ "type": "Feature", "properties": { "ID": 650, "date_decimal": 2023.0970319634703, "year": 2023, "month": 2, "day": 6, "latitude": 38.0315, "longitude": 38.0984, "mag": 6.21, "place": "12 km W of Çelikhan, Turkey", "zone_id": 999, "cluster_id": 0, "shock_type": "MS", "mainshock_zone": 999, "same_zone": 1, "days_difference": 0 }, "geometry": { "type": "Point", "coordinates": [ 38.0984, 38.0315 ] } },
{ "type": "Feature", "properties": { "ID": 649, "date_decimal": 2023.0970319634703, "year": 2023, "month": 2, "day": 6, "latitude": 37.9962, "longitude": 37.2033, "mag": 5.59, "place": "7 km S of Ekinözü, Turkey", "zone_id": 10, "cluster_id": 677, "shock_type": "AS", "mainshock_zone": 999, "same_zone": 0, "days_difference": 0 }, "geometry": { "type": "Point", "coordinates": [ 37.2033, 37.9962 ] } },
{ "type": "Feature", "properties": { "ID": 648, "date_decimal": 2023.0970319634703, "year": 2023, "month": 2, "day": 6, "latitude": 38.0249, "longitude": 37.8023, "mag": 6.01, "place": "9 km SW of Do?an?ehir, Turkey", "zone_id": 999, "cluster_id": 684, "shock_type": "FS", "mainshock_zone": 999, "same_zone": 1, "days_difference": 0 }, "geometry": { "type": "Point", "coordinates": [ 37.8023, 38.0249 ] } },
{ "type": "Feature", "properties": { "ID": 647, "date_decimal": 2023.0970319634703, "year": 2023, "month": 2, "day": 6, "latitude": 37.8722, "longitude": 37.3582, "mag": 4.67, "place": "12 km SW of Nurhak, Turkey", "zone_id": 10, "cluster_id": 677, "shock_type": "AS", "mainshock_zone": 999, "same_zone": 0, "days_difference": 0 }, "geometry": { "type": "Point", "coordinates": [ 37.3582, 37.8722 ] } },
{ "type": "Feature", "properties": { "ID": 646, "date_decimal": 2023.0970319634703, "year": 2023, "month": 2, "day": 6, "latitude": 38.034, "longitude": 37.7967, "mag": 4.77, "place": "8 km SW of Do?an?ehir, Turkey", "zone_id": 999, "cluster_id": 684, "shock_type": "FS", "mainshock_zone": 999, "same_zone": 1, "days_difference": 0 }, "geometry": { "type": "Point", "coordinates": [ 37.7967, 38.034 ] } },
{ "type": "Feature", "properties": { "ID": 645, "date_decimal": 2023.0970319634703, "year": 2023, "month": 2, "day": 6, "latitude": 38.039, "longitude": 36.8385, "mag": 4.87, "place": "24 km SSW of Af?in, Turkey", "zone_id": 10, "cluster_id": 685, "shock_type": "FS", "mainshock_zone": 10, "same_zone": 1, "days_difference": 0 }, "geometry": { "type": "Point", "coordinates": [ 36.8385, 38.039 ] } },
{ "type": "Feature", "properties": { "ID": 670, "date_decimal": 2023.0970319634703, "year": 2023, "month": 2, "day": 6, "latitude": 37.6427, "longitude": 37.394, "mag": 4.8, "place": "14 km SE of Ça?layancerit, Turkey", "zone_id": 999, "cluster_id": 677, "shock_type": "AS", "mainshock_zone": 999, "same_zone": 1, "days_difference": 0 }, "geometry": { "type": "Point", "coordinates": [ 37.394, 37.6427 ] } },
{ "type": "Feature", "properties": { "ID": 671, "date_decimal": 2023.0970319634703, "year": 2023, "month": 2, "day": 6, "latitude": 38.0564, "longitude": 38.2173, "mag": 4.67, "place": "3 km NNW of Çelikhan, Turkey", "zone_id": 999, "cluster_id": 684, "shock_type": "FS", "mainshock_zone": 999, "same_zone": 1, "days_difference": 0 }, "geometry": { "type": "Point", "coordinates": [ 38.2173, 38.0564 ] } },
{ "type": "Feature", "properties": { "ID": 658, "date_decimal": 2023.0970319634703, "year": 2023, "month": 2, "day": 6, "latitude": 38.0402, "longitude": 38.2553, "mag": 4.67, "place": "2 km NE of Çelikhan, Turkey", "zone_id": 999, "cluster_id": 684, "shock_type": "FS", "mainshock_zone": 999, "same_zone": 1, "days_difference": 0 }, "geometry": { "type": "Point", "coordinates": [ 38.2553, 38.0402 ] } },
{ "type": "Feature", "properties": { "ID": 673, "date_decimal": 2023.0970319634703, "year": 2023, "month": 2, "day": 6, "latitude": 38.1199, "longitude": 38.3761, "mag": 4.56, "place": "16 km NE of Çelikhan, Turkey", "zone_id": 999, "cluster_id": 684, "shock_type": "FS", "mainshock_zone": 999, "same_zone": 1, "days_difference": 0 }, "geometry": { "type": "Point", "coordinates": [ 38.3761, 38.1199 ] } },
{ "type": "Feature", "properties": { "ID": 697, "date_decimal": 2023.0970319634703, "year": 2023, "month": 2, "day": 6, "latitude": 38.1847, "longitude": 38.6102, "mag": 4.56, "place": "16 km N of Sincik, Turkey", "zone_id": 999, "cluster_id": 684, "shock_type": "FS", "mainshock_zone": 999, "same_zone": 1, "days_difference": 0 }, "geometry": { "type": "Point", "coordinates": [ 38.6102, 38.1847 ] } },
{ "type": "Feature", "properties": { "ID": 672, "date_decimal": 2023.0970319634703, "year": 2023, "month": 2, "day": 6, "latitude": 37.3961, "longitude": 37.1506, "mag": 4.77, "place": "16 km SW of Pazarc?k, Turkey", "zone_id": 999, "cluster_id": 677, "shock_type": "AS", "mainshock_zone": 999, "same_zone": 1, "days_difference": 0 }, "geometry": { "type": "Point", "coordinates": [ 37.1506, 37.3961 ] } },
{ "type": "Feature", "properties": { "ID": 696, "date_decimal": 2023.0970319634703, "year": 2023, "month": 2, "day": 6, "latitude": 37.5236, "longitude": 37.2784, "mag": 4.67, "place": "Central Turkey", "zone_id": 999, "cluster_id": 677, "shock_type": "AS", "mainshock_zone": 999, "same_zone": 1, "days_difference": 0 }, "geometry": { "type": "Point", "coordinates": [ 37.2784, 37.5236 ] } },
{ "type": "Feature", "properties": { "ID": 695, "date_decimal": 2023.0970319634703, "year": 2023, "month": 2, "day": 6, "latitude": 38.1845, "longitude": 38.5342, "mag": 5.18, "place": "17 km NNW of Sincik, Turkey", "zone_id": 999, "cluster_id": 684, "shock_type": "FS", "mainshock_zone": 999, "same_zone": 1, "days_difference": 0 }, "geometry": { "type": "Point", "coordinates": [ 38.5342, 38.1845 ] } },
{ "type": "Feature", "properties": { "ID": 694, "date_decimal": 2023.0970319634703, "year": 2023, "month": 2, "day": 6, "latitude": 37.555, "longitude": 37.2001, "mag": 4.25, "place": "11 km NW of Pazarc?k, Turkey", "zone_id": 999, "cluster_id": 677, "shock_type": "AS", "mainshock_zone": 999, "same_zone": 1, "days_difference": 0 }, "geometry": { "type": "Point", "coordinates": [ 37.2001, 37.555 ] } },
{ "type": "Feature", "properties": { "ID": 693, "date_decimal": 2023.0970319634703, "year": 2023, "month": 2, "day": 6, "latitude": 37.2919, "longitude": 36.8854, "mag": 4.46, "place": "19 km NE of Nurda??, Turkey", "zone_id": 999, "cluster_id": 677, "shock_type": "AS", "mainshock_zone": 999, "same_zone": 1, "days_difference": 0 }, "geometry": { "type": "Point", "coordinates": [ 36.8854, 37.2919 ] } },
{ "type": "Feature", "properties": { "ID": 692, "date_decimal": 2023.0970319634703, "year": 2023, "month": 2, "day": 6, "latitude": 36.3649, "longitude": 36.4413, "mag": 4.56, "place": "2 km NE of Uzunkavak, Turkey", "zone_id": 999, "cluster_id": 683, "shock_type": "AS", "mainshock_zone": 999, "same_zone": 1, "days_difference": 0 }, "geometry": { "type": "Point", "coordinates": [ 36.4413, 36.3649 ] } },
{ "type": "Feature", "properties": { "ID": 691, "date_decimal": 2023.0970319634703, "year": 2023, "month": 2, "day": 6, "latitude": 37.7907, "longitude": 37.4444, "mag": 4.46, "place": "14 km ENE of Ça?layancerit, Turkey", "zone_id": 999, "cluster_id": 677, "shock_type": "AS", "mainshock_zone": 999, "same_zone": 1, "days_difference": 0 }, "geometry": { "type": "Point", "coordinates": [ 37.4444, 37.7907 ] } },
{ "type": "Feature", "properties": { "ID": 689, "date_decimal": 2023.0970319634703, "year": 2023, "month": 2, "day": 6, "latitude": 37.4609, "longitude": 37.1603, "mag": 4.67, "place": "12 km WSW of Pazarc?k, Turkey", "zone_id": 999, "cluster_id": 677, "shock_type": "AS", "mainshock_zone": 999, "same_zone": 1, "days_difference": 0 }, "geometry": { "type": "Point", "coordinates": [ 37.1603, 37.4609 ] } },
{ "type": "Feature", "properties": { "ID": 688, "date_decimal": 2023.0970319634703, "year": 2023, "month": 2, "day": 6, "latitude": 37.7898, "longitude": 37.8568, "mag": 4.77, "place": "5 km W of Tut, Turkey", "zone_id": 999, "cluster_id": 684, "shock_type": "FS", "mainshock_zone": 999, "same_zone": 1, "days_difference": 0 }, "geometry": { "type": "Point", "coordinates": [ 37.8568, 37.7898 ] } },
{ "type": "Feature", "properties": { "ID": 687, "date_decimal": 2023.0970319634703, "year": 2023, "month": 2, "day": 6, "latitude": 37.3768, "longitude": 37.0793, "mag": 4.36, "place": "23 km WSW of Pazarc?k, Turkey", "zone_id": 999, "cluster_id": 677, "shock_type": "AS", "mainshock_zone": 999, "same_zone": 1, "days_difference": 0 }, "geometry": { "type": "Point", "coordinates": [ 37.0793, 37.3768 ] } },
{ "type": "Feature", "properties": { "ID": 686, "date_decimal": 2023.0970319634703, "year": 2023, "month": 2, "day": 6, "latitude": 37.4966, "longitude": 37.1888, "mag": 4.56, "place": "9 km W of Pazarc?k, Turkey", "zone_id": 999, "cluster_id": 677, "shock_type": "AS", "mainshock_zone": 999, "same_zone": 1, "days_difference": 0 }, "geometry": { "type": "Point", "coordinates": [ 37.1888, 37.4966 ] } },
{ "type": "Feature", "properties": { "ID": 690, "date_decimal": 2023.0970319634703, "year": 2023, "month": 2, "day": 6, "latitude": 36.7176, "longitude": 36.4733, "mag": 4.67, "place": "9 km SSW of Hassa, Turkey", "zone_id": 999, "cluster_id": 677, "shock_type": "AS", "mainshock_zone": 999, "same_zone": 1, "days_difference": 0 }, "geometry": { "type": "Point", "coordinates": [ 36.4733, 36.7176 ] } },
{ "type": "Feature", "properties": { "ID": 678, "date_decimal": 2023.0970319634703, "year": 2023, "month": 2, "day": 6, "latitude": 37.9116, "longitude": 38.2366, "mag": 4.67, "place": "12 km S of Çelikhan, Turkey", "zone_id": 103, "cluster_id": 684, "shock_type": "FS", "mainshock_zone": 999, "same_zone": 0, "days_difference": 0 }, "geometry": { "type": "Point", "coordinates": [ 38.2366, 37.9116 ] } },
{ "type": "Feature", "properties": { "ID": 684, "date_decimal": 2023.0970319634703, "year": 2023, "month": 2, "day": 6, "latitude": 38.0197, "longitude": 38.3054, "mag": 4.25, "place": "6 km E of Çelikhan, Turkey", "zone_id": 999, "cluster_id": 684, "shock_type": "FS", "mainshock_zone": 999, "same_zone": 1, "days_difference": 0 }, "geometry": { "type": "Point", "coordinates": [ 38.3054, 38.0197 ] } },
{ "type": "Feature", "properties": { "ID": 683, "date_decimal": 2023.0970319634703, "year": 2023, "month": 2, "day": 6, "latitude": 37.3082, "longitude": 37.7106, "mag": 4.56, "place": "12 km E of Yavuzeli, Turkey", "zone_id": 103, "cluster_id": 677, "shock_type": "AS", "mainshock_zone": 999, "same_zone": 0, "days_difference": 0 }, "geometry": { "type": "Point", "coordinates": [ 37.7106, 37.3082 ] } },
{ "type": "Feature", "properties": { "ID": 682, "date_decimal": 2023.0970319634703, "year": 2023, "month": 2, "day": 6, "latitude": 38.0053, "longitude": 38.042, "mag": 4.56, "place": "17 km W of Çelikhan, Turkey", "zone_id": 999, "cluster_id": 684, "shock_type": "FS", "mainshock_zone": 999, "same_zone": 1, "days_difference": 0 }, "geometry": { "type": "Point", "coordinates": [ 38.042, 38.0053 ] } },
{ "type": "Feature", "properties": { "ID": 681, "date_decimal": 2023.0970319634703, "year": 2023, "month": 2, "day": 6, "latitude": 38.0957, "longitude": 38.2361, "mag": 4.77, "place": "7 km N of Çelikhan, Turkey", "zone_id": 999, "cluster_id": 684, "shock_type": "FS", "mainshock_zone": 999, "same_zone": 1, "days_difference": 0 }, "geometry": { "type": "Point", "coordinates": [ 38.2361, 38.0957 ] } },
{ "type": "Feature", "properties": { "ID": 680, "date_decimal": 2023.0970319634703, "year": 2023, "month": 2, "day": 6, "latitude": 36.4188, "longitude": 36.2183, "mag": 4.56, "place": "6 km N of Serinyol, Turkey", "zone_id": 999, "cluster_id": 683, "shock_type": "AS", "mainshock_zone": 999, "same_zone": 1, "days_difference": 0 }, "geometry": { "type": "Point", "coordinates": [ 36.2183, 36.4188 ] } },
{ "type": "Feature", "properties": { "ID": 679, "date_decimal": 2023.0970319634703, "year": 2023, "month": 2, "day": 6, "latitude": 36.2975, "longitude": 36.2085, "mag": 4.77, "place": "1 km N of Büyük Dalyan, Turkey", "zone_id": 999, "cluster_id": 683, "shock_type": "AS", "mainshock_zone": 999, "same_zone": 1, "days_difference": 0 }, "geometry": { "type": "Point", "coordinates": [ 36.2085, 36.2975 ] } },
{ "type": "Feature", "properties": { "ID": 674, "date_decimal": 2023.0970319634703, "year": 2023, "month": 2, "day": 6, "latitude": 37.4072, "longitude": 36.9513, "mag": 4.46, "place": "19 km S of Kahramanmara?, Turkey", "zone_id": 999, "cluster_id": 677, "shock_type": "AS", "mainshock_zone": 999, "same_zone": 1, "days_difference": 0 }, "geometry": { "type": "Point", "coordinates": [ 36.9513, 37.4072 ] } },
{ "type": "Feature", "properties": { "ID": 677, "date_decimal": 2023.0970319634703, "year": 2023, "month": 2, "day": 6, "latitude": 36.2606, "longitude": 36.2043, "mag": 4.77, "place": "3 km S of Büyük Dalyan, Turkey", "zone_id": 999, "cluster_id": 683, "shock_type": "AS", "mainshock_zone": 999, "same_zone": 1, "days_difference": 0 }, "geometry": { "type": "Point", "coordinates": [ 36.2043, 36.2606 ] } },
{ "type": "Feature", "properties": { "ID": 676, "date_decimal": 2023.0970319634703, "year": 2023, "month": 2, "day": 6, "latitude": 36.3265, "longitude": 36.4042, "mag": 4.56, "place": "Turkey-Syria border region", "zone_id": 999, "cluster_id": 683, "shock_type": "AS", "mainshock_zone": 999, "same_zone": 1, "days_difference": 0 }, "geometry": { "type": "Point", "coordinates": [ 36.4042, 36.3265 ] } },
{ "type": "Feature", "properties": { "ID": 685, "date_decimal": 2023.0970319634703, "year": 2023, "month": 2, "day": 6, "latitude": 37.7999, "longitude": 37.7821, "mag": 4.25, "place": "11 km W of Tut, Turkey", "zone_id": 999, "cluster_id": 684, "shock_type": "FS", "mainshock_zone": 999, "same_zone": 1, "days_difference": 0 }, "geometry": { "type": "Point", "coordinates": [ 37.7821, 37.7999 ] } },
{ "type": "Feature", "properties": { "ID": 675, "date_decimal": 2023.0970319634703, "year": 2023, "month": 2, "day": 6, "latitude": 37.9201, "longitude": 38.4457, "mag": 4.67, "place": "19 km SW of Sincik, Turkey", "zone_id": 30, "cluster_id": 684, "shock_type": "FS", "mainshock_zone": 999, "same_zone": 0, "days_difference": 0 }, "geometry": { "type": "Point", "coordinates": [ 38.4457, 37.9201 ] } },
{ "type": "Feature", "properties": { "ID": 493, "date_decimal": 2023.0997716894976, "year": 2023, "month": 2, "day": 7, "latitude": 38.2171, "longitude": 38.263, "mag": 4.67, "place": "8 km S of Ye?ilyurt, Turkey", "zone_id": 999, "cluster_id": 684, "shock_type": "AS", "mainshock_zone": 999, "same_zone": 1, "days_difference": 1 }, "geometry": { "type": "Point", "coordinates": [ 38.263, 38.2171 ] } },
{ "type": "Feature", "properties": { "ID": 500, "date_decimal": 2023.0997716894976, "year": 2023, "month": 2, "day": 7, "latitude": 37.5226, "longitude": 37.1468, "mag": 4.36, "place": "14 km WNW of Pazarc?k, Turkey", "zone_id": 999, "cluster_id": 677, "shock_type": "AS", "mainshock_zone": 999, "same_zone": 1, "days_difference": 1 }, "geometry": { "type": "Point", "coordinates": [ 37.1468, 37.5226 ] } },
{ "type": "Feature", "properties": { "ID": 491, "date_decimal": 2023.0997716894976, "year": 2023, "month": 2, "day": 7, "latitude": 38.0426, "longitude": 36.5803, "mag": 4.56, "place": "7 km ENE of Göksun, Turkey", "zone_id": 10, "cluster_id": 685, "shock_type": "AS", "mainshock_zone": 10, "same_zone": 1, "days_difference": 1 }, "geometry": { "type": "Point", "coordinates": [ 36.5803, 38.0426 ] } },
{ "type": "Feature", "properties": { "ID": 492, "date_decimal": 2023.0997716894976, "year": 2023, "month": 2, "day": 7, "latitude": 36.0984, "longitude": 35.8449, "mag": 4.67, "place": "17 km WSW of Uzunba?, Turkey", "zone_id": 999, "cluster_id": 683, "shock_type": "AS", "mainshock_zone": 999, "same_zone": 1, "days_difference": 1 }, "geometry": { "type": "Point", "coordinates": [ 35.8449, 36.0984 ] } },
{ "type": "Feature", "properties": { "ID": 494, "date_decimal": 2023.0997716894976, "year": 2023, "month": 2, "day": 7, "latitude": 37.9808, "longitude": 37.6619, "mag": 4.56, "place": "19 km E of Nurhak, Turkey", "zone_id": 999, "cluster_id": 684, "shock_type": "AS", "mainshock_zone": 999, "same_zone": 1, "days_difference": 1 }, "geometry": { "type": "Point", "coordinates": [ 37.6619, 37.9808 ] } },
{ "type": "Feature", "properties": { "ID": 499, "date_decimal": 2023.0997716894976, "year": 2023, "month": 2, "day": 7, "latitude": 38.0164, "longitude": 38.57, "mag": 5.3, "place": "4 km WSW of Sincik, Turkey", "zone_id": 30, "cluster_id": 684, "shock_type": "AS", "mainshock_zone": 999, "same_zone": 0, "days_difference": 1 }, "geometry": { "type": "Point", "coordinates": [ 38.57, 38.0164 ] } },
{ "type": "Feature", "properties": { "ID": 496, "date_decimal": 2023.0997716894976, "year": 2023, "month": 2, "day": 7, "latitude": 37.8696, "longitude": 36.6642, "mag": 4.67, "place": "Central Turkey", "zone_id": 10, "cluster_id": 677, "shock_type": "AS", "mainshock_zone": 999, "same_zone": 0, "days_difference": 1 }, "geometry": { "type": "Point", "coordinates": [ 36.6642, 37.8696 ] } },
{ "type": "Feature", "properties": { "ID": 497, "date_decimal": 2023.0997716894976, "year": 2023, "month": 2, "day": 7, "latitude": 36.0958, "longitude": 35.9441, "mag": 4.77, "place": "9 km WSW of Uzunba?, Turkey", "zone_id": 999, "cluster_id": 683, "shock_type": "AS", "mainshock_zone": 999, "same_zone": 1, "days_difference": 1 }, "geometry": { "type": "Point", "coordinates": [ 35.9441, 36.0958 ] } },
{ "type": "Feature", "properties": { "ID": 498, "date_decimal": 2023.0997716894976, "year": 2023, "month": 2, "day": 7, "latitude": 38.3061, "longitude": 38.1915, "mag": 4.77, "place": "eastern Turkey", "zone_id": 33, "cluster_id": 684, "shock_type": "AS", "mainshock_zone": 999, "same_zone": 0, "days_difference": 1 }, "geometry": { "type": "Point", "coordinates": [ 38.1915, 38.3061 ] } },
{ "type": "Feature", "properties": { "ID": 490, "date_decimal": 2023.0997716894976, "year": 2023, "month": 2, "day": 7, "latitude": 37.3758, "longitude": 37.1447, "mag": 4.7, "place": "18 km SW of Pazarc?k, Turkey", "zone_id": 999, "cluster_id": 677, "shock_type": "AS", "mainshock_zone": 999, "same_zone": 1, "days_difference": 1 }, "geometry": { "type": "Point", "coordinates": [ 37.1447, 37.3758 ] } },
{ "type": "Feature", "properties": { "ID": 495, "date_decimal": 2023.0997716894976, "year": 2023, "month": 2, "day": 7, "latitude": 37.8906, "longitude": 36.6707, "mag": 4.1, "place": "21 km SE of Göksun, Turkey", "zone_id": 10, "cluster_id": 677, "shock_type": "AS", "mainshock_zone": 999, "same_zone": 0, "days_difference": 1 }, "geometry": { "type": "Point", "coordinates": [ 36.6707, 37.8906 ] } },
{ "type": "Feature", "properties": { "ID": 489, "date_decimal": 2023.0997716894976, "year": 2023, "month": 2, "day": 7, "latitude": 37.9939, "longitude": 36.4771, "mag": 5.0, "place": "3 km SSW of Göksun, Turkey", "zone_id": 10, "cluster_id": 685, "shock_type": "AS", "mainshock_zone": 10, "same_zone": 1, "days_difference": 1 }, "geometry": { "type": "Point", "coordinates": [ 36.4771, 37.9939 ] } },
{ "type": "Feature", "properties": { "ID": 476, "date_decimal": 2023.0997716894976, "year": 2023, "month": 2, "day": 7, "latitude": 38.0992, "longitude": 36.5507, "mag": 4.36, "place": "9 km NNE of Göksun, Turkey", "zone_id": 10, "cluster_id": 685, "shock_type": "AS", "mainshock_zone": 10, "same_zone": 1, "days_difference": 1 }, "geometry": { "type": "Point", "coordinates": [ 36.5507, 38.0992 ] } },
{ "type": "Feature", "properties": { "ID": 487, "date_decimal": 2023.0997716894976, "year": 2023, "month": 2, "day": 7, "latitude": 37.9421, "longitude": 37.323, "mag": 4.25, "place": "10 km WSW of Nurhak, Turkey", "zone_id": 10, "cluster_id": 677, "shock_type": "AS", "mainshock_zone": 999, "same_zone": 0, "days_difference": 1 }, "geometry": { "type": "Point", "coordinates": [ 37.323, 37.9421 ] } },
{ "type": "Feature", "properties": { "ID": 486, "date_decimal": 2023.0997716894976, "year": 2023, "month": 2, "day": 7, "latitude": 37.8896, "longitude": 37.6276, "mag": 4.36, "place": "Central Turkey", "zone_id": 999, "cluster_id": 684, "shock_type": "AS", "mainshock_zone": 999, "same_zone": 1, "days_difference": 1 }, "geometry": { "type": "Point", "coordinates": [ 37.6276, 37.8896 ] } },
{ "type": "Feature", "properties": { "ID": 485, "date_decimal": 2023.0997716894976, "year": 2023, "month": 2, "day": 7, "latitude": 38.0002, "longitude": 36.4438, "mag": 4.36, "place": "5 km WSW of Göksun, Turkey", "zone_id": 10, "cluster_id": 685, "shock_type": "AS", "mainshock_zone": 10, "same_zone": 1, "days_difference": 1 }, "geometry": { "type": "Point", "coordinates": [ 36.4438, 38.0002 ] } },
{ "type": "Feature", "properties": { "ID": 484, "date_decimal": 2023.0997716894976, "year": 2023, "month": 2, "day": 7, "latitude": 37.9358, "longitude": 36.6013, "mag": 5.3, "place": "Central Turkey", "zone_id": 10, "cluster_id": 677, "shock_type": "AS", "mainshock_zone": 999, "same_zone": 0, "days_difference": 1 }, "geometry": { "type": "Point", "coordinates": [ 36.6013, 37.9358 ] } },
{ "type": "Feature", "properties": { "ID": 483, "date_decimal": 2023.0997716894976, "year": 2023, "month": 2, "day": 7, "latitude": 37.8659, "longitude": 38.2929, "mag": 4.56, "place": "11 km N of Ad?yaman, Turkey", "zone_id": 103, "cluster_id": 684, "shock_type": "AS", "mainshock_zone": 999, "same_zone": 0, "days_difference": 1 }, "geometry": { "type": "Point", "coordinates": [ 38.2929, 37.8659 ] } },
{ "type": "Feature", "properties": { "ID": 482, "date_decimal": 2023.0997716894976, "year": 2023, "month": 2, "day": 7, "latitude": 37.9172, "longitude": 42.8093, "mag": 4.56, "place": "14 km E of Gökbudak, Turkey", "zone_id": 87, "cluster_id": 0, "shock_type": "MS", "mainshock_zone": 87, "same_zone": 1, "days_difference": 1 }, "geometry": { "type": "Point", "coordinates": [ 42.8093, 37.9172 ] } },
{ "type": "Feature", "properties": { "ID": 481, "date_decimal": 2023.0997716894976, "year": 2023, "month": 2, "day": 7, "latitude": 38.0472, "longitude": 36.9204, "mag": 4.4, "place": "Central Turkey", "zone_id": 10, "cluster_id": 685, "shock_type": "AS", "mainshock_zone": 10, "same_zone": 1, "days_difference": 1 }, "geometry": { "type": "Point", "coordinates": [ 36.9204, 38.0472 ] } },
{ "type": "Feature", "properties": { "ID": 480, "date_decimal": 2023.0997716894976, "year": 2023, "month": 2, "day": 7, "latitude": 38.5889, "longitude": 39.9722, "mag": 4.6, "place": "eastern Turkey", "zone_id": 999, "cluster_id": 692, "shock_type": "FS", "mainshock_zone": 999, "same_zone": 1, "days_difference": 1 }, "geometry": { "type": "Point", "coordinates": [ 39.9722, 38.5889 ] } },
{ "type": "Feature", "properties": { "ID": 479, "date_decimal": 2023.0997716894976, "year": 2023, "month": 2, "day": 7, "latitude": 37.904, "longitude": 37.4957, "mag": 4.7, "place": "Central Turkey", "zone_id": 999, "cluster_id": 677, "shock_type": "AS", "mainshock_zone": 999, "same_zone": 1, "days_difference": 1 }, "geometry": { "type": "Point", "coordinates": [ 37.4957, 37.904 ] } },
{ "type": "Feature", "properties": { "ID": 478, "date_decimal": 2023.0997716894976, "year": 2023, "month": 2, "day": 7, "latitude": 37.4201, "longitude": 36.9564, "mag": 4.25, "place": "18 km S of Kahramanmara?, Turkey", "zone_id": 999, "cluster_id": 677, "shock_type": "AS", "mainshock_zone": 999, "same_zone": 1, "days_difference": 1 }, "geometry": { "type": "Point", "coordinates": [ 36.9564, 37.4201 ] } },
{ "type": "Feature", "properties": { "ID": 477, "date_decimal": 2023.0997716894976, "year": 2023, "month": 2, "day": 7, "latitude": 38.0663, "longitude": 36.5541, "mag": 4.36, "place": "Central Turkey", "zone_id": 10, "cluster_id": 685, "shock_type": "AS", "mainshock_zone": 10, "same_zone": 1, "days_difference": 1 }, "geometry": { "type": "Point", "coordinates": [ 36.5541, 38.0663 ] } },
{ "type": "Feature", "properties": { "ID": 475, "date_decimal": 2023.0997716894976, "year": 2023, "month": 2, "day": 7, "latitude": 36.0927, "longitude": 35.8637, "mag": 4.67, "place": "Central Turkey", "zone_id": 999, "cluster_id": 683, "shock_type": "AS", "mainshock_zone": 999, "same_zone": 1, "days_difference": 1 }, "geometry": { "type": "Point", "coordinates": [ 35.8637, 36.0927 ] } },
{ "type": "Feature", "properties": { "ID": 501, "date_decimal": 2023.0997716894976, "year": 2023, "month": 2, "day": 7, "latitude": 38.1471, "longitude": 36.3693, "mag": 4.36, "place": "17 km NW of Göksun, Turkey", "zone_id": 9, "cluster_id": 685, "shock_type": "AS", "mainshock_zone": 10, "same_zone": 0, "days_difference": 1 }, "geometry": { "type": "Point", "coordinates": [ 36.3693, 38.1471 ] } },
{ "type": "Feature", "properties": { "ID": 488, "date_decimal": 2023.0997716894976, "year": 2023, "month": 2, "day": 7, "latitude": 36.0086, "longitude": 35.9967, "mag": 4.36, "place": "Central Turkey", "zone_id": 999, "cluster_id": 683, "shock_type": "AS", "mainshock_zone": 999, "same_zone": 1, "days_difference": 1 }, "geometry": { "type": "Point", "coordinates": [ 35.9967, 36.0086 ] } },
{ "type": "Feature", "properties": { "ID": 502, "date_decimal": 2023.0997716894976, "year": 2023, "month": 2, "day": 7, "latitude": 37.8817, "longitude": 37.528, "mag": 4.2, "place": "11 km SE of Nurhak, Turkey", "zone_id": 999, "cluster_id": 677, "shock_type": "AS", "mainshock_zone": 999, "same_zone": 1, "days_difference": 1 }, "geometry": { "type": "Point", "coordinates": [ 37.528, 37.8817 ] } },
{ "type": "Feature", "properties": { "ID": 512, "date_decimal": 2023.0997716894976, "year": 2023, "month": 2, "day": 7, "latitude": 36.1531, "longitude": 36.3488, "mag": 4.4, "place": "Turkey-Syria border region", "zone_id": 999, "cluster_id": 683, "shock_type": "AS", "mainshock_zone": 999, "same_zone": 1, "days_difference": 1 }, "geometry": { "type": "Point", "coordinates": [ 36.3488, 36.1531 ] } },
{ "type": "Feature", "properties": { "ID": 504, "date_decimal": 2023.0997716894976, "year": 2023, "month": 2, "day": 7, "latitude": 36.5768, "longitude": 36.4539, "mag": 4.46, "place": "12 km NE of K?r?khan, Turkey", "zone_id": 999, "cluster_id": 677, "shock_type": "AS", "mainshock_zone": 999, "same_zone": 1, "days_difference": 1 }, "geometry": { "type": "Point", "coordinates": [ 36.4539, 36.5768 ] } },
{ "type": "Feature", "properties": { "ID": 503, "date_decimal": 2023.0997716894976, "year": 2023, "month": 2, "day": 7, "latitude": 38.1372, "longitude": 38.537, "mag": 4.46, "place": "13 km NNW of Sincik, Turkey", "zone_id": 999, "cluster_id": 684, "shock_type": "AS", "mainshock_zone": 999, "same_zone": 1, "days_difference": 1 }, "geometry": { "type": "Point", "coordinates": [ 38.537, 38.1372 ] } },
{ "type": "Feature", "properties": { "ID": 531, "date_decimal": 2023.0997716894976, "year": 2023, "month": 2, "day": 7, "latitude": 37.8431, "longitude": 36.6148, "mag": 4.36, "place": "22 km SSE of Göksun, Turkey", "zone_id": 10, "cluster_id": 677, "shock_type": "AS", "mainshock_zone": 999, "same_zone": 0, "days_difference": 1 }, "geometry": { "type": "Point", "coordinates": [ 36.6148, 37.8431 ] } },
{ "type": "Feature", "properties": { "ID": 530, "date_decimal": 2023.0997716894976, "year": 2023, "month": 2, "day": 7, "latitude": 38.0195, "longitude": 36.4624, "mag": 4.46, "place": "3 km W of Göksun, Turkey", "zone_id": 10, "cluster_id": 685, "shock_type": "AS", "mainshock_zone": 10, "same_zone": 1, "days_difference": 1 }, "geometry": { "type": "Point", "coordinates": [ 36.4624, 38.0195 ] } },
{ "type": "Feature", "properties": { "ID": 529, "date_decimal": 2023.0997716894976, "year": 2023, "month": 2, "day": 7, "latitude": 38.0903, "longitude": 36.7693, "mag": 4.36, "place": "21 km SW of Af?in, Turkey", "zone_id": 10, "cluster_id": 685, "shock_type": "AS", "mainshock_zone": 10, "same_zone": 1, "days_difference": 1 }, "geometry": { "type": "Point", "coordinates": [ 36.7693, 38.0903 ] } },
{ "type": "Feature", "properties": { "ID": 528, "date_decimal": 2023.0997716894976, "year": 2023, "month": 2, "day": 7, "latitude": 38.0152, "longitude": 36.5543, "mag": 4.56, "place": "5 km E of Göksun, Turkey", "zone_id": 10, "cluster_id": 685, "shock_type": "AS", "mainshock_zone": 10, "same_zone": 1, "days_difference": 1 }, "geometry": { "type": "Point", "coordinates": [ 36.5543, 38.0152 ] } },
{ "type": "Feature", "properties": { "ID": 527, "date_decimal": 2023.0997716894976, "year": 2023, "month": 2, "day": 7, "latitude": 37.4326, "longitude": 37.0521, "mag": 4.56, "place": "20 km SSE of Kahramanmara?, Turkey", "zone_id": 999, "cluster_id": 677, "shock_type": "AS", "mainshock_zone": 999, "same_zone": 1, "days_difference": 1 }, "geometry": { "type": "Point", "coordinates": [ 37.0521, 37.4326 ] } },
{ "type": "Feature", "properties": { "ID": 525, "date_decimal": 2023.0997716894976, "year": 2023, "month": 2, "day": 7, "latitude": 38.6041, "longitude": 37.5154, "mag": 4.36, "place": "6 km N of Darende, Turkey", "zone_id": 9, "cluster_id": 687, "shock_type": "AS", "mainshock_zone": 9, "same_zone": 1, "days_difference": 1 }, "geometry": { "type": "Point", "coordinates": [ 37.5154, 38.6041 ] } },
{ "type": "Feature", "properties": { "ID": 524, "date_decimal": 2023.0997716894976, "year": 2023, "month": 2, "day": 7, "latitude": 38.1044, "longitude": 36.9078, "mag": 4.56, "place": "15 km S of Af?in, Turkey", "zone_id": 10, "cluster_id": 685, "shock_type": "AS", "mainshock_zone": 10, "same_zone": 1, "days_difference": 1 }, "geometry": { "type": "Point", "coordinates": [ 36.9078, 38.1044 ] } },
{ "type": "Feature", "properties": { "ID": 523, "date_decimal": 2023.0997716894976, "year": 2023, "month": 2, "day": 7, "latitude": 35.9675, "longitude": 35.9849, "mag": 4.7, "place": "10 km NW of Yaylada??, Turkey", "zone_id": 999, "cluster_id": 683, "shock_type": "AS", "mainshock_zone": 999, "same_zone": 1, "days_difference": 1 }, "geometry": { "type": "Point", "coordinates": [ 35.9849, 35.9675 ] } },
{ "type": "Feature", "properties": { "ID": 522, "date_decimal": 2023.0997716894976, "year": 2023, "month": 2, "day": 7, "latitude": 38.0387, "longitude": 36.5733, "mag": 4.56, "place": "6 km ENE of Göksun, Turkey", "zone_id": 10, "cluster_id": 685, "shock_type": "AS", "mainshock_zone": 10, "same_zone": 1, "days_difference": 1 }, "geometry": { "type": "Point", "coordinates": [ 36.5733, 38.0387 ] } },
{ "type": "Feature", "properties": { "ID": 521, "date_decimal": 2023.0997716894976, "year": 2023, "month": 2, "day": 7, "latitude": 37.3373, "longitude": 37.1197, "mag": 4.46, "place": "23 km SW of Pazarc?k, Turkey", "zone_id": 999, "cluster_id": 677, "shock_type": "AS", "mainshock_zone": 999, "same_zone": 1, "days_difference": 1 }, "geometry": { "type": "Point", "coordinates": [ 37.1197, 37.3373 ] } },
{ "type": "Feature", "properties": { "ID": 520, "date_decimal": 2023.0997716894976, "year": 2023, "month": 2, "day": 7, "latitude": 37.917, "longitude": 37.6406, "mag": 4.8, "place": "14 km N of Gölba??, Turkey", "zone_id": 999, "cluster_id": 684, "shock_type": "AS", "mainshock_zone": 999, "same_zone": 1, "days_difference": 1 }, "geometry": { "type": "Point", "coordinates": [ 37.6406, 37.917 ] } },
{ "type": "Feature", "properties": { "ID": 519, "date_decimal": 2023.0997716894976, "year": 2023, "month": 2, "day": 7, "latitude": 37.7639, "longitude": 37.7309, "mag": 5.5, "place": "8 km ESE of Gölba??, Turkey", "zone_id": 999, "cluster_id": 677, "shock_type": "AS", "mainshock_zone": 999, "same_zone": 1, "days_difference": 1 }, "geometry": { "type": "Point", "coordinates": [ 37.7309, 37.7639 ] } },
{ "type": "Feature", "properties": { "ID": 526, "date_decimal": 2023.0997716894976, "year": 2023, "month": 2, "day": 7, "latitude": 38.0265, "longitude": 37.5093, "mag": 4.25, "place": "9 km NE of Nurhak, Turkey", "zone_id": 10, "cluster_id": 684, "shock_type": "AS", "mainshock_zone": 999, "same_zone": 0, "days_difference": 1 }, "geometry": { "type": "Point", "coordinates": [ 37.5093, 38.0265 ] } },
{ "type": "Feature", "properties": { "ID": 517, "date_decimal": 2023.0997716894976, "year": 2023, "month": 2, "day": 7, "latitude": 37.748, "longitude": 37.6323, "mag": 4.46, "place": "3 km S of Gölba??, Turkey", "zone_id": 999, "cluster_id": 677, "shock_type": "AS", "mainshock_zone": 999, "same_zone": 1, "days_difference": 1 }, "geometry": { "type": "Point", "coordinates": [ 37.6323, 37.748 ] } },
{ "type": "Feature", "properties": { "ID": 518, "date_decimal": 2023.0997716894976, "year": 2023, "month": 2, "day": 7, "latitude": 37.6089, "longitude": 37.3755, "mag": 4.77, "place": "15 km NNE of Pazarc?k, Turkey", "zone_id": 999, "cluster_id": 677, "shock_type": "AS", "mainshock_zone": 999, "same_zone": 1, "days_difference": 1 }, "geometry": { "type": "Point", "coordinates": [ 37.3755, 37.6089 ] } },
{ "type": "Feature", "properties": { "ID": 505, "date_decimal": 2023.0997716894976, "year": 2023, "month": 2, "day": 7, "latitude": 36.8855, "longitude": 36.6006, "mag": 4.36, "place": "12 km NE of Hassa, Turkey", "zone_id": 999, "cluster_id": 677, "shock_type": "AS", "mainshock_zone": 999, "same_zone": 1, "days_difference": 1 }, "geometry": { "type": "Point", "coordinates": [ 36.6006, 36.8855 ] } },
{ "type": "Feature", "properties": { "ID": 506, "date_decimal": 2023.0997716894976, "year": 2023, "month": 2, "day": 7, "latitude": 38.0311, "longitude": 37.5813, "mag": 4.56, "place": "14 km ENE of Nurhak, Turkey", "zone_id": 10, "cluster_id": 684, "shock_type": "AS", "mainshock_zone": 999, "same_zone": 0, "days_difference": 1 }, "geometry": { "type": "Point", "coordinates": [ 37.5813, 38.0311 ] } },
{ "type": "Feature", "properties": { "ID": 507, "date_decimal": 2023.0997716894976, "year": 2023, "month": 2, "day": 7, "latitude": 38.0971, "longitude": 38.6398, "mag": 5.4, "place": "7 km NNE of Sincik, Turkey", "zone_id": 30, "cluster_id": 684, "shock_type": "AS", "mainshock_zone": 999, "same_zone": 0, "days_difference": 1 }, "geometry": { "type": "Point", "coordinates": [ 38.6398, 38.0971 ] } },
{ "type": "Feature", "properties": { "ID": 509, "date_decimal": 2023.0997716894976, "year": 2023, "month": 2, "day": 7, "latitude": 38.0342, "longitude": 36.455, "mag": 4.5, "place": "3 km WNW of Göksun, Turkey", "zone_id": 10, "cluster_id": 685, "shock_type": "AS", "mainshock_zone": 10, "same_zone": 1, "days_difference": 1 }, "geometry": { "type": "Point", "coordinates": [ 36.455, 38.0342 ] } },
{ "type": "Feature", "properties": { "ID": 510, "date_decimal": 2023.0997716894976, "year": 2023, "month": 2, "day": 7, "latitude": 37.3357, "longitude": 36.8762, "mag": 4.36, "place": "22 km NE of Nurda??, Turkey", "zone_id": 999, "cluster_id": 677, "shock_type": "AS", "mainshock_zone": 999, "same_zone": 1, "days_difference": 1 }, "geometry": { "type": "Point", "coordinates": [ 36.8762, 37.3357 ] } },
{ "type": "Feature", "properties": { "ID": 508, "date_decimal": 2023.0997716894976, "year": 2023, "month": 2, "day": 7, "latitude": 38.3144, "longitude": 37.5808, "mag": 4.5, "place": "26 km SSE of Darende, Turkey", "zone_id": 10, "cluster_id": 684, "shock_type": "AS", "mainshock_zone": 999, "same_zone": 0, "days_difference": 1 }, "geometry": { "type": "Point", "coordinates": [ 37.5808, 38.3144 ] } },
{ "type": "Feature", "properties": { "ID": 511, "date_decimal": 2023.0997716894976, "year": 2023, "month": 2, "day": 7, "latitude": 38.0668, "longitude": 38.1413, "mag": 4.25, "place": "9 km WNW of Çelikhan, Turkey", "zone_id": 999, "cluster_id": 684, "shock_type": "AS", "mainshock_zone": 999, "same_zone": 1, "days_difference": 1 }, "geometry": { "type": "Point", "coordinates": [ 38.1413, 38.0668 ] } },
{ "type": "Feature", "properties": { "ID": 513, "date_decimal": 2023.0997716894976, "year": 2023, "month": 2, "day": 7, "latitude": 36.8131, "longitude": 36.6306, "mag": 4.56, "place": "7 km ENE of A?a?? Karafak?l?, Turkey", "zone_id": 999, "cluster_id": 677, "shock_type": "AS", "mainshock_zone": 999, "same_zone": 1, "days_difference": 1 }, "geometry": { "type": "Point", "coordinates": [ 36.6306, 36.8131 ] } },
{ "type": "Feature", "properties": { "ID": 514, "date_decimal": 2023.0997716894976, "year": 2023, "month": 2, "day": 7, "latitude": 37.7181, "longitude": 37.4217, "mag": 4.25, "place": "Kahramanmaras Earthquake Sequence", "zone_id": 999, "cluster_id": 677, "shock_type": "AS", "mainshock_zone": 999, "same_zone": 1, "days_difference": 1 }, "geometry": { "type": "Point", "coordinates": [ 37.4217, 37.7181 ] } },
{ "type": "Feature", "properties": { "ID": 515, "date_decimal": 2023.0997716894976, "year": 2023, "month": 2, "day": 7, "latitude": 37.507, "longitude": 37.227, "mag": 4.2, "place": "6 km WNW of Pazarc?k, Turkey", "zone_id": 999, "cluster_id": 677, "shock_type": "AS", "mainshock_zone": 999, "same_zone": 1, "days_difference": 1 }, "geometry": { "type": "Point", "coordinates": [ 37.227, 37.507 ] } },
{ "type": "Feature", "properties": { "ID": 516, "date_decimal": 2023.0997716894976, "year": 2023, "month": 2, "day": 7, "latitude": 36.2678, "longitude": 36.2151, "mag": 4.46, "place": "2 km SSE of Büyük Dalyan, Turkey", "zone_id": 999, "cluster_id": 683, "shock_type": "AS", "mainshock_zone": 999, "same_zone": 1, "days_difference": 1 }, "geometry": { "type": "Point", "coordinates": [ 36.2151, 36.2678 ] } },
{ "type": "Feature", "properties": { "ID": 450, "date_decimal": 2023.102511415525, "year": 2023, "month": 2, "day": 8, "latitude": 37.8218, "longitude": 36.5994, "mag": 4.3, "place": "Central Turkey", "zone_id": 10, "cluster_id": 677, "shock_type": "AS", "mainshock_zone": 999, "same_zone": 0, "days_difference": 2 }, "geometry": { "type": "Point", "coordinates": [ 36.5994, 37.8218 ] } },
{ "type": "Feature", "properties": { "ID": 454, "date_decimal": 2023.102511415525, "year": 2023, "month": 2, "day": 8, "latitude": 37.9963, "longitude": 37.4325, "mag": 5.1, "place": "3 km N of Nurhak, Turkey", "zone_id": 10, "cluster_id": 686, "shock_type": "AS", "mainshock_zone": 10, "same_zone": 1, "days_difference": 2 }, "geometry": { "type": "Point", "coordinates": [ 37.4325, 37.9963 ] } },
{ "type": "Feature", "properties": { "ID": 453, "date_decimal": 2023.102511415525, "year": 2023, "month": 2, "day": 8, "latitude": 38.0953, "longitude": 36.6525, "mag": 4.56, "place": "15 km ENE of Göksun, Turkey", "zone_id": 10, "cluster_id": 685, "shock_type": "AS", "mainshock_zone": 10, "same_zone": 1, "days_difference": 2 }, "geometry": { "type": "Point", "coordinates": [ 36.6525, 38.0953 ] } },
{ "type": "Feature", "properties": { "ID": 452, "date_decimal": 2023.102511415525, "year": 2023, "month": 2, "day": 8, "latitude": 38.0396, "longitude": 38.5055, "mag": 4.46, "place": "eastern Turkey", "zone_id": 30, "cluster_id": 684, "shock_type": "AS", "mainshock_zone": 999, "same_zone": 0, "days_difference": 2 }, "geometry": { "type": "Point", "coordinates": [ 38.5055, 38.0396 ] } },
{ "type": "Feature", "properties": { "ID": 451, "date_decimal": 2023.102511415525, "year": 2023, "month": 2, "day": 8, "latitude": 38.0391, "longitude": 36.953, "mag": 4.46, "place": "Central Turkey", "zone_id": 10, "cluster_id": 685, "shock_type": "AS", "mainshock_zone": 10, "same_zone": 1, "days_difference": 2 }, "geometry": { "type": "Point", "coordinates": [ 36.953, 38.0391 ] } },
{ "type": "Feature", "properties": { "ID": 455, "date_decimal": 2023.102511415525, "year": 2023, "month": 2, "day": 8, "latitude": 37.9312, "longitude": 38.2283, "mag": 4.25, "place": "10 km S of Çelikhan, Turkey", "zone_id": 103, "cluster_id": 684, "shock_type": "AS", "mainshock_zone": 999, "same_zone": 0, "days_difference": 2 }, "geometry": { "type": "Point", "coordinates": [ 38.2283, 37.9312 ] } },
{ "type": "Feature", "properties": { "ID": 449, "date_decimal": 2023.102511415525, "year": 2023, "month": 2, "day": 8, "latitude": 38.0244, "longitude": 37.1589, "mag": 4.56, "place": "4 km SSW of Ekinözü, Turkey", "zone_id": 10, "cluster_id": 686, "shock_type": "AS", "mainshock_zone": 10, "same_zone": 1, "days_difference": 2 }, "geometry": { "type": "Point", "coordinates": [ 37.1589, 38.0244 ] } },
{ "type": "Feature", "properties": { "ID": 443, "date_decimal": 2023.102511415525, "year": 2023, "month": 2, "day": 8, "latitude": 38.2135, "longitude": 38.1703, "mag": 4.15, "place": "11 km SW of Ye?ilyurt, Turkey", "zone_id": 33, "cluster_id": 684, "shock_type": "AS", "mainshock_zone": 999, "same_zone": 0, "days_difference": 2 }, "geometry": { "type": "Point", "coordinates": [ 38.1703, 38.2135 ] } },
{ "type": "Feature", "properties": { "ID": 447, "date_decimal": 2023.102511415525, "year": 2023, "month": 2, "day": 8, "latitude": 37.5096, "longitude": 37.116, "mag": 4.56, "place": "16 km W of Pazarc?k, Turkey", "zone_id": 999, "cluster_id": 677, "shock_type": "AS", "mainshock_zone": 999, "same_zone": 1, "days_difference": 2 }, "geometry": { "type": "Point", "coordinates": [ 37.116, 37.5096 ] } },
{ "type": "Feature", "properties": { "ID": 446, "date_decimal": 2023.102511415525, "year": 2023, "month": 2, "day": 8, "latitude": 38.0531, "longitude": 36.5409, "mag": 4.67, "place": "5 km NE of Göksun, Turkey", "zone_id": 10, "cluster_id": 685, "shock_type": "AS", "mainshock_zone": 10, "same_zone": 1, "days_difference": 2 }, "geometry": { "type": "Point", "coordinates": [ 36.5409, 38.0531 ] } },
{ "type": "Feature", "properties": { "ID": 445, "date_decimal": 2023.102511415525, "year": 2023, "month": 2, "day": 8, "latitude": 36.3313, "longitude": 36.0996, "mag": 4.36, "place": "Turkey-Syria border region", "zone_id": 999, "cluster_id": 683, "shock_type": "AS", "mainshock_zone": 999, "same_zone": 1, "days_difference": 2 }, "geometry": { "type": "Point", "coordinates": [ 36.0996, 36.3313 ] } },
{ "type": "Feature", "properties": { "ID": 444, "date_decimal": 2023.102511415525, "year": 2023, "month": 2, "day": 8, "latitude": 38.1972, "longitude": 38.1247, "mag": 4.67, "place": "15 km SW of Ye?ilyurt, Turkey", "zone_id": 33, "cluster_id": 684, "shock_type": "AS", "mainshock_zone": 999, "same_zone": 0, "days_difference": 2 }, "geometry": { "type": "Point", "coordinates": [ 38.1247, 38.1972 ] } },
{ "type": "Feature", "properties": { "ID": 442, "date_decimal": 2023.102511415525, "year": 2023, "month": 2, "day": 8, "latitude": 38.512, "longitude": 40.4236, "mag": 4.36, "place": "12 km NNE of Hani, Turkey", "zone_id": 30, "cluster_id": 689, "shock_type": "AS", "mainshock_zone": 30, "same_zone": 1, "days_difference": 2 }, "geometry": { "type": "Point", "coordinates": [ 40.4236, 38.512 ] } },
{ "type": "Feature", "properties": { "ID": 456, "date_decimal": 2023.102511415525, "year": 2023, "month": 2, "day": 8, "latitude": 38.8457, "longitude": 37.2766, "mag": 4.25, "place": "Central Turkey", "zone_id": 9, "cluster_id": 687, "shock_type": "AS", "mainshock_zone": 9, "same_zone": 1, "days_difference": 2 }, "geometry": { "type": "Point", "coordinates": [ 37.2766, 38.8457 ] } },
{ "type": "Feature", "properties": { "ID": 448, "date_decimal": 2023.102511415525, "year": 2023, "month": 2, "day": 8, "latitude": 39.7542, "longitude": 40.744, "mag": 4.56, "place": "18 km SSE of A?kale, Turkey", "zone_id": 61, "cluster_id": 0, "shock_type": "MS", "mainshock_zone": 61, "same_zone": 1, "days_difference": 2 }, "geometry": { "type": "Point", "coordinates": [ 40.744, 39.7542 ] } },
{ "type": "Feature", "properties": { "ID": 457, "date_decimal": 2023.102511415525, "year": 2023, "month": 2, "day": 8, "latitude": 38.0802, "longitude": 36.8835, "mag": 4.15, "place": "18 km S of Af?in, Turkey", "zone_id": 10, "cluster_id": 685, "shock_type": "AS", "mainshock_zone": 10, "same_zone": 1, "days_difference": 2 }, "geometry": { "type": "Point", "coordinates": [ 36.8835, 38.0802 ] } },
{ "type": "Feature", "properties": { "ID": 466, "date_decimal": 2023.102511415525, "year": 2023, "month": 2, "day": 8, "latitude": 36.3259, "longitude": 36.2434, "mag": 4.25, "place": "4 km SE of Serinyol, Turkey", "zone_id": 999, "cluster_id": 683, "shock_type": "AS", "mainshock_zone": 999, "same_zone": 1, "days_difference": 2 }, "geometry": { "type": "Point", "coordinates": [ 36.2434, 36.3259 ] } },
{ "type": "Feature", "properties": { "ID": 459, "date_decimal": 2023.102511415525, "year": 2023, "month": 2, "day": 8, "latitude": 37.9389, "longitude": 37.6611, "mag": 5.4, "place": "17 km N of Gölba??, Turkey", "zone_id": 999, "cluster_id": 684, "shock_type": "AS", "mainshock_zone": 999, "same_zone": 1, "days_difference": 2 }, "geometry": { "type": "Point", "coordinates": [ 37.6611, 37.9389 ] } },
{ "type": "Feature", "properties": { "ID": 474, "date_decimal": 2023.102511415525, "year": 2023, "month": 2, "day": 8, "latitude": 38.0835, "longitude": 37.1939, "mag": 4.25, "place": "2 km NNE of Ekinözü, Turkey", "zone_id": 10, "cluster_id": 686, "shock_type": "AS", "mainshock_zone": 10, "same_zone": 1, "days_difference": 2 }, "geometry": { "type": "Point", "coordinates": [ 37.1939, 38.0835 ] } },
{ "type": "Feature", "properties": { "ID": 473, "date_decimal": 2023.102511415525, "year": 2023, "month": 2, "day": 8, "latitude": 37.8759, "longitude": 38.1193, "mag": 4.46, "place": "18 km NW of Ad?yaman, Turkey", "zone_id": 103, "cluster_id": 684, "shock_type": "AS", "mainshock_zone": 999, "same_zone": 0, "days_difference": 2 }, "geometry": { "type": "Point", "coordinates": [ 38.1193, 37.8759 ] } },
{ "type": "Feature", "properties": { "ID": 458, "date_decimal": 2023.102511415525, "year": 2023, "month": 2, "day": 8, "latitude": 37.9367, "longitude": 37.6179, "mag": 4.5, "place": "Central Turkey", "zone_id": 999, "cluster_id": 684, "shock_type": "AS", "mainshock_zone": 999, "same_zone": 1, "days_difference": 2 }, "geometry": { "type": "Point", "coordinates": [ 37.6179, 37.9367 ] } },
{ "type": "Feature", "properties": { "ID": 471, "date_decimal": 2023.102511415525, "year": 2023, "month": 2, "day": 8, "latitude": 37.1511, "longitude": 36.671, "mag": 4.46, "place": "6 km WSW of Nurda??, Turkey", "zone_id": 999, "cluster_id": 677, "shock_type": "AS", "mainshock_zone": 999, "same_zone": 1, "days_difference": 2 }, "geometry": { "type": "Point", "coordinates": [ 36.671, 37.1511 ] } },
{ "type": "Feature", "properties": { "ID": 470, "date_decimal": 2023.102511415525, "year": 2023, "month": 2, "day": 8, "latitude": 38.0593, "longitude": 36.7087, "mag": 4.2, "place": "19 km ENE of Göksun, Turkey", "zone_id": 10, "cluster_id": 685, "shock_type": "AS", "mainshock_zone": 10, "same_zone": 1, "days_difference": 2 }, "geometry": { "type": "Point", "coordinates": [ 36.7087, 38.0593 ] } },
{ "type": "Feature", "properties": { "ID": 469, "date_decimal": 2023.102511415525, "year": 2023, "month": 2, "day": 8, "latitude": 37.9558, "longitude": 38.313, "mag": 4.56, "place": "10 km SE of Çelikhan, Turkey", "zone_id": 30, "cluster_id": 684, "shock_type": "AS", "mainshock_zone": 999, "same_zone": 0, "days_difference": 2 }, "geometry": { "type": "Point", "coordinates": [ 38.313, 37.9558 ] } },
{ "type": "Feature", "properties": { "ID": 468, "date_decimal": 2023.102511415525, "year": 2023, "month": 2, "day": 8, "latitude": 36.2022, "longitude": 36.1959, "mag": 4.67, "place": "3 km E of Antakya, Turkey", "zone_id": 999, "cluster_id": 683, "shock_type": "AS", "mainshock_zone": 999, "same_zone": 1, "days_difference": 2 }, "geometry": { "type": "Point", "coordinates": [ 36.1959, 36.2022 ] } },
{ "type": "Feature", "properties": { "ID": 472, "date_decimal": 2023.102511415525, "year": 2023, "month": 2, "day": 8, "latitude": 37.1601, "longitude": 36.6433, "mag": 4.25, "place": "7 km SE of Bahçe, Turkey", "zone_id": 999, "cluster_id": 672, "shock_type": "AS", "mainshock_zone": 6, "same_zone": 0, "days_difference": 2 }, "geometry": { "type": "Point", "coordinates": [ 36.6433, 37.1601 ] } },
{ "type": "Feature", "properties": { "ID": 465, "date_decimal": 2023.102511415525, "year": 2023, "month": 2, "day": 8, "latitude": 38.0061, "longitude": 36.4959, "mag": 5.0, "place": "1 km S of Göksun, Turkey", "zone_id": 10, "cluster_id": 685, "shock_type": "AS", "mainshock_zone": 10, "same_zone": 1, "days_difference": 2 }, "geometry": { "type": "Point", "coordinates": [ 36.4959, 38.0061 ] } },
{ "type": "Feature", "properties": { "ID": 464, "date_decimal": 2023.102511415525, "year": 2023, "month": 2, "day": 8, "latitude": 37.8795, "longitude": 37.7666, "mag": 4.1, "place": "15 km NE of Gölba??, Turkey", "zone_id": 999, "cluster_id": 684, "shock_type": "AS", "mainshock_zone": 999, "same_zone": 1, "days_difference": 2 }, "geometry": { "type": "Point", "coordinates": [ 37.7666, 37.8795 ] } },
{ "type": "Feature", "properties": { "ID": 463, "date_decimal": 2023.102511415525, "year": 2023, "month": 2, "day": 8, "latitude": 36.6565, "longitude": 36.5077, "mag": 4.46, "place": "14 km SSW of A?a?? Karafak?l?, Turkey", "zone_id": 999, "cluster_id": 677, "shock_type": "AS", "mainshock_zone": 999, "same_zone": 1, "days_difference": 2 }, "geometry": { "type": "Point", "coordinates": [ 36.5077, 36.6565 ] } },
{ "type": "Feature", "properties": { "ID": 462, "date_decimal": 2023.102511415525, "year": 2023, "month": 2, "day": 8, "latitude": 38.0337, "longitude": 36.5009, "mag": 4.56, "place": "1 km NNE of Göksun, Turkey", "zone_id": 10, "cluster_id": 685, "shock_type": "AS", "mainshock_zone": 10, "same_zone": 1, "days_difference": 2 }, "geometry": { "type": "Point", "coordinates": [ 36.5009, 38.0337 ] } },
{ "type": "Feature", "properties": { "ID": 461, "date_decimal": 2023.102511415525, "year": 2023, "month": 2, "day": 8, "latitude": 37.1554, "longitude": 37.0022, "mag": 4.4, "place": "23 km E of Nurda??, Turkey", "zone_id": 999, "cluster_id": 677, "shock_type": "AS", "mainshock_zone": 999, "same_zone": 1, "days_difference": 2 }, "geometry": { "type": "Point", "coordinates": [ 37.0022, 37.1554 ] } },
{ "type": "Feature", "properties": { "ID": 460, "date_decimal": 2023.102511415525, "year": 2023, "month": 2, "day": 8, "latitude": 38.0268, "longitude": 37.7704, "mag": 4.1, "place": "11 km SW of Do?an?ehir, Turkey", "zone_id": 999, "cluster_id": 684, "shock_type": "AS", "mainshock_zone": 999, "same_zone": 1, "days_difference": 2 }, "geometry": { "type": "Point", "coordinates": [ 37.7704, 38.0268 ] } },
{ "type": "Feature", "properties": { "ID": 467, "date_decimal": 2023.102511415525, "year": 2023, "month": 2, "day": 8, "latitude": 36.7009, "longitude": 36.3794, "mag": 4.56, "place": "16 km ENE of Denizciler, Turkey", "zone_id": 999, "cluster_id": 677, "shock_type": "AS", "mainshock_zone": 999, "same_zone": 1, "days_difference": 2 }, "geometry": { "type": "Point", "coordinates": [ 36.3794, 36.7009 ] } },
{ "type": "Feature", "properties": { "ID": 428, "date_decimal": 2023.1052511415523, "year": 2023, "month": 2, "day": 9, "latitude": 38.0605, "longitude": 38.6406, "mag": 4.46, "place": "3 km NE of Sincik, Turkey", "zone_id": 30, "cluster_id": 684, "shock_type": "AS", "mainshock_zone": 999, "same_zone": 0, "days_difference": 3 }, "geometry": { "type": "Point", "coordinates": [ 38.6406, 38.0605 ] } },
{ "type": "Feature", "properties": { "ID": 427, "date_decimal": 2023.1052511415523, "year": 2023, "month": 2, "day": 9, "latitude": 39.1974, "longitude": 40.1831, "mag": 4.46, "place": "10 km ESE of Yayladere, Turkey", "zone_id": 32, "cluster_id": 693, "shock_type": "FS", "mainshock_zone": 44, "same_zone": 0, "days_difference": 3 }, "geometry": { "type": "Point", "coordinates": [ 40.1831, 39.1974 ] } },
{ "type": "Feature", "properties": { "ID": 426, "date_decimal": 2023.1052511415523, "year": 2023, "month": 2, "day": 9, "latitude": 37.2659, "longitude": 36.9198, "mag": 4.46, "place": "19 km ENE of Nurda??, Turkey", "zone_id": 999, "cluster_id": 677, "shock_type": "AS", "mainshock_zone": 999, "same_zone": 1, "days_difference": 3 }, "geometry": { "type": "Point", "coordinates": [ 36.9198, 37.2659 ] } },
{ "type": "Feature", "properties": { "ID": 425, "date_decimal": 2023.1052511415523, "year": 2023, "month": 2, "day": 9, "latitude": 37.9921, "longitude": 37.7044, "mag": 4.46, "place": "17 km SW of Do?an?ehir, Turkey", "zone_id": 999, "cluster_id": 684, "shock_type": "AS", "mainshock_zone": 999, "same_zone": 1, "days_difference": 3 }, "geometry": { "type": "Point", "coordinates": [ 37.7044, 37.9921 ] } },
{ "type": "Feature", "properties": { "ID": 424, "date_decimal": 2023.1052511415523, "year": 2023, "month": 2, "day": 9, "latitude": 37.9544, "longitude": 37.7834, "mag": 4.25, "place": "16 km SSW of Do?an?ehir, Turkey", "zone_id": 999, "cluster_id": 684, "shock_type": "AS", "mainshock_zone": 999, "same_zone": 1, "days_difference": 3 }, "geometry": { "type": "Point", "coordinates": [ 37.7834, 37.9544 ] } },
{ "type": "Feature", "properties": { "ID": 420, "date_decimal": 2023.1052511415523, "year": 2023, "month": 2, "day": 9, "latitude": 37.1694, "longitude": 36.8496, "mag": 4.36, "place": "10 km E of Nurda??, Turkey", "zone_id": 999, "cluster_id": 677, "shock_type": "AS", "mainshock_zone": 999, "same_zone": 1, "days_difference": 3 }, "geometry": { "type": "Point", "coordinates": [ 36.8496, 37.1694 ] } },
{ "type": "Feature", "properties": { "ID": 422, "date_decimal": 2023.1052511415523, "year": 2023, "month": 2, "day": 9, "latitude": 36.1764, "longitude": 35.7977, "mag": 4.36, "place": "21 km W of Uzunba?, Turkey", "zone_id": 6, "cluster_id": 683, "shock_type": "AS", "mainshock_zone": 999, "same_zone": 0, "days_difference": 3 }, "geometry": { "type": "Point", "coordinates": [ 35.7977, 36.1764 ] } },
{ "type": "Feature", "properties": { "ID": 421, "date_decimal": 2023.1052511415523, "year": 2023, "month": 2, "day": 9, "latitude": 38.0264, "longitude": 36.6096, "mag": 4.25, "place": "9 km E of Göksun, Turkey", "zone_id": 10, "cluster_id": 685, "shock_type": "AS", "mainshock_zone": 10, "same_zone": 1, "days_difference": 3 }, "geometry": { "type": "Point", "coordinates": [ 36.6096, 38.0264 ] } },
{ "type": "Feature", "properties": { "ID": 419, "date_decimal": 2023.1052511415523, "year": 2023, "month": 2, "day": 9, "latitude": 37.1058, "longitude": 36.6317, "mag": 4.36, "place": "8 km ESE of Hasanbeyli, Turkey", "zone_id": 999, "cluster_id": 672, "shock_type": "AS", "mainshock_zone": 6, "same_zone": 0, "days_difference": 3 }, "geometry": { "type": "Point", "coordinates": [ 36.6317, 37.1058 ] } },
{ "type": "Feature", "properties": { "ID": 423, "date_decimal": 2023.1052511415523, "year": 2023, "month": 2, "day": 9, "latitude": 38.0746, "longitude": 36.5194, "mag": 4.15, "place": "6 km NNE of Göksun, Turkey", "zone_id": 10, "cluster_id": 685, "shock_type": "AS", "mainshock_zone": 10, "same_zone": 1, "days_difference": 3 }, "geometry": { "type": "Point", "coordinates": [ 36.5194, 38.0746 ] } },
{ "type": "Feature", "properties": { "ID": 429, "date_decimal": 2023.1052511415523, "year": 2023, "month": 2, "day": 9, "latitude": 38.0799, "longitude": 36.5452, "mag": 4.36, "place": "Central Turkey", "zone_id": 10, "cluster_id": 685, "shock_type": "AS", "mainshock_zone": 10, "same_zone": 1, "days_difference": 3 }, "geometry": { "type": "Point", "coordinates": [ 36.5452, 38.0799 ] } },
{ "type": "Feature", "properties": { "ID": 441, "date_decimal": 2023.1052511415523, "year": 2023, "month": 2, "day": 9, "latitude": 38.3957, "longitude": 39.284, "mag": 4.36, "place": "5 km SSW of Sivrice, Turkey", "zone_id": 999, "cluster_id": 681, "shock_type": "AS", "mainshock_zone": 999, "same_zone": 1, "days_difference": 3 }, "geometry": { "type": "Point", "coordinates": [ 39.284, 38.3957 ] } },
{ "type": "Feature", "properties": { "ID": 431, "date_decimal": 2023.1052511415523, "year": 2023, "month": 2, "day": 9, "latitude": 36.9611, "longitude": 36.6603, "mag": 4.6, "place": "Turkey-Syria border region", "zone_id": 999, "cluster_id": 677, "shock_type": "AS", "mainshock_zone": 999, "same_zone": 1, "days_difference": 3 }, "geometry": { "type": "Point", "coordinates": [ 36.6603, 36.9611 ] } },
{ "type": "Feature", "properties": { "ID": 432, "date_decimal": 2023.1052511415523, "year": 2023, "month": 2, "day": 9, "latitude": 37.8752, "longitude": 37.6589, "mag": 4.25, "place": "10 km N of G?lba??, Turkey", "zone_id": 999, "cluster_id": 684, "shock_type": "AS", "mainshock_zone": 999, "same_zone": 1, "days_difference": 3 }, "geometry": { "type": "Point", "coordinates": [ 37.6589, 37.8752 ] } },
{ "type": "Feature", "properties": { "ID": 433, "date_decimal": 2023.1052511415523, "year": 2023, "month": 2, "day": 9, "latitude": 38.1849, "longitude": 38.1997, "mag": 4.46, "place": "12 km SSW of Ye?ilyurt, Turkey", "zone_id": 999, "cluster_id": 684, "shock_type": "AS", "mainshock_zone": 999, "same_zone": 1, "days_difference": 3 }, "geometry": { "type": "Point", "coordinates": [ 38.1997, 38.1849 ] } },
{ "type": "Feature", "properties": { "ID": 434, "date_decimal": 2023.1052511415523, "year": 2023, "month": 2, "day": 9, "latitude": 38.0679, "longitude": 36.6086, "mag": 4.56, "place": "11 km ENE of Göksun, Turkey", "zone_id": 10, "cluster_id": 685, "shock_type": "AS", "mainshock_zone": 10, "same_zone": 1, "days_difference": 3 }, "geometry": { "type": "Point", "coordinates": [ 36.6086, 38.0679 ] } },
{ "type": "Feature", "properties": { "ID": 435, "date_decimal": 2023.1052511415523, "year": 2023, "month": 2, "day": 9, "latitude": 38.0951, "longitude": 38.4712, "mag": 4.46, "place": "14 km WNW of Sincik, Turkey", "zone_id": 999, "cluster_id": 684, "shock_type": "AS", "mainshock_zone": 999, "same_zone": 1, "days_difference": 3 }, "geometry": { "type": "Point", "coordinates": [ 38.4712, 38.0951 ] } },
{ "type": "Feature", "properties": { "ID": 436, "date_decimal": 2023.1052511415523, "year": 2023, "month": 2, "day": 9, "latitude": 37.9616, "longitude": 36.3641, "mag": 4.46, "place": "13 km WSW of Göksun, Turkey", "zone_id": 10, "cluster_id": 685, "shock_type": "AS", "mainshock_zone": 10, "same_zone": 1, "days_difference": 3 }, "geometry": { "type": "Point", "coordinates": [ 36.3641, 37.9616 ] } },
{ "type": "Feature", "properties": { "ID": 437, "date_decimal": 2023.1052511415523, "year": 2023, "month": 2, "day": 9, "latitude": 37.9889, "longitude": 38.5654, "mag": 4.46, "place": "6 km SW of Sincik, Turkey", "zone_id": 30, "cluster_id": 684, "shock_type": "AS", "mainshock_zone": 999, "same_zone": 0, "days_difference": 3 }, "geometry": { "type": "Point", "coordinates": [ 38.5654, 37.9889 ] } },
{ "type": "Feature", "properties": { "ID": 438, "date_decimal": 2023.1052511415523, "year": 2023, "month": 2, "day": 9, "latitude": 36.8136, "longitude": 36.4252, "mag": 4.46, "place": "8 km W of Hassa, Turkey", "zone_id": 999, "cluster_id": 677, "shock_type": "AS", "mainshock_zone": 999, "same_zone": 1, "days_difference": 3 }, "geometry": { "type": "Point", "coordinates": [ 36.4252, 36.8136 ] } },
{ "type": "Feature", "properties": { "ID": 439, "date_decimal": 2023.1052511415523, "year": 2023, "month": 2, "day": 9, "latitude": 37.8831, "longitude": 37.7147, "mag": 4.67, "place": "13 km NNE of Gölba??, Turkey", "zone_id": 999, "cluster_id": 684, "shock_type": "AS", "mainshock_zone": 999, "same_zone": 1, "days_difference": 3 }, "geometry": { "type": "Point", "coordinates": [ 37.7147, 37.8831 ] } },
{ "type": "Feature", "properties": { "ID": 440, "date_decimal": 2023.1052511415523, "year": 2023, "month": 2, "day": 9, "latitude": 38.4984, "longitude": 40.4216, "mag": 4.56, "place": "10 km NNE of Hani, Turkey", "zone_id": 30, "cluster_id": 689, "shock_type": "AS", "mainshock_zone": 30, "same_zone": 1, "days_difference": 3 }, "geometry": { "type": "Point", "coordinates": [ 40.4216, 38.4984 ] } },
{ "type": "Feature", "properties": { "ID": 430, "date_decimal": 2023.1052511415523, "year": 2023, "month": 2, "day": 9, "latitude": 37.995, "longitude": 36.5954, "mag": 4.46, "place": "9 km ESE of Göksun, Turkey", "zone_id": 10, "cluster_id": 685, "shock_type": "AS", "mainshock_zone": 10, "same_zone": 1, "days_difference": 3 }, "geometry": { "type": "Point", "coordinates": [ 36.5954, 37.995 ] } },
{ "type": "Feature", "properties": { "ID": 410, "date_decimal": 2023.1079908675799, "year": 2023, "month": 2, "day": 10, "latitude": 38.0517, "longitude": 38.5848, "mag": 4.36, "place": "eastern Turkey", "zone_id": 30, "cluster_id": 684, "shock_type": "AS", "mainshock_zone": 999, "same_zone": 0, "days_difference": 4 }, "geometry": { "type": "Point", "coordinates": [ 38.5848, 38.0517 ] } },
{ "type": "Feature", "properties": { "ID": 411, "date_decimal": 2023.1079908675799, "year": 2023, "month": 2, "day": 10, "latitude": 38.1788, "longitude": 38.5981, "mag": 4.1, "place": "15 km N of Sincik, Turkey", "zone_id": 999, "cluster_id": 684, "shock_type": "AS", "mainshock_zone": 999, "same_zone": 1, "days_difference": 4 }, "geometry": { "type": "Point", "coordinates": [ 38.5981, 38.1788 ] } },
{ "type": "Feature", "properties": { "ID": 412, "date_decimal": 2023.1079908675799, "year": 2023, "month": 2, "day": 10, "latitude": 37.8868, "longitude": 36.2951, "mag": 4.7, "place": "21 km ESE of Saimbeyli, Turkey", "zone_id": 10, "cluster_id": 685, "shock_type": "AS", "mainshock_zone": 10, "same_zone": 1, "days_difference": 4 }, "geometry": { "type": "Point", "coordinates": [ 36.2951, 37.8868 ] } },
{ "type": "Feature", "properties": { "ID": 413, "date_decimal": 2023.1079908675799, "year": 2023, "month": 2, "day": 10, "latitude": 38.1976, "longitude": 38.1375, "mag": 4.56, "place": "14 km SW of Ye?ilyurt, Turkey", "zone_id": 33, "cluster_id": 684, "shock_type": "AS", "mainshock_zone": 999, "same_zone": 0, "days_difference": 4 }, "geometry": { "type": "Point", "coordinates": [ 38.1375, 38.1976 ] } },
{ "type": "Feature", "properties": { "ID": 414, "date_decimal": 2023.1079908675799, "year": 2023, "month": 2, "day": 10, "latitude": 38.0757, "longitude": 38.1756, "mag": 4.46, "place": "7 km NW of Çelikhan, Turkey", "zone_id": 999, "cluster_id": 684, "shock_type": "AS", "mainshock_zone": 999, "same_zone": 1, "days_difference": 4 }, "geometry": { "type": "Point", "coordinates": [ 38.1756, 38.0757 ] } },
{ "type": "Feature", "properties": { "ID": 415, "date_decimal": 2023.1079908675799, "year": 2023, "month": 2, "day": 10, "latitude": 38.0858, "longitude": 38.451, "mag": 4.36, "place": "eastern Turkey", "zone_id": 999, "cluster_id": 684, "shock_type": "AS", "mainshock_zone": 999, "same_zone": 1, "days_difference": 4 }, "geometry": { "type": "Point", "coordinates": [ 38.451, 38.0858 ] } },
{ "type": "Feature", "properties": { "ID": 416, "date_decimal": 2023.1079908675799, "year": 2023, "month": 2, "day": 10, "latitude": 38.1736, "longitude": 38.1714, "mag": 4.7, "place": "15 km SSW of Ye?ilyurt, Turkey", "zone_id": 999, "cluster_id": 684, "shock_type": "AS", "mainshock_zone": 999, "same_zone": 1, "days_difference": 4 }, "geometry": { "type": "Point", "coordinates": [ 38.1714, 38.1736 ] } },
{ "type": "Feature", "properties": { "ID": 417, "date_decimal": 2023.1079908675799, "year": 2023, "month": 2, "day": 10, "latitude": 38.1343, "longitude": 38.2167, "mag": 4.56, "place": "12 km N of Çelikhan, Turkey", "zone_id": 999, "cluster_id": 684, "shock_type": "AS", "mainshock_zone": 999, "same_zone": 1, "days_difference": 4 }, "geometry": { "type": "Point", "coordinates": [ 38.2167, 38.1343 ] } },
{ "type": "Feature", "properties": { "ID": 418, "date_decimal": 2023.1079908675799, "year": 2023, "month": 2, "day": 10, "latitude": 37.8685, "longitude": 36.631, "mag": 4.3, "place": "20 km SE of Göksun, Turkey", "zone_id": 10, "cluster_id": 677, "shock_type": "AS", "mainshock_zone": 999, "same_zone": 0, "days_difference": 4 }, "geometry": { "type": "Point", "coordinates": [ 36.631, 37.8685 ] } },
{ "type": "Feature", "properties": { "ID": 391, "date_decimal": 2023.1107305936073, "year": 2023, "month": 2, "day": 11, "latitude": 38.0249, "longitude": 36.4218, "mag": 4.25, "place": "6 km W of Göksun, Turkey", "zone_id": 10, "cluster_id": 685, "shock_type": "AS", "mainshock_zone": 10, "same_zone": 1, "days_difference": 5 }, "geometry": { "type": "Point", "coordinates": [ 36.4218, 38.0249 ] } },
{ "type": "Feature", "properties": { "ID": 392, "date_decimal": 2023.1107305936073, "year": 2023, "month": 2, "day": 11, "latitude": 36.6384, "longitude": 36.5737, "mag": 4.46, "place": "Turkey-Syria border region", "zone_id": 999, "cluster_id": 677, "shock_type": "AS", "mainshock_zone": 999, "same_zone": 1, "days_difference": 5 }, "geometry": { "type": "Point", "coordinates": [ 36.5737, 36.6384 ] } },
{ "type": "Feature", "properties": { "ID": 393, "date_decimal": 2023.1107305936073, "year": 2023, "month": 2, "day": 11, "latitude": 37.7557, "longitude": 37.8675, "mag": 4.46, "place": "6 km SW of Tut, Turkey", "zone_id": 103, "cluster_id": 684, "shock_type": "AS", "mainshock_zone": 999, "same_zone": 0, "days_difference": 5 }, "geometry": { "type": "Point", "coordinates": [ 37.8675, 37.7557 ] } },
{ "type": "Feature", "properties": { "ID": 394, "date_decimal": 2023.1107305936073, "year": 2023, "month": 2, "day": 11, "latitude": 38.1325, "longitude": 38.732, "mag": 4.46, "place": "14 km NE of Sincik, Turkey", "zone_id": 29, "cluster_id": 690, "shock_type": "AS", "mainshock_zone": 999, "same_zone": 0, "days_difference": 5 }, "geometry": { "type": "Point", "coordinates": [ 38.732, 38.1325 ] } },
{ "type": "Feature", "properties": { "ID": 395, "date_decimal": 2023.1107305936073, "year": 2023, "month": 2, "day": 11, "latitude": 36.268, "longitude": 36.171, "mag": 4.46, "place": "1 km ENE of Kuzeytepe, Turkey", "zone_id": 999, "cluster_id": 683, "shock_type": "AS", "mainshock_zone": 999, "same_zone": 1, "days_difference": 5 }, "geometry": { "type": "Point", "coordinates": [ 36.171, 36.268 ] } },
{ "type": "Feature", "properties": { "ID": 396, "date_decimal": 2023.1107305936073, "year": 2023, "month": 2, "day": 11, "latitude": 41.9449, "longitude": 42.1521, "mag": 4.56, "place": "Georgia-Turkey border region", "zone_id": 62, "cluster_id": 0, "shock_type": "MS", "mainshock_zone": 62, "same_zone": 1, "days_difference": 5 }, "geometry": { "type": "Point", "coordinates": [ 42.1521, 41.9449 ] } },
{ "type": "Feature", "properties": { "ID": 397, "date_decimal": 2023.1107305936073, "year": 2023, "month": 2, "day": 11, "latitude": 37.9428, "longitude": 36.5034, "mag": 4.56, "place": "8 km S of Göksun, Turkey", "zone_id": 10, "cluster_id": 685, "shock_type": "AS", "mainshock_zone": 10, "same_zone": 1, "days_difference": 5 }, "geometry": { "type": "Point", "coordinates": [ 36.5034, 37.9428 ] } },
{ "type": "Feature", "properties": { "ID": 398, "date_decimal": 2023.1107305936073, "year": 2023, "month": 2, "day": 11, "latitude": 38.8519, "longitude": 38.0757, "mag": 4.5, "place": "13 km ENE of Hekimhan, Turkey", "zone_id": 10, "cluster_id": 695, "shock_type": "FS", "mainshock_zone": 10, "same_zone": 1, "days_difference": 5 }, "geometry": { "type": "Point", "coordinates": [ 38.0757, 38.8519 ] } },
{ "type": "Feature", "properties": { "ID": 399, "date_decimal": 2023.1107305936073, "year": 2023, "month": 2, "day": 11, "latitude": 38.0902, "longitude": 36.6163, "mag": 4.25, "place": "12 km NE of Göksun, Turkey", "zone_id": 10, "cluster_id": 685, "shock_type": "AS", "mainshock_zone": 10, "same_zone": 1, "days_difference": 5 }, "geometry": { "type": "Point", "coordinates": [ 36.6163, 38.0902 ] } },
{ "type": "Feature", "properties": { "ID": 405, "date_decimal": 2023.1107305936073, "year": 2023, "month": 2, "day": 11, "latitude": 38.0647, "longitude": 36.5778, "mag": 4.77, "place": "8 km NE of Göksun, Turkey", "zone_id": 10, "cluster_id": 685, "shock_type": "AS", "mainshock_zone": 10, "same_zone": 1, "days_difference": 5 }, "geometry": { "type": "Point", "coordinates": [ 36.5778, 38.0647 ] } },
{ "type": "Feature", "properties": { "ID": 401, "date_decimal": 2023.1107305936073, "year": 2023, "month": 2, "day": 11, "latitude": 36.4869, "longitude": 36.3096, "mag": 4.56, "place": "4 km WSW of K?r?khan, Turkey", "zone_id": 999, "cluster_id": 683, "shock_type": "AS", "mainshock_zone": 999, "same_zone": 1, "days_difference": 5 }, "geometry": { "type": "Point", "coordinates": [ 36.3096, 36.4869 ] } },
{ "type": "Feature", "properties": { "ID": 402, "date_decimal": 2023.1107305936073, "year": 2023, "month": 2, "day": 11, "latitude": 38.1233, "longitude": 36.6274, "mag": 4.46, "place": "16 km NE of Göksun, Turkey", "zone_id": 10, "cluster_id": 685, "shock_type": "AS", "mainshock_zone": 10, "same_zone": 1, "days_difference": 5 }, "geometry": { "type": "Point", "coordinates": [ 36.6274, 38.1233 ] } },
{ "type": "Feature", "properties": { "ID": 403, "date_decimal": 2023.1107305936073, "year": 2023, "month": 2, "day": 11, "latitude": 38.0281, "longitude": 38.1329, "mag": 4.46, "place": "9 km W of Çelikhan, Turkey", "zone_id": 999, "cluster_id": 684, "shock_type": "AS", "mainshock_zone": 999, "same_zone": 1, "days_difference": 5 }, "geometry": { "type": "Point", "coordinates": [ 38.1329, 38.0281 ] } },
{ "type": "Feature", "properties": { "ID": 404, "date_decimal": 2023.1107305936073, "year": 2023, "month": 2, "day": 11, "latitude": 37.0598, "longitude": 36.95, "mag": 4.6, "place": "19 km N of Musabeyli, Turkey", "zone_id": 999, "cluster_id": 677, "shock_type": "AS", "mainshock_zone": 999, "same_zone": 1, "days_difference": 5 }, "geometry": { "type": "Point", "coordinates": [ 36.95, 37.0598 ] } },
{ "type": "Feature", "properties": { "ID": 406, "date_decimal": 2023.1107305936073, "year": 2023, "month": 2, "day": 11, "latitude": 37.9256, "longitude": 38.192, "mag": 4.15, "place": "11 km SSW of Çelikhan, Turkey", "zone_id": 103, "cluster_id": 684, "shock_type": "AS", "mainshock_zone": 999, "same_zone": 0, "days_difference": 5 }, "geometry": { "type": "Point", "coordinates": [ 38.192, 37.9256 ] } },
{ "type": "Feature", "properties": { "ID": 407, "date_decimal": 2023.1107305936073, "year": 2023, "month": 2, "day": 11, "latitude": 37.8165, "longitude": 36.5708, "mag": 4.46, "place": "Central Turkey", "zone_id": 10, "cluster_id": 677, "shock_type": "AS", "mainshock_zone": 999, "same_zone": 0, "days_difference": 5 }, "geometry": { "type": "Point", "coordinates": [ 36.5708, 37.8165 ] } },
{ "type": "Feature", "properties": { "ID": 408, "date_decimal": 2023.1107305936073, "year": 2023, "month": 2, "day": 11, "latitude": 37.9489, "longitude": 38.4382, "mag": 4.36, "place": "18 km WSW of Sincik, Turkey", "zone_id": 30, "cluster_id": 684, "shock_type": "AS", "mainshock_zone": 999, "same_zone": 0, "days_difference": 5 }, "geometry": { "type": "Point", "coordinates": [ 38.4382, 37.9489 ] } },
{ "type": "Feature", "properties": { "ID": 409, "date_decimal": 2023.1107305936073, "year": 2023, "month": 2, "day": 11, "latitude": 36.5556, "longitude": 36.5606, "mag": 4.25, "place": "19 km ENE of K?r?khan, Turkey", "zone_id": 999, "cluster_id": 677, "shock_type": "AS", "mainshock_zone": 999, "same_zone": 1, "days_difference": 5 }, "geometry": { "type": "Point", "coordinates": [ 36.5606, 36.5556 ] } },
{ "type": "Feature", "properties": { "ID": 400, "date_decimal": 2023.1107305936073, "year": 2023, "month": 2, "day": 11, "latitude": 37.8492, "longitude": 36.67, "mag": 4.36, "place": "24 km SE of Göksun, Turkey", "zone_id": 10, "cluster_id": 677, "shock_type": "AS", "mainshock_zone": 999, "same_zone": 0, "days_difference": 5 }, "geometry": { "type": "Point", "coordinates": [ 36.67, 37.8492 ] } },
{ "type": "Feature", "properties": { "ID": 378, "date_decimal": 2023.1134703196346, "year": 2023, "month": 2, "day": 12, "latitude": 37.8149, "longitude": 36.7003, "mag": 4.56, "place": "29 km SE of Göksun, Turkey", "zone_id": 10, "cluster_id": 677, "shock_type": "AS", "mainshock_zone": 999, "same_zone": 0, "days_difference": 6 }, "geometry": { "type": "Point", "coordinates": [ 36.7003, 37.8149 ] } },
{ "type": "Feature", "properties": { "ID": 377, "date_decimal": 2023.1134703196346, "year": 2023, "month": 2, "day": 12, "latitude": 38.824, "longitude": 38.031, "mag": 5.0, "place": "8 km E of Hekimhan, Turkey", "zone_id": 10, "cluster_id": 0, "shock_type": "MS", "mainshock_zone": 10, "same_zone": 1, "days_difference": 6 }, "geometry": { "type": "Point", "coordinates": [ 38.031, 38.824 ] } },
{ "type": "Feature", "properties": { "ID": 376, "date_decimal": 2023.1134703196346, "year": 2023, "month": 2, "day": 12, "latitude": 38.083, "longitude": 36.6197, "mag": 4.25, "place": "12 km ENE of Göksun, Turkey", "zone_id": 10, "cluster_id": 685, "shock_type": "AS", "mainshock_zone": 10, "same_zone": 1, "days_difference": 6 }, "geometry": { "type": "Point", "coordinates": [ 36.6197, 38.083 ] } },
{ "type": "Feature", "properties": { "ID": 371, "date_decimal": 2023.1134703196346, "year": 2023, "month": 2, "day": 12, "latitude": 38.0251, "longitude": 36.6342, "mag": 4.3, "place": "12 km E of Göksun, Turkey", "zone_id": 10, "cluster_id": 685, "shock_type": "AS", "mainshock_zone": 10, "same_zone": 1, "days_difference": 6 }, "geometry": { "type": "Point", "coordinates": [ 36.6342, 38.0251 ] } },
{ "type": "Feature", "properties": { "ID": 374, "date_decimal": 2023.1134703196346, "year": 2023, "month": 2, "day": 12, "latitude": 37.2623, "longitude": 37.0849, "mag": 4.46, "place": "31 km SW of Pazarc?k, Turkey", "zone_id": 999, "cluster_id": 677, "shock_type": "AS", "mainshock_zone": 999, "same_zone": 1, "days_difference": 6 }, "geometry": { "type": "Point", "coordinates": [ 37.0849, 37.2623 ] } },
{ "type": "Feature", "properties": { "ID": 373, "date_decimal": 2023.1134703196346, "year": 2023, "month": 2, "day": 12, "latitude": 36.5999, "longitude": 36.8854, "mag": 4.56, "place": "9 km N of ‘Afr?n, Syria", "zone_id": 999, "cluster_id": 677, "shock_type": "AS", "mainshock_zone": 999, "same_zone": 1, "days_difference": 6 }, "geometry": { "type": "Point", "coordinates": [ 36.8854, 36.5999 ] } },
{ "type": "Feature", "properties": { "ID": 372, "date_decimal": 2023.1134703196346, "year": 2023, "month": 2, "day": 12, "latitude": 36.0389, "longitude": 35.8488, "mag": 4.15, "place": "20 km SW of Uzunba?, Turkey", "zone_id": 100, "cluster_id": 683, "shock_type": "AS", "mainshock_zone": 999, "same_zone": 0, "days_difference": 6 }, "geometry": { "type": "Point", "coordinates": [ 35.8488, 36.0389 ] } },
{ "type": "Feature", "properties": { "ID": 375, "date_decimal": 2023.1134703196346, "year": 2023, "month": 2, "day": 12, "latitude": 37.3429, "longitude": 36.9989, "mag": 4.7, "place": "27 km SSE of Kahramanmara?, Turkey", "zone_id": 999, "cluster_id": 677, "shock_type": "AS", "mainshock_zone": 999, "same_zone": 1, "days_difference": 6 }, "geometry": { "type": "Point", "coordinates": [ 36.9989, 37.3429 ] } },
{ "type": "Feature", "properties": { "ID": 380, "date_decimal": 2023.1134703196346, "year": 2023, "month": 2, "day": 12, "latitude": 36.7991, "longitude": 36.7677, "mag": 4.36, "place": "16 km SW of Musabeyli, Turkey", "zone_id": 999, "cluster_id": 677, "shock_type": "AS", "mainshock_zone": 999, "same_zone": 1, "days_difference": 6 }, "geometry": { "type": "Point", "coordinates": [ 36.7677, 36.7991 ] } },
{ "type": "Feature", "properties": { "ID": 379, "date_decimal": 2023.1134703196346, "year": 2023, "month": 2, "day": 12, "latitude": 37.9553, "longitude": 38.2894, "mag": 4.3, "place": "9 km SSE of Çelikhan, Turkey", "zone_id": 30, "cluster_id": 684, "shock_type": "AS", "mainshock_zone": 999, "same_zone": 0, "days_difference": 6 }, "geometry": { "type": "Point", "coordinates": [ 38.2894, 37.9553 ] } },
{ "type": "Feature", "properties": { "ID": 382, "date_decimal": 2023.1134703196346, "year": 2023, "month": 2, "day": 12, "latitude": 36.1158, "longitude": 36.3017, "mag": 4.36, "place": "4 km E of Alt?nözü, Turkey", "zone_id": 999, "cluster_id": 683, "shock_type": "AS", "mainshock_zone": 999, "same_zone": 1, "days_difference": 6 }, "geometry": { "type": "Point", "coordinates": [ 36.3017, 36.1158 ] } },
{ "type": "Feature", "properties": { "ID": 390, "date_decimal": 2023.1134703196346, "year": 2023, "month": 2, "day": 12, "latitude": 37.796, "longitude": 38.2326, "mag": 4.46, "place": "5 km NW of Ad?yaman, Turkey", "zone_id": 103, "cluster_id": 684, "shock_type": "AS", "mainshock_zone": 999, "same_zone": 0, "days_difference": 6 }, "geometry": { "type": "Point", "coordinates": [ 38.2326, 37.796 ] } },
{ "type": "Feature", "properties": { "ID": 389, "date_decimal": 2023.1134703196346, "year": 2023, "month": 2, "day": 12, "latitude": 36.5324, "longitude": 36.4568, "mag": 4.46, "place": "9 km ENE of K?r?khan, Turkey", "zone_id": 999, "cluster_id": 683, "shock_type": "AS", "mainshock_zone": 999, "same_zone": 1, "days_difference": 6 }, "geometry": { "type": "Point", "coordinates": [ 36.4568, 36.5324 ] } },
{ "type": "Feature", "properties": { "ID": 388, "date_decimal": 2023.1134703196346, "year": 2023, "month": 2, "day": 12, "latitude": 37.9055, "longitude": 37.4792, "mag": 4.25, "place": "7 km SSE of Nurhak, Turkey", "zone_id": 999, "cluster_id": 677, "shock_type": "AS", "mainshock_zone": 999, "same_zone": 1, "days_difference": 6 }, "geometry": { "type": "Point", "coordinates": [ 37.4792, 37.9055 ] } },
{ "type": "Feature", "properties": { "ID": 387, "date_decimal": 2023.1134703196346, "year": 2023, "month": 2, "day": 12, "latitude": 38.1156, "longitude": 38.5843, "mag": 4.15, "place": "9 km NNW of Sincik, Turkey", "zone_id": 999, "cluster_id": 684, "shock_type": "AS", "mainshock_zone": 999, "same_zone": 1, "days_difference": 6 }, "geometry": { "type": "Point", "coordinates": [ 38.5843, 38.1156 ] } },
{ "type": "Feature", "properties": { "ID": 381, "date_decimal": 2023.1134703196346, "year": 2023, "month": 2, "day": 12, "latitude": 38.1339, "longitude": 38.2786, "mag": 4.25, "place": "12 km NNE of Çelikhan, Turkey", "zone_id": 999, "cluster_id": 684, "shock_type": "AS", "mainshock_zone": 999, "same_zone": 1, "days_difference": 6 }, "geometry": { "type": "Point", "coordinates": [ 38.2786, 38.1339 ] } },
{ "type": "Feature", "properties": { "ID": 385, "date_decimal": 2023.1134703196346, "year": 2023, "month": 2, "day": 12, "latitude": 41.8775, "longitude": 42.1528, "mag": 4.46, "place": "7 km ESE of Shemokmedi, Georgia", "zone_id": 62, "cluster_id": 694, "shock_type": "AS", "mainshock_zone": 62, "same_zone": 1, "days_difference": 6 }, "geometry": { "type": "Point", "coordinates": [ 42.1528, 41.8775 ] } },
{ "type": "Feature", "properties": { "ID": 383, "date_decimal": 2023.1134703196346, "year": 2023, "month": 2, "day": 12, "latitude": 41.875, "longitude": 42.2665, "mag": 4.15, "place": "17 km ESE of Shemokmedi, Georgia", "zone_id": 62, "cluster_id": 694, "shock_type": "AS", "mainshock_zone": 62, "same_zone": 1, "days_difference": 6 }, "geometry": { "type": "Point", "coordinates": [ 42.2665, 41.875 ] } },
{ "type": "Feature", "properties": { "ID": 386, "date_decimal": 2023.1134703196346, "year": 2023, "month": 2, "day": 12, "latitude": 35.5279, "longitude": 35.6189, "mag": 4.25, "place": "15 km W of Latakia, Syria", "zone_id": 100, "cluster_id": 688, "shock_type": "AS", "mainshock_zone": 100, "same_zone": 1, "days_difference": 6 }, "geometry": { "type": "Point", "coordinates": [ 35.6189, 35.5279 ] } },
{ "type": "Feature", "properties": { "ID": 384, "date_decimal": 2023.1134703196346, "year": 2023, "month": 2, "day": 12, "latitude": 38.0797, "longitude": 37.3193, "mag": 4.56, "place": "11 km E of Ekinözü, Turkey", "zone_id": 10, "cluster_id": 686, "shock_type": "AS", "mainshock_zone": 10, "same_zone": 1, "days_difference": 6 }, "geometry": { "type": "Point", "coordinates": [ 37.3193, 38.0797 ] } },
{ "type": "Feature", "properties": { "ID": 370, "date_decimal": 2023.116210045662, "year": 2023, "month": 2, "day": 13, "latitude": 36.8844, "longitude": 36.6204, "mag": 4.5, "place": "12 km NNE of A?a?? Karafak?l?, Turkey", "zone_id": 999, "cluster_id": 677, "shock_type": "AS", "mainshock_zone": 999, "same_zone": 1, "days_difference": 7 }, "geometry": { "type": "Point", "coordinates": [ 36.6204, 36.8844 ] } },
{ "type": "Feature", "properties": { "ID": 369, "date_decimal": 2023.116210045662, "year": 2023, "month": 2, "day": 13, "latitude": 38.0402, "longitude": 38.589, "mag": 4.46, "place": "2 km WNW of Sincik, Turkey", "zone_id": 30, "cluster_id": 684, "shock_type": "AS", "mainshock_zone": 999, "same_zone": 0, "days_difference": 7 }, "geometry": { "type": "Point", "coordinates": [ 38.589, 38.0402 ] } },
{ "type": "Feature", "properties": { "ID": 368, "date_decimal": 2023.116210045662, "year": 2023, "month": 2, "day": 13, "latitude": 37.8703, "longitude": 36.2865, "mag": 4.36, "place": "21 km SE of Saimbeyli, Turkey", "zone_id": 10, "cluster_id": 685, "shock_type": "AS", "mainshock_zone": 10, "same_zone": 1, "days_difference": 7 }, "geometry": { "type": "Point", "coordinates": [ 36.2865, 37.8703 ] } },
{ "type": "Feature", "properties": { "ID": 367, "date_decimal": 2023.116210045662, "year": 2023, "month": 2, "day": 13, "latitude": 38.0051, "longitude": 36.42, "mag": 4.6, "place": "Central Turkey", "zone_id": 10, "cluster_id": 685, "shock_type": "AS", "mainshock_zone": 10, "same_zone": 1, "days_difference": 7 }, "geometry": { "type": "Point", "coordinates": [ 36.42, 38.0051 ] } },
{ "type": "Feature", "properties": { "ID": 361, "date_decimal": 2023.1189497716894, "year": 2023, "month": 2, "day": 14, "latitude": 38.5302, "longitude": 37.4908, "mag": 4.5, "place": "2 km SW of Darende, Turkey", "zone_id": 9, "cluster_id": 687, "shock_type": "AS", "mainshock_zone": 9, "same_zone": 1, "days_difference": 8 }, "geometry": { "type": "Point", "coordinates": [ 37.4908, 38.5302 ] } },
{ "type": "Feature", "properties": { "ID": 363, "date_decimal": 2023.1189497716894, "year": 2023, "month": 2, "day": 14, "latitude": 35.5292, "longitude": 35.4049, "mag": 4.46, "place": "34 km W of Latakia, Syria", "zone_id": 100, "cluster_id": 688, "shock_type": "AS", "mainshock_zone": 100, "same_zone": 1, "days_difference": 8 }, "geometry": { "type": "Point", "coordinates": [ 35.4049, 35.5292 ] } },
{ "type": "Feature", "properties": { "ID": 362, "date_decimal": 2023.1189497716894, "year": 2023, "month": 2, "day": 14, "latitude": 38.0849, "longitude": 37.166, "mag": 4.56, "place": "3 km NW of Ekinözü, Turkey", "zone_id": 10, "cluster_id": 686, "shock_type": "AS", "mainshock_zone": 10, "same_zone": 1, "days_difference": 8 }, "geometry": { "type": "Point", "coordinates": [ 37.166, 38.0849 ] } },
{ "type": "Feature", "properties": { "ID": 365, "date_decimal": 2023.1189497716894, "year": 2023, "month": 2, "day": 14, "latitude": 36.0172, "longitude": 36.1295, "mag": 4.56, "place": "6 km NNW of K??lak, Turkey", "zone_id": 999, "cluster_id": 683, "shock_type": "AS", "mainshock_zone": 999, "same_zone": 1, "days_difference": 8 }, "geometry": { "type": "Point", "coordinates": [ 36.1295, 36.0172 ] } },
{ "type": "Feature", "properties": { "ID": 366, "date_decimal": 2023.1189497716894, "year": 2023, "month": 2, "day": 14, "latitude": 36.781, "longitude": 36.1142, "mag": 4.36, "place": "12 km WSW of Dörtyol, Turkey", "zone_id": 6, "cluster_id": 0, "shock_type": "MS", "mainshock_zone": 6, "same_zone": 1, "days_difference": 8 }, "geometry": { "type": "Point", "coordinates": [ 36.1142, 36.781 ] } },
{ "type": "Feature", "properties": { "ID": 364, "date_decimal": 2023.1189497716894, "year": 2023, "month": 2, "day": 14, "latitude": 37.8316, "longitude": 37.9533, "mag": 4.15, "place": "5 km NE of Tut, Turkey", "zone_id": 999, "cluster_id": 684, "shock_type": "AS", "mainshock_zone": 999, "same_zone": 1, "days_difference": 8 }, "geometry": { "type": "Point", "coordinates": [ 37.9533, 37.8316 ] } },
{ "type": "Feature", "properties": { "ID": 360, "date_decimal": 2023.1216894977167, "year": 2023, "month": 2, "day": 15, "latitude": 36.7937, "longitude": 36.5503, "mag": 4.36, "place": "Turkey-Syria border region", "zone_id": 999, "cluster_id": 677, "shock_type": "AS", "mainshock_zone": 999, "same_zone": 1, "days_difference": 9 }, "geometry": { "type": "Point", "coordinates": [ 36.5503, 36.7937 ] } },
{ "type": "Feature", "properties": { "ID": 359, "date_decimal": 2023.1216894977167, "year": 2023, "month": 2, "day": 15, "latitude": 38.0945, "longitude": 36.7069, "mag": 4.46, "place": "Central Turkey", "zone_id": 10, "cluster_id": 685, "shock_type": "AS", "mainshock_zone": 10, "same_zone": 1, "days_difference": 9 }, "geometry": { "type": "Point", "coordinates": [ 36.7069, 38.0945 ] } },
{ "type": "Feature", "properties": { "ID": 358, "date_decimal": 2023.1216894977167, "year": 2023, "month": 2, "day": 15, "latitude": 38.0187, "longitude": 36.4651, "mag": 4.4, "place": "2 km W of Göksun, Turkey", "zone_id": 10, "cluster_id": 685, "shock_type": "AS", "mainshock_zone": 10, "same_zone": 1, "days_difference": 9 }, "geometry": { "type": "Point", "coordinates": [ 36.4651, 38.0187 ] } },
{ "type": "Feature", "properties": { "ID": 357, "date_decimal": 2023.1216894977167, "year": 2023, "month": 2, "day": 15, "latitude": 40.5723, "longitude": 35.3842, "mag": 4.36, "place": "Central Turkey", "zone_id": 34, "cluster_id": 0, "shock_type": "MS", "mainshock_zone": 34, "same_zone": 1, "days_difference": 9 }, "geometry": { "type": "Point", "coordinates": [ 35.3842, 40.5723 ] } },
{ "type": "Feature", "properties": { "ID": 356, "date_decimal": 2023.1216894977167, "year": 2023, "month": 2, "day": 15, "latitude": 38.0487, "longitude": 36.6395, "mag": 4.36, "place": "12 km ENE of Göksun, Turkey", "zone_id": 10, "cluster_id": 685, "shock_type": "AS", "mainshock_zone": 10, "same_zone": 1, "days_difference": 9 }, "geometry": { "type": "Point", "coordinates": [ 36.6395, 38.0487 ] } },
{ "type": "Feature", "properties": { "ID": 350, "date_decimal": 2023.1244292237443, "year": 2023, "month": 2, "day": 16, "latitude": 37.8609, "longitude": 37.9524, "mag": 4.25, "place": "7 km NNE of Tut, Turkey", "zone_id": 999, "cluster_id": 684, "shock_type": "AS", "mainshock_zone": 999, "same_zone": 1, "days_difference": 10 }, "geometry": { "type": "Point", "coordinates": [ 37.9524, 37.8609 ] } },
{ "type": "Feature", "properties": { "ID": 352, "date_decimal": 2023.1244292237443, "year": 2023, "month": 2, "day": 16, "latitude": 37.9197, "longitude": 37.5097, "mag": 4.25, "place": "7 km SE of Nurhak, Turkey", "zone_id": 10, "cluster_id": 677, "shock_type": "AS", "mainshock_zone": 999, "same_zone": 0, "days_difference": 10 }, "geometry": { "type": "Point", "coordinates": [ 37.5097, 37.9197 ] } },
{ "type": "Feature", "properties": { "ID": 351, "date_decimal": 2023.1244292237443, "year": 2023, "month": 2, "day": 16, "latitude": 36.1766, "longitude": 35.7967, "mag": 5.2, "place": "21 km W of Uzunba?, Turkey", "zone_id": 6, "cluster_id": 683, "shock_type": "AS", "mainshock_zone": 999, "same_zone": 0, "days_difference": 10 }, "geometry": { "type": "Point", "coordinates": [ 35.7967, 36.1766 ] } },
{ "type": "Feature", "properties": { "ID": 354, "date_decimal": 2023.1244292237443, "year": 2023, "month": 2, "day": 16, "latitude": 35.9743, "longitude": 35.8103, "mag": 4.8, "place": "24 km WNW of Yaylada??, Turkey", "zone_id": 100, "cluster_id": 683, "shock_type": "AS", "mainshock_zone": 999, "same_zone": 0, "days_difference": 10 }, "geometry": { "type": "Point", "coordinates": [ 35.8103, 35.9743 ] } },
{ "type": "Feature", "properties": { "ID": 355, "date_decimal": 2023.1244292237443, "year": 2023, "month": 2, "day": 16, "latitude": 38.0817, "longitude": 38.5211, "mag": 4.46, "place": "eastern Turkey", "zone_id": 999, "cluster_id": 684, "shock_type": "AS", "mainshock_zone": 999, "same_zone": 1, "days_difference": 10 }, "geometry": { "type": "Point", "coordinates": [ 38.5211, 38.0817 ] } },
{ "type": "Feature", "properties": { "ID": 353, "date_decimal": 2023.1244292237443, "year": 2023, "month": 2, "day": 16, "latitude": 38.1997, "longitude": 37.8377, "mag": 4.6, "place": "12 km NNW of Do?an?ehir, Turkey", "zone_id": 10, "cluster_id": 684, "shock_type": "AS", "mainshock_zone": 999, "same_zone": 0, "days_difference": 10 }, "geometry": { "type": "Point", "coordinates": [ 37.8377, 38.1997 ] } },
{ "type": "Feature", "properties": { "ID": 349, "date_decimal": 2023.1271689497717, "year": 2023, "month": 2, "day": 17, "latitude": 39.1851, "longitude": 40.1492, "mag": 4.6, "place": "8 km ESE of Yayladere, Turkey", "zone_id": 32, "cluster_id": 693, "shock_type": "AS", "mainshock_zone": 44, "same_zone": 0, "days_difference": 11 }, "geometry": { "type": "Point", "coordinates": [ 40.1492, 39.1851 ] } },
{ "type": "Feature", "properties": { "ID": 348, "date_decimal": 2023.1271689497717, "year": 2023, "month": 2, "day": 17, "latitude": 37.9375, "longitude": 36.3279, "mag": 4.4, "place": "17 km WSW of Göksun, Turkey", "zone_id": 10, "cluster_id": 685, "shock_type": "AS", "mainshock_zone": 10, "same_zone": 1, "days_difference": 11 }, "geometry": { "type": "Point", "coordinates": [ 36.3279, 37.9375 ] } },
{ "type": "Feature", "properties": { "ID": 347, "date_decimal": 2023.1271689497717, "year": 2023, "month": 2, "day": 17, "latitude": 38.6273, "longitude": 39.642, "mag": 4.4, "place": "21 km WSW of Kovanc?lar, Turkey", "zone_id": 999, "cluster_id": 691, "shock_type": "AS", "mainshock_zone": 33, "same_zone": 0, "days_difference": 11 }, "geometry": { "type": "Point", "coordinates": [ 39.642, 38.6273 ] } },
{ "type": "Feature", "properties": { "ID": 343, "date_decimal": 2023.129908675799, "year": 2023, "month": 2, "day": 18, "latitude": 38.0696, "longitude": 36.5991, "mag": 5.0, "place": "10 km ENE of Göksun, Turkey", "zone_id": 10, "cluster_id": 685, "shock_type": "AS", "mainshock_zone": 10, "same_zone": 1, "days_difference": 12 }, "geometry": { "type": "Point", "coordinates": [ 36.5991, 38.0696 ] } },
{ "type": "Feature", "properties": { "ID": 346, "date_decimal": 2023.129908675799, "year": 2023, "month": 2, "day": 18, "latitude": 38.073, "longitude": 37.1651, "mag": 4.0, "place": "2 km NW of Ekinözü, Turkey", "zone_id": 10, "cluster_id": 686, "shock_type": "AS", "mainshock_zone": 10, "same_zone": 1, "days_difference": 12 }, "geometry": { "type": "Point", "coordinates": [ 37.1651, 38.073 ] } },
{ "type": "Feature", "properties": { "ID": 345, "date_decimal": 2023.129908675799, "year": 2023, "month": 2, "day": 18, "latitude": 37.9217, "longitude": 38.1144, "mag": 4.15, "place": "eastern Turkey", "zone_id": 103, "cluster_id": 684, "shock_type": "AS", "mainshock_zone": 999, "same_zone": 0, "days_difference": 12 }, "geometry": { "type": "Point", "coordinates": [ 38.1144, 37.9217 ] } },
{ "type": "Feature", "properties": { "ID": 344, "date_decimal": 2023.129908675799, "year": 2023, "month": 2, "day": 18, "latitude": 35.8281, "longitude": 25.509, "mag": 4.7, "place": "57 km N of Limín Khersonísou, Greece", "zone_id": 22, "cluster_id": 0, "shock_type": "MS", "mainshock_zone": 22, "same_zone": 1, "days_difference": 12 }, "geometry": { "type": "Point", "coordinates": [ 25.509, 35.8281 ] } },
{ "type": "Feature", "properties": { "ID": 337, "date_decimal": 2023.1326484018264, "year": 2023, "month": 2, "day": 19, "latitude": 38.2676, "longitude": 38.8212, "mag": 4.36, "place": "19 km WSW of Do?anyol, Turkey", "zone_id": 999, "cluster_id": 681, "shock_type": "AS", "mainshock_zone": 999, "same_zone": 1, "days_difference": 13 }, "geometry": { "type": "Point", "coordinates": [ 38.8212, 38.2676 ] } },
{ "type": "Feature", "properties": { "ID": 338, "date_decimal": 2023.1326484018264, "year": 2023, "month": 2, "day": 19, "latitude": 38.2354, "longitude": 38.1917, "mag": 4.6, "place": "8 km SW of Ye?ilyurt, Turkey", "zone_id": 33, "cluster_id": 684, "shock_type": "AS", "mainshock_zone": 999, "same_zone": 0, "days_difference": 13 }, "geometry": { "type": "Point", "coordinates": [ 38.1917, 38.2354 ] } },
{ "type": "Feature", "properties": { "ID": 341, "date_decimal": 2023.1326484018264, "year": 2023, "month": 2, "day": 19, "latitude": 37.1416, "longitude": 36.8384, "mag": 4.1, "place": "9 km ESE of Nurda??, Turkey", "zone_id": 999, "cluster_id": 677, "shock_type": "AS", "mainshock_zone": 999, "same_zone": 1, "days_difference": 13 }, "geometry": { "type": "Point", "coordinates": [ 36.8384, 37.1416 ] } },
{ "type": "Feature", "properties": { "ID": 340, "date_decimal": 2023.1326484018264, "year": 2023, "month": 2, "day": 19, "latitude": 37.2737, "longitude": 36.8291, "mag": 4.36, "place": "14 km NE of Nurda??, Turkey", "zone_id": 999, "cluster_id": 677, "shock_type": "AS", "mainshock_zone": 999, "same_zone": 1, "days_difference": 13 }, "geometry": { "type": "Point", "coordinates": [ 36.8291, 37.2737 ] } },
{ "type": "Feature", "properties": { "ID": 342, "date_decimal": 2023.1326484018264, "year": 2023, "month": 2, "day": 19, "latitude": 38.0406, "longitude": 36.2306, "mag": 4.3, "place": "13 km ENE of Saimbeyli, Turkey", "zone_id": 9, "cluster_id": 685, "shock_type": "AS", "mainshock_zone": 10, "same_zone": 0, "days_difference": 13 }, "geometry": { "type": "Point", "coordinates": [ 36.2306, 38.0406 ] } },
{ "type": "Feature", "properties": { "ID": 339, "date_decimal": 2023.1326484018264, "year": 2023, "month": 2, "day": 19, "latitude": 37.3021, "longitude": 36.8869, "mag": 4.3, "place": "19 km NE of Nurda??, Turkey", "zone_id": 999, "cluster_id": 677, "shock_type": "AS", "mainshock_zone": 999, "same_zone": 1, "days_difference": 13 }, "geometry": { "type": "Point", "coordinates": [ 36.8869, 37.3021 ] } },
{ "type": "Feature", "properties": { "ID": 326, "date_decimal": 2023.1353881278537, "year": 2023, "month": 2, "day": 20, "latitude": 36.2572, "longitude": 36.1266, "mag": 4.36, "place": "2 km WSW of Kuzeytepe, Turkey", "zone_id": 999, "cluster_id": 683, "shock_type": "AS", "mainshock_zone": 999, "same_zone": 1, "days_difference": 14 }, "geometry": { "type": "Point", "coordinates": [ 36.1266, 36.2572 ] } },
{ "type": "Feature", "properties": { "ID": 328, "date_decimal": 2023.1353881278537, "year": 2023, "month": 2, "day": 20, "latitude": 36.2653, "longitude": 36.0798, "mag": 4.77, "place": "Turkey-Syria border region", "zone_id": 999, "cluster_id": 683, "shock_type": "AS", "mainshock_zone": 999, "same_zone": 1, "days_difference": 14 }, "geometry": { "type": "Point", "coordinates": [ 36.0798, 36.2653 ] } },
{ "type": "Feature", "properties": { "ID": 324, "date_decimal": 2023.1353881278537, "year": 2023, "month": 2, "day": 20, "latitude": 38.0175, "longitude": 37.3695, "mag": 4.3, "place": "8 km NW of Nurhak, Turkey", "zone_id": 10, "cluster_id": 686, "shock_type": "AS", "mainshock_zone": 10, "same_zone": 1, "days_difference": 14 }, "geometry": { "type": "Point", "coordinates": [ 37.3695, 38.0175 ] } },
{ "type": "Feature", "properties": { "ID": 325, "date_decimal": 2023.1353881278537, "year": 2023, "month": 2, "day": 20, "latitude": 35.9531, "longitude": 35.9447, "mag": 4.15, "place": "Near the coast of Syria", "zone_id": 100, "cluster_id": 683, "shock_type": "AS", "mainshock_zone": 999, "same_zone": 0, "days_difference": 14 }, "geometry": { "type": "Point", "coordinates": [ 35.9447, 35.9531 ] } },
{ "type": "Feature", "properties": { "ID": 330, "date_decimal": 2023.1353881278537, "year": 2023, "month": 2, "day": 20, "latitude": 36.1616, "longitude": 36.0251, "mag": 6.3, "place": "2 km NNW of Uzunba?, Turkey", "zone_id": 999, "cluster_id": 0, "shock_type": "MS", "mainshock_zone": 999, "same_zone": 1, "days_difference": 14 }, "geometry": { "type": "Point", "coordinates": [ 36.0251, 36.1616 ] } },
{ "type": "Feature", "properties": { "ID": 327, "date_decimal": 2023.1353881278537, "year": 2023, "month": 2, "day": 20, "latitude": 36.105, "longitude": 35.9906, "mag": 4.36, "place": "5 km SW of Uzunba?, Turkey", "zone_id": 999, "cluster_id": 683, "shock_type": "AS", "mainshock_zone": 999, "same_zone": 1, "days_difference": 14 }, "geometry": { "type": "Point", "coordinates": [ 35.9906, 36.105 ] } },
{ "type": "Feature", "properties": { "ID": 329, "date_decimal": 2023.1353881278537, "year": 2023, "month": 2, "day": 20, "latitude": 36.159, "longitude": 35.9351, "mag": 5.7, "place": "9 km WNW of Uzunba?, Turkey", "zone_id": 999, "cluster_id": 683, "shock_type": "AS", "mainshock_zone": 999, "same_zone": 1, "days_difference": 14 }, "geometry": { "type": "Point", "coordinates": [ 35.9351, 36.159 ] } },
{ "type": "Feature", "properties": { "ID": 332, "date_decimal": 2023.1353881278537, "year": 2023, "month": 2, "day": 20, "latitude": 38.0024, "longitude": 36.7996, "mag": 4.3, "place": "26 km E of Göksun, Turkey", "zone_id": 10, "cluster_id": 677, "shock_type": "AS", "mainshock_zone": 999, "same_zone": 0, "days_difference": 14 }, "geometry": { "type": "Point", "coordinates": [ 36.7996, 38.0024 ] } },
{ "type": "Feature", "properties": { "ID": 333, "date_decimal": 2023.1353881278537, "year": 2023, "month": 2, "day": 20, "latitude": 38.6331, "longitude": 39.9916, "mag": 4.4, "place": "8 km SE of Palu, Turkey", "zone_id": 999, "cluster_id": 692, "shock_type": "AS", "mainshock_zone": 999, "same_zone": 1, "days_difference": 14 }, "geometry": { "type": "Point", "coordinates": [ 39.9916, 38.6331 ] } },
{ "type": "Feature", "properties": { "ID": 334, "date_decimal": 2023.1353881278537, "year": 2023, "month": 2, "day": 20, "latitude": 38.6528, "longitude": 39.9381, "mag": 4.36, "place": "4 km SSE of Palu, Turkey", "zone_id": 999, "cluster_id": 692, "shock_type": "AS", "mainshock_zone": 999, "same_zone": 1, "days_difference": 14 }, "geometry": { "type": "Point", "coordinates": [ 39.9381, 38.6528 ] } },
{ "type": "Feature", "properties": { "ID": 335, "date_decimal": 2023.1353881278537, "year": 2023, "month": 2, "day": 20, "latitude": 38.6907, "longitude": 39.9843, "mag": 4.5, "place": "5 km E of Palu, Turkey", "zone_id": 999, "cluster_id": 692, "shock_type": "AS", "mainshock_zone": 999, "same_zone": 1, "days_difference": 14 }, "geometry": { "type": "Point", "coordinates": [ 39.9843, 38.6907 ] } },
{ "type": "Feature", "properties": { "ID": 336, "date_decimal": 2023.1353881278537, "year": 2023, "month": 2, "day": 20, "latitude": 38.6445, "longitude": 39.9175, "mag": 4.7, "place": "5 km S of Palu, Turkey", "zone_id": 999, "cluster_id": 0, "shock_type": "MS", "mainshock_zone": 999, "same_zone": 1, "days_difference": 14 }, "geometry": { "type": "Point", "coordinates": [ 39.9175, 38.6445 ] } },
{ "type": "Feature", "properties": { "ID": 331, "date_decimal": 2023.1353881278537, "year": 2023, "month": 2, "day": 20, "latitude": 38.6405, "longitude": 39.9601, "mag": 4.56, "place": "6 km SSE of Palu, Turkey", "zone_id": 999, "cluster_id": 692, "shock_type": "AS", "mainshock_zone": 999, "same_zone": 1, "days_difference": 14 }, "geometry": { "type": "Point", "coordinates": [ 39.9601, 38.6405 ] } },
{ "type": "Feature", "properties": { "ID": 323, "date_decimal": 2023.1381278538813, "year": 2023, "month": 2, "day": 21, "latitude": 38.1698, "longitude": 38.4896, "mag": 4.36, "place": "18 km NW of Sincik, Turkey", "zone_id": 999, "cluster_id": 684, "shock_type": "AS", "mainshock_zone": 999, "same_zone": 1, "days_difference": 15 }, "geometry": { "type": "Point", "coordinates": [ 38.4896, 38.1698 ] } },
{ "type": "Feature", "properties": { "ID": 322, "date_decimal": 2023.1381278538813, "year": 2023, "month": 2, "day": 21, "latitude": 37.4411, "longitude": 37.2074, "mag": 4.36, "place": "Central Turkey", "zone_id": 999, "cluster_id": 677, "shock_type": "AS", "mainshock_zone": 999, "same_zone": 1, "days_difference": 15 }, "geometry": { "type": "Point", "coordinates": [ 37.2074, 37.4411 ] } },
{ "type": "Feature", "properties": { "ID": 321, "date_decimal": 2023.1381278538813, "year": 2023, "month": 2, "day": 21, "latitude": 38.0685, "longitude": 37.43, "mag": 4.25, "place": "11 km N of Nurhak, Turkey", "zone_id": 10, "cluster_id": 686, "shock_type": "AS", "mainshock_zone": 10, "same_zone": 1, "days_difference": 15 }, "geometry": { "type": "Point", "coordinates": [ 37.43, 38.0685 ] } },
{ "type": "Feature", "properties": { "ID": 320, "date_decimal": 2023.1381278538813, "year": 2023, "month": 2, "day": 21, "latitude": 36.1158, "longitude": 36.1459, "mag": 4.36, "place": "3 km E of Bal?kl?dere, Turkey", "zone_id": 999, "cluster_id": 683, "shock_type": "AS", "mainshock_zone": 999, "same_zone": 1, "days_difference": 15 }, "geometry": { "type": "Point", "coordinates": [ 36.1459, 36.1158 ] } },
{ "type": "Feature", "properties": { "ID": 316, "date_decimal": 2023.1408675799087, "year": 2023, "month": 2, "day": 22, "latitude": 38.0438, "longitude": 38.3872, "mag": 4.25, "place": "13 km E of Çelikhan, Turkey", "zone_id": 999, "cluster_id": 684, "shock_type": "AS", "mainshock_zone": 999, "same_zone": 1, "days_difference": 16 }, "geometry": { "type": "Point", "coordinates": [ 38.3872, 38.0438 ] } },
{ "type": "Feature", "properties": { "ID": 318, "date_decimal": 2023.1408675799087, "year": 2023, "month": 2, "day": 22, "latitude": 38.4898, "longitude": 40.3081, "mag": 4.56, "place": "11 km NW of Hani, Turkey", "zone_id": 30, "cluster_id": 689, "shock_type": "AS", "mainshock_zone": 30, "same_zone": 1, "days_difference": 16 }, "geometry": { "type": "Point", "coordinates": [ 40.3081, 38.4898 ] } },
{ "type": "Feature", "properties": { "ID": 319, "date_decimal": 2023.1408675799087, "year": 2023, "month": 2, "day": 22, "latitude": 38.0463, "longitude": 36.6397, "mag": 4.15, "place": "12 km ENE of Göksun, Turkey", "zone_id": 10, "cluster_id": 685, "shock_type": "AS", "mainshock_zone": 10, "same_zone": 1, "days_difference": 16 }, "geometry": { "type": "Point", "coordinates": [ 36.6397, 38.0463 ] } },
{ "type": "Feature", "properties": { "ID": 317, "date_decimal": 2023.1408675799087, "year": 2023, "month": 2, "day": 22, "latitude": 38.0395, "longitude": 37.8449, "mag": 4.36, "place": "5 km SSW of Do?an?ehir, Turkey", "zone_id": 999, "cluster_id": 684, "shock_type": "AS", "mainshock_zone": 999, "same_zone": 1, "days_difference": 16 }, "geometry": { "type": "Point", "coordinates": [ 37.8449, 38.0395 ] } },
{ "type": "Feature", "properties": { "ID": 315, "date_decimal": 2023.143607305936, "year": 2023, "month": 2, "day": 23, "latitude": 37.2286, "longitude": 37.0909, "mag": 4.15, "place": "31 km NW of Gaziantep, Turkey", "zone_id": 999, "cluster_id": 677, "shock_type": "AS", "mainshock_zone": 999, "same_zone": 1, "days_difference": 17 }, "geometry": { "type": "Point", "coordinates": [ 37.0909, 37.2286 ] } },
{ "type": "Feature", "properties": { "ID": 314, "date_decimal": 2023.143607305936, "year": 2023, "month": 2, "day": 23, "latitude": 38.0035, "longitude": 37.7419, "mag": 4.56, "place": "14 km SW of Do?an?ehir, Turkey", "zone_id": 999, "cluster_id": 684, "shock_type": "AS", "mainshock_zone": 999, "same_zone": 1, "days_difference": 17 }, "geometry": { "type": "Point", "coordinates": [ 37.7419, 38.0035 ] } },
{ "type": "Feature", "properties": { "ID": 313, "date_decimal": 2023.143607305936, "year": 2023, "month": 2, "day": 23, "latitude": 36.0589, "longitude": 36.095, "mag": 4.9, "place": "6 km SSE of Büyükçat, Turkey", "zone_id": 999, "cluster_id": 683, "shock_type": "AS", "mainshock_zone": 999, "same_zone": 1, "days_difference": 17 }, "geometry": { "type": "Point", "coordinates": [ 36.095, 36.0589 ] } },
{ "type": "Feature", "properties": { "ID": 312, "date_decimal": 2023.1463470319634, "year": 2023, "month": 2, "day": 24, "latitude": 36.3086, "longitude": 36.0365, "mag": 4.15, "place": "11 km NW of G?nyaz?, Turkey", "zone_id": 999, "cluster_id": 683, "shock_type": "AS", "mainshock_zone": 999, "same_zone": 1, "days_difference": 18 }, "geometry": { "type": "Point", "coordinates": [ 36.0365, 36.3086 ] } },
{ "type": "Feature", "properties": { "ID": 311, "date_decimal": 2023.1463470319634, "year": 2023, "month": 2, "day": 24, "latitude": 37.9736, "longitude": 33.9905, "mag": 4.67, "place": "15 km ENE of Emirgazi, Turkey", "zone_id": 4, "cluster_id": 696, "shock_type": "FS", "mainshock_zone": 4, "same_zone": 1, "days_difference": 18 }, "geometry": { "type": "Point", "coordinates": [ 33.9905, 37.9736 ] } },
{ "type": "Feature", "properties": { "ID": 310, "date_decimal": 2023.1463470319634, "year": 2023, "month": 2, "day": 24, "latitude": 38.7865, "longitude": 37.3025, "mag": 4.6, "place": "7 km NNE of Gürün, Turkey", "zone_id": 9, "cluster_id": 0, "shock_type": "MS", "mainshock_zone": 9, "same_zone": 1, "days_difference": 18 }, "geometry": { "type": "Point", "coordinates": [ 37.3025, 38.7865 ] } },
{ "type": "Feature", "properties": { "ID": 309, "date_decimal": 2023.1463470319634, "year": 2023, "month": 2, "day": 24, "latitude": 38.0934, "longitude": 38.7162, "mag": 4.5, "place": "eastern Turkey", "zone_id": 30, "cluster_id": 684, "shock_type": "AS", "mainshock_zone": 999, "same_zone": 0, "days_difference": 18 }, "geometry": { "type": "Point", "coordinates": [ 38.7162, 38.0934 ] } },
{ "type": "Feature", "properties": { "ID": 304, "date_decimal": 2023.1490867579907, "year": 2023, "month": 2, "day": 25, "latitude": 38.0367, "longitude": 37.067, "mag": 4.4, "place": "10 km WSW of Ekin?z?, Turkey", "zone_id": 10, "cluster_id": 685, "shock_type": "AS", "mainshock_zone": 10, "same_zone": 1, "days_difference": 19 }, "geometry": { "type": "Point", "coordinates": [ 37.067, 38.0367 ] } },
{ "type": "Feature", "properties": { "ID": 305, "date_decimal": 2023.1490867579907, "year": 2023, "month": 2, "day": 25, "latitude": 37.9797, "longitude": 33.9876, "mag": 5.2, "place": "15 km ENE of Emirgazi, Turkey", "zone_id": 4, "cluster_id": 0, "shock_type": "MS", "mainshock_zone": 4, "same_zone": 1, "days_difference": 19 }, "geometry": { "type": "Point", "coordinates": [ 33.9876, 37.9797 ] } },
{ "type": "Feature", "properties": { "ID": 307, "date_decimal": 2023.1490867579907, "year": 2023, "month": 2, "day": 25, "latitude": 36.0592, "longitude": 35.9528, "mag": 4.36, "place": "Central Turkey", "zone_id": 999, "cluster_id": 683, "shock_type": "AS", "mainshock_zone": 999, "same_zone": 1, "days_difference": 19 }, "geometry": { "type": "Point", "coordinates": [ 35.9528, 36.0592 ] } },
{ "type": "Feature", "properties": { "ID": 308, "date_decimal": 2023.1490867579907, "year": 2023, "month": 2, "day": 25, "latitude": 38.9781, "longitude": 41.0714, "mag": 4.36, "place": "2 km NE of Solhan, Turkey", "zone_id": 31, "cluster_id": 0, "shock_type": "MS", "mainshock_zone": 31, "same_zone": 1, "days_difference": 19 }, "geometry": { "type": "Point", "coordinates": [ 41.0714, 38.9781 ] } },
{ "type": "Feature", "properties": { "ID": 306, "date_decimal": 2023.1490867579907, "year": 2023, "month": 2, "day": 25, "latitude": 38.3654, "longitude": 37.4414, "mag": 4.25, "place": "20 km SSW of Darende, Turkey", "zone_id": 9, "cluster_id": 686, "shock_type": "AS", "mainshock_zone": 10, "same_zone": 0, "days_difference": 19 }, "geometry": { "type": "Point", "coordinates": [ 37.4414, 38.3654 ] } },
{ "type": "Feature", "properties": { "ID": 303, "date_decimal": 2023.1518264840181, "year": 2023, "month": 2, "day": 26, "latitude": 36.0535, "longitude": 36.012, "mag": 4.5, "place": "9 km SW of B?y?k?at, Turkey", "zone_id": 999, "cluster_id": 683, "shock_type": "AS", "mainshock_zone": 999, "same_zone": 1, "days_difference": 20 }, "geometry": { "type": "Point", "coordinates": [ 36.012, 36.0535 ] } },
{ "type": "Feature", "properties": { "ID": 302, "date_decimal": 2023.1518264840181, "year": 2023, "month": 2, "day": 26, "latitude": 38.0353, "longitude": 37.0903, "mag": 4.46, "place": "8 km WSW of Ekinözü, Turkey", "zone_id": 10, "cluster_id": 685, "shock_type": "AS", "mainshock_zone": 10, "same_zone": 1, "days_difference": 20 }, "geometry": { "type": "Point", "coordinates": [ 37.0903, 38.0353 ] } },
{ "type": "Feature", "properties": { "ID": 301, "date_decimal": 2023.1545662100457, "year": 2023, "month": 2, "day": 27, "latitude": 37.8722, "longitude": 37.5853, "mag": 4.7, "place": "10 km NNW of Gölba??, Turkey", "zone_id": 999, "cluster_id": 677, "shock_type": "AS", "mainshock_zone": 999, "same_zone": 1, "days_difference": 21 }, "geometry": { "type": "Point", "coordinates": [ 37.5853, 37.8722 ] } },
{ "type": "Feature", "properties": { "ID": 300, "date_decimal": 2023.1545662100457, "year": 2023, "month": 2, "day": 27, "latitude": 37.9189, "longitude": 37.0464, "mag": 4.2, "place": "19 km SW of Ekinözü, Turkey", "zone_id": 10, "cluster_id": 677, "shock_type": "AS", "mainshock_zone": 999, "same_zone": 0, "days_difference": 21 }, "geometry": { "type": "Point", "coordinates": [ 37.0464, 37.9189 ] } },
{ "type": "Feature", "properties": { "ID": 299, "date_decimal": 2023.1545662100457, "year": 2023, "month": 2, "day": 27, "latitude": 36.6204, "longitude": 35.704, "mag": 4.56, "place": "30 km E of Karata?, Turkey", "zone_id": 6, "cluster_id": 0, "shock_type": "MS", "mainshock_zone": 6, "same_zone": 1, "days_difference": 21 }, "geometry": { "type": "Point", "coordinates": [ 35.704, 36.6204 ] } },
{ "type": "Feature", "properties": { "ID": 298, "date_decimal": 2023.1545662100457, "year": 2023, "month": 2, "day": 27, "latitude": 38.2144, "longitude": 38.2773, "mag": 5.2, "place": "9 km SSE of Ye?ilyurt, Turkey", "zone_id": 999, "cluster_id": 684, "shock_type": "AS", "mainshock_zone": 999, "same_zone": 1, "days_difference": 21 }, "geometry": { "type": "Point", "coordinates": [ 38.2773, 38.2144 ] } },
{ "type": "Feature", "properties": { "ID": 292, "date_decimal": 2023.157305936073, "year": 2023, "month": 2, "day": 28, "latitude": 37.2808, "longitude": 37.0318, "mag": 4.25, "place": "29 km ENE of Nurda??, Turkey", "zone_id": 999, "cluster_id": 677, "shock_type": "AS", "mainshock_zone": 999, "same_zone": 1, "days_difference": 22 }, "geometry": { "type": "Point", "coordinates": [ 37.0318, 37.2808 ] } },
{ "type": "Feature", "properties": { "ID": 293, "date_decimal": 2023.157305936073, "year": 2023, "month": 2, "day": 28, "latitude": 37.2588, "longitude": 36.992, "mag": 4.25, "place": "24 km ENE of Nurda??, Turkey", "zone_id": 999, "cluster_id": 677, "shock_type": "AS", "mainshock_zone": 999, "same_zone": 1, "days_difference": 22 }, "geometry": { "type": "Point", "coordinates": [ 36.992, 37.2588 ] } },
{ "type": "Feature", "properties": { "ID": 294, "date_decimal": 2023.157305936073, "year": 2023, "month": 2, "day": 28, "latitude": 38.714, "longitude": 35.3935, "mag": 4.15, "place": "8 km WSW of Kayseri, Turkey", "zone_id": 11, "cluster_id": 697, "shock_type": "FS", "mainshock_zone": 11, "same_zone": 1, "days_difference": 22 }, "geometry": { "type": "Point", "coordinates": [ 35.3935, 38.714 ] } },
{ "type": "Feature", "properties": { "ID": 296, "date_decimal": 2023.157305936073, "year": 2023, "month": 2, "day": 28, "latitude": 37.4289, "longitude": 36.4287, "mag": 4.46, "place": "17 km SSE of And?r?n, Turkey", "zone_id": 6, "cluster_id": 672, "shock_type": "AS", "mainshock_zone": 6, "same_zone": 1, "days_difference": 22 }, "geometry": { "type": "Point", "coordinates": [ 36.4287, 37.4289 ] } },
{ "type": "Feature", "properties": { "ID": 297, "date_decimal": 2023.157305936073, "year": 2023, "month": 2, "day": 28, "latitude": 38.2434, "longitude": 38.2911, "mag": 4.36, "place": "7 km SE of Ye?ilyurt, Turkey", "zone_id": 33, "cluster_id": 684, "shock_type": "AS", "mainshock_zone": 999, "same_zone": 0, "days_difference": 22 }, "geometry": { "type": "Point", "coordinates": [ 38.2911, 38.2434 ] } },
{ "type": "Feature", "properties": { "ID": 295, "date_decimal": 2023.157305936073, "year": 2023, "month": 2, "day": 28, "latitude": 37.7893, "longitude": 36.7056, "mag": 4.4, "place": "Central Turkey", "zone_id": 10, "cluster_id": 677, "shock_type": "AS", "mainshock_zone": 999, "same_zone": 0, "days_difference": 22 }, "geometry": { "type": "Point", "coordinates": [ 36.7056, 37.7893 ] } },
{ "type": "Feature", "properties": { "ID": 291, "date_decimal": 2023.1666666666667, "year": 2023, "month": 3, "day": 1, "latitude": 37.9019, "longitude": 36.8966, "mag": 4.1, "place": "Central Turkey", "zone_id": 10, "cluster_id": 677, "shock_type": "AS", "mainshock_zone": 999, "same_zone": 0, "days_difference": 23 }, "geometry": { "type": "Point", "coordinates": [ 36.8966, 37.9019 ] } },
{ "type": "Feature", "properties": { "ID": 290, "date_decimal": 2023.1666666666667, "year": 2023, "month": 3, "day": 1, "latitude": 37.7611, "longitude": 37.8869, "mag": 4.46, "place": "4 km SW of Tut, Turkey", "zone_id": 103, "cluster_id": 684, "shock_type": "AS", "mainshock_zone": 999, "same_zone": 0, "days_difference": 23 }, "geometry": { "type": "Point", "coordinates": [ 37.8869, 37.7611 ] } },
{ "type": "Feature", "properties": { "ID": 289, "date_decimal": 2023.1666666666667, "year": 2023, "month": 3, "day": 1, "latitude": 36.3065, "longitude": 36.097, "mag": 4.87, "place": "7 km W of Anayazi, Turkey", "zone_id": 999, "cluster_id": 683, "shock_type": "AS", "mainshock_zone": 999, "same_zone": 1, "days_difference": 23 }, "geometry": { "type": "Point", "coordinates": [ 36.097, 36.3065 ] } },
{ "type": "Feature", "properties": { "ID": 288, "date_decimal": 2023.1666666666667, "year": 2023, "month": 3, "day": 1, "latitude": 41.3069, "longitude": 44.0089, "mag": 4.36, "place": "21 km WNW of Metsavan, Armenia", "zone_id": 47, "cluster_id": 0, "shock_type": "MS", "mainshock_zone": 47, "same_zone": 1, "days_difference": 23 }, "geometry": { "type": "Point", "coordinates": [ 44.0089, 41.3069 ] } },
{ "type": "Feature", "properties": { "ID": 287, "date_decimal": 2023.1666666666667, "year": 2023, "month": 3, "day": 1, "latitude": 37.2659, "longitude": 37.0676, "mag": 4.56, "place": "31 km ENE of Nurda??, Turkey", "zone_id": 999, "cluster_id": 677, "shock_type": "AS", "mainshock_zone": 999, "same_zone": 1, "days_difference": 23 }, "geometry": { "type": "Point", "coordinates": [ 37.0676, 37.2659 ] } },
{ "type": "Feature", "properties": { "ID": 286, "date_decimal": 2023.1721461187215, "year": 2023, "month": 3, "day": 3, "latitude": 37.8395, "longitude": 36.7004, "mag": 5.0, "place": "26 km SE of Göksun, Turkey", "zone_id": 10, "cluster_id": 677, "shock_type": "AS", "mainshock_zone": 999, "same_zone": 0, "days_difference": 25 }, "geometry": { "type": "Point", "coordinates": [ 36.7004, 37.8395 ] } },
{ "type": "Feature", "properties": { "ID": 285, "date_decimal": 2023.174885844749, "year": 2023, "month": 3, "day": 4, "latitude": 38.0299, "longitude": 38.2134, "mag": 4.36, "place": "2 km WNW of Çelikhan, Turkey", "zone_id": 999, "cluster_id": 684, "shock_type": "AS", "mainshock_zone": 999, "same_zone": 1, "days_difference": 26 }, "geometry": { "type": "Point", "coordinates": [ 38.2134, 38.0299 ] } },
{ "type": "Feature", "properties": { "ID": 284, "date_decimal": 2023.1776255707764, "year": 2023, "month": 3, "day": 5, "latitude": 36.7867, "longitude": 36.1842, "mag": 4.8, "place": "7 km SW of Dörtyol, Turkey", "zone_id": 6, "cluster_id": 677, "shock_type": "AS", "mainshock_zone": 999, "same_zone": 0, "days_difference": 27 }, "geometry": { "type": "Point", "coordinates": [ 36.1842, 36.7867 ] } },
{ "type": "Feature", "properties": { "ID": 282, "date_decimal": 2023.1803652968038, "year": 2023, "month": 3, "day": 6, "latitude": 37.9373, "longitude": 37.9093, "mag": 4.25, "place": "15 km N of Tut, Turkey", "zone_id": 999, "cluster_id": 684, "shock_type": "AS", "mainshock_zone": 999, "same_zone": 1, "days_difference": 28 }, "geometry": { "type": "Point", "coordinates": [ 37.9093, 37.9373 ] } },
{ "type": "Feature", "properties": { "ID": 283, "date_decimal": 2023.1803652968038, "year": 2023, "month": 3, "day": 6, "latitude": 36.1816, "longitude": 36.0375, "mag": 4.15, "place": "4 km N of Uzunba?, Turkey", "zone_id": 999, "cluster_id": 683, "shock_type": "AS", "mainshock_zone": 999, "same_zone": 1, "days_difference": 28 }, "geometry": { "type": "Point", "coordinates": [ 36.0375, 36.1816 ] } },
{ "type": "Feature", "properties": { "ID": 278, "date_decimal": 2023.1803652968038, "year": 2023, "month": 3, "day": 6, "latitude": 36.1589, "longitude": 36.0428, "mag": 4.15, "place": "2 km NNE of Uzunba?, Turkey", "zone_id": 999, "cluster_id": 683, "shock_type": "AS", "mainshock_zone": 999, "same_zone": 1, "days_difference": 28 }, "geometry": { "type": "Point", "coordinates": [ 36.0428, 36.1589 ] } },
{ "type": "Feature", "properties": { "ID": 281, "date_decimal": 2023.1803652968038, "year": 2023, "month": 3, "day": 6, "latitude": 36.1213, "longitude": 36.1681, "mag": 4.46, "place": "4 km SE of Gümü?göze, Turkey", "zone_id": 999, "cluster_id": 683, "shock_type": "AS", "mainshock_zone": 999, "same_zone": 1, "days_difference": 28 }, "geometry": { "type": "Point", "coordinates": [ 36.1681, 36.1213 ] } },
{ "type": "Feature", "properties": { "ID": 280, "date_decimal": 2023.1803652968038, "year": 2023, "month": 3, "day": 6, "latitude": 36.2202, "longitude": 36.0072, "mag": 4.15, "place": "5 km W of Toygarl?, Turkey", "zone_id": 999, "cluster_id": 683, "shock_type": "AS", "mainshock_zone": 999, "same_zone": 1, "days_difference": 28 }, "geometry": { "type": "Point", "coordinates": [ 36.0072, 36.2202 ] } },
{ "type": "Feature", "properties": { "ID": 279, "date_decimal": 2023.1803652968038, "year": 2023, "month": 3, "day": 6, "latitude": 38.197, "longitude": 37.2109, "mag": 4.15, "place": "1 km SE of Elbistan, Turkey", "zone_id": 10, "cluster_id": 686, "shock_type": "AS", "mainshock_zone": 10, "same_zone": 1, "days_difference": 28 }, "geometry": { "type": "Point", "coordinates": [ 37.2109, 38.197 ] } },
{ "type": "Feature", "properties": { "ID": 276, "date_decimal": 2023.1831050228311, "year": 2023, "month": 3, "day": 7, "latitude": 38.6363, "longitude": 35.2749, "mag": 4.7, "place": "15 km W of Hac?lar, Turkey", "zone_id": 11, "cluster_id": 697, "shock_type": "AS", "mainshock_zone": 11, "same_zone": 1, "days_difference": 29 }, "geometry": { "type": "Point", "coordinates": [ 35.2749, 38.6363 ] } },
{ "type": "Feature", "properties": { "ID": 275, "date_decimal": 2023.1831050228311, "year": 2023, "month": 3, "day": 7, "latitude": 38.7072, "longitude": 35.3412, "mag": 4.1, "place": "11 km NW of Hac?lar, Turkey", "zone_id": 11, "cluster_id": 697, "shock_type": "AS", "mainshock_zone": 11, "same_zone": 1, "days_difference": 29 }, "geometry": { "type": "Point", "coordinates": [ 35.3412, 38.7072 ] } },
{ "type": "Feature", "properties": { "ID": 274, "date_decimal": 2023.1831050228311, "year": 2023, "month": 3, "day": 7, "latitude": 38.8412, "longitude": 37.3634, "mag": 4.2, "place": "Central Turkey", "zone_id": 9, "cluster_id": 687, "shock_type": "AS", "mainshock_zone": 9, "same_zone": 1, "days_difference": 29 }, "geometry": { "type": "Point", "coordinates": [ 37.3634, 38.8412 ] } },
{ "type": "Feature", "properties": { "ID": 277, "date_decimal": 2023.1831050228311, "year": 2023, "month": 3, "day": 7, "latitude": 37.6641, "longitude": 36.608, "mag": 4.56, "place": "24 km ENE of And?r?n, Turkey", "zone_id": 10, "cluster_id": 677, "shock_type": "AS", "mainshock_zone": 999, "same_zone": 0, "days_difference": 29 }, "geometry": { "type": "Point", "coordinates": [ 36.608, 37.6641 ] } },
{ "type": "Feature", "properties": { "ID": 273, "date_decimal": 2023.1885844748858, "year": 2023, "month": 3, "day": 9, "latitude": 38.0443, "longitude": 38.4499, "mag": 4.3, "place": "14 km W of Sincik, Turkey", "zone_id": 104, "cluster_id": 684, "shock_type": "AS", "mainshock_zone": 999, "same_zone": 0, "days_difference": 31 }, "geometry": { "type": "Point", "coordinates": [ 38.4499, 38.0443 ] } },
{ "type": "Feature", "properties": { "ID": 272, "date_decimal": 2023.1885844748858, "year": 2023, "month": 3, "day": 9, "latitude": 38.0554, "longitude": 38.4498, "mag": 4.0, "place": "14 km W of Sincik, Turkey", "zone_id": 999, "cluster_id": 684, "shock_type": "AS", "mainshock_zone": 999, "same_zone": 1, "days_difference": 31 }, "geometry": { "type": "Point", "coordinates": [ 38.4498, 38.0554 ] } },
{ "type": "Feature", "properties": { "ID": 271, "date_decimal": 2023.1913242009134, "year": 2023, "month": 3, "day": 10, "latitude": 38.6968, "longitude": 35.3499, "mag": 4.8, "place": "10 km WNW of Hac?lar, Turkey", "zone_id": 11, "cluster_id": 0, "shock_type": "MS", "mainshock_zone": 11, "same_zone": 1, "days_difference": 32 }, "geometry": { "type": "Point", "coordinates": [ 35.3499, 38.6968 ] } },
{ "type": "Feature", "properties": { "ID": 270, "date_decimal": 2023.1913242009134, "year": 2023, "month": 3, "day": 10, "latitude": 37.9912, "longitude": 37.4971, "mag": 4.25, "place": "5 km ENE of Nurhak, Turkey", "zone_id": 10, "cluster_id": 684, "shock_type": "AS", "mainshock_zone": 999, "same_zone": 0, "days_difference": 32 }, "geometry": { "type": "Point", "coordinates": [ 37.4971, 37.9912 ] } },
{ "type": "Feature", "properties": { "ID": 268, "date_decimal": 2023.1940639269408, "year": 2023, "month": 3, "day": 11, "latitude": 36.9506, "longitude": 35.7349, "mag": 4.46, "place": "11 km SW of Ceyhan, Turkey", "zone_id": 6, "cluster_id": 0, "shock_type": "MS", "mainshock_zone": 6, "same_zone": 1, "days_difference": 33 }, "geometry": { "type": "Point", "coordinates": [ 35.7349, 36.9506 ] } },
{ "type": "Feature", "properties": { "ID": 269, "date_decimal": 2023.1940639269408, "year": 2023, "month": 3, "day": 11, "latitude": 38.078, "longitude": 38.5946, "mag": 4.46, "place": "4 km NNW of Sincik, Turkey", "zone_id": 30, "cluster_id": 684, "shock_type": "AS", "mainshock_zone": 999, "same_zone": 0, "days_difference": 33 }, "geometry": { "type": "Point", "coordinates": [ 38.5946, 38.078 ] } },
{ "type": "Feature", "properties": { "ID": 267, "date_decimal": 2023.1968036529681, "year": 2023, "month": 3, "day": 12, "latitude": 37.9391, "longitude": 36.329, "mag": 4.46, "place": "17 km WSW of Göksun, Turkey", "zone_id": 10, "cluster_id": 685, "shock_type": "AS", "mainshock_zone": 10, "same_zone": 1, "days_difference": 34 }, "geometry": { "type": "Point", "coordinates": [ 36.329, 37.9391 ] } },
{ "type": "Feature", "properties": { "ID": 266, "date_decimal": 2023.1995433789955, "year": 2023, "month": 3, "day": 13, "latitude": 38.1188, "longitude": 38.6904, "mag": 4.6, "place": "11 km NE of Sincik, Turkey", "zone_id": 29, "cluster_id": 684, "shock_type": "AS", "mainshock_zone": 999, "same_zone": 0, "days_difference": 35 }, "geometry": { "type": "Point", "coordinates": [ 38.6904, 38.1188 ] } },
{ "type": "Feature", "properties": { "ID": 265, "date_decimal": 2023.1995433789955, "year": 2023, "month": 3, "day": 13, "latitude": 38.1179, "longitude": 38.6785, "mag": 4.56, "place": "10 km NNE of Sincik, Turkey", "zone_id": 104, "cluster_id": 684, "shock_type": "AS", "mainshock_zone": 999, "same_zone": 0, "days_difference": 35 }, "geometry": { "type": "Point", "coordinates": [ 38.6785, 38.1179 ] } },
{ "type": "Feature", "properties": { "ID": 264, "date_decimal": 2023.1995433789955, "year": 2023, "month": 3, "day": 13, "latitude": 36.8216, "longitude": 36.5749, "mag": 4.46, "place": "4 km NNE of Aşağı Karafakılı, Turkey", "zone_id": 999, "cluster_id": 677, "shock_type": "AS", "mainshock_zone": 999, "same_zone": 1, "days_difference": 35 }, "geometry": { "type": "Point", "coordinates": [ 36.5749, 36.8216 ] } },
{ "type": "Feature", "properties": { "ID": 263, "date_decimal": 2023.2022831050228, "year": 2023, "month": 3, "day": 14, "latitude": 38.0681, "longitude": 36.9544, "mag": 4.6, "place": "20 km S of Afşin, Turkey", "zone_id": 10, "cluster_id": 685, "shock_type": "AS", "mainshock_zone": 10, "same_zone": 1, "days_difference": 36 }, "geometry": { "type": "Point", "coordinates": [ 36.9544, 38.0681 ] } },
{ "type": "Feature", "properties": { "ID": 262, "date_decimal": 2023.2022831050228, "year": 2023, "month": 3, "day": 14, "latitude": 37.7899, "longitude": 37.3899, "mag": 4.6, "place": "Central Turkey", "zone_id": 999, "cluster_id": 677, "shock_type": "AS", "mainshock_zone": 999, "same_zone": 1, "days_difference": 36 }, "geometry": { "type": "Point", "coordinates": [ 37.3899, 37.7899 ] } },
{ "type": "Feature", "properties": { "ID": 261, "date_decimal": 2023.2050228310502, "year": 2023, "month": 3, "day": 15, "latitude": 37.1468, "longitude": 36.3894, "mag": 4.36, "place": "14 km W of Hasanbeyli, Turkey", "zone_id": 6, "cluster_id": 677, "shock_type": "AS", "mainshock_zone": 999, "same_zone": 0, "days_difference": 37 }, "geometry": { "type": "Point", "coordinates": [ 36.3894, 37.1468 ] } },
{ "type": "Feature", "properties": { "ID": 260, "date_decimal": 2023.2077625570778, "year": 2023, "month": 3, "day": 16, "latitude": 40.7432, "longitude": 31.5028, "mag": 4.8, "place": "8 km W of Bolu, Turkey", "zone_id": 8, "cluster_id": 676, "shock_type": "AS", "mainshock_zone": 8, "same_zone": 1, "days_difference": 38 }, "geometry": { "type": "Point", "coordinates": [ 31.5028, 40.7432 ] } },
{ "type": "Feature", "properties": { "ID": 259, "date_decimal": 2023.2077625570778, "year": 2023, "month": 3, "day": 16, "latitude": 38.5027, "longitude": 45.0678, "mag": 5.2, "place": "11 km ESE of Khowy, Iran", "zone_id": 86, "cluster_id": 670, "shock_type": "AS", "mainshock_zone": 86, "same_zone": 1, "days_difference": 38 }, "geometry": { "type": "Point", "coordinates": [ 45.0678, 38.5027 ] } },
{ "type": "Feature", "properties": { "ID": 258, "date_decimal": 2023.2077625570778, "year": 2023, "month": 3, "day": 16, "latitude": 36.2558, "longitude": 34.3695, "mag": 4.46, "place": "30 km SE of Kızkalesi, Turkey", "zone_id": 40, "cluster_id": 0, "shock_type": "MS", "mainshock_zone": 40, "same_zone": 1, "days_difference": 38 }, "geometry": { "type": "Point", "coordinates": [ 34.3695, 36.2558 ] } },
{ "type": "Feature", "properties": { "ID": 257, "date_decimal": 2023.2105022831051, "year": 2023, "month": 3, "day": 17, "latitude": 38.0241, "longitude": 36.5823, "mag": 4.56, "place": "7 km E of Göksun, Turkey", "zone_id": 10, "cluster_id": 685, "shock_type": "AS", "mainshock_zone": 10, "same_zone": 1, "days_difference": 39 }, "geometry": { "type": "Point", "coordinates": [ 36.5823, 38.0241 ] } },
{ "type": "Feature", "properties": { "ID": 255, "date_decimal": 2023.2132420091325, "year": 2023, "month": 3, "day": 18, "latitude": 38.0124, "longitude": 36.4342, "mag": 4.77, "place": "5 km W of Göksun, Turkey", "zone_id": 10, "cluster_id": 685, "shock_type": "AS", "mainshock_zone": 10, "same_zone": 1, "days_difference": 40 }, "geometry": { "type": "Point", "coordinates": [ 36.4342, 38.0124 ] } },
{ "type": "Feature", "properties": { "ID": 254, "date_decimal": 2023.2132420091325, "year": 2023, "month": 3, "day": 18, "latitude": 37.8325, "longitude": 36.3765, "mag": 4.56, "place": "23 km SSW of Göksun, Turkey", "zone_id": 10, "cluster_id": 677, "shock_type": "AS", "mainshock_zone": 999, "same_zone": 0, "days_difference": 40 }, "geometry": { "type": "Point", "coordinates": [ 36.3765, 37.8325 ] } },
{ "type": "Feature", "properties": { "ID": 253, "date_decimal": 2023.2132420091325, "year": 2023, "month": 3, "day": 18, "latitude": 37.1129, "longitude": 36.3047, "mag": 4.25, "place": "Central Turkey", "zone_id": 6, "cluster_id": 677, "shock_type": "AS", "mainshock_zone": 999, "same_zone": 0, "days_difference": 40 }, "geometry": { "type": "Point", "coordinates": [ 36.3047, 37.1129 ] } },
{ "type": "Feature", "properties": { "ID": 256, "date_decimal": 2023.2132420091325, "year": 2023, "month": 3, "day": 18, "latitude": 37.7982, "longitude": 36.6794, "mag": 4.25, "place": "29 km SSE of Göksun, Turkey", "zone_id": 10, "cluster_id": 677, "shock_type": "AS", "mainshock_zone": 999, "same_zone": 0, "days_difference": 40 }, "geometry": { "type": "Point", "coordinates": [ 36.6794, 37.7982 ] } },
{ "type": "Feature", "properties": { "ID": 252, "date_decimal": 2023.2159817351599, "year": 2023, "month": 3, "day": 19, "latitude": 38.0441, "longitude": 36.4908, "mag": 4.46, "place": "2 km NNW of G?ksun, Turkey", "zone_id": 10, "cluster_id": 685, "shock_type": "AS", "mainshock_zone": 10, "same_zone": 1, "days_difference": 41 }, "geometry": { "type": "Point", "coordinates": [ 36.4908, 38.0441 ] } },
{ "type": "Feature", "properties": { "ID": 251, "date_decimal": 2023.2159817351599, "year": 2023, "month": 3, "day": 19, "latitude": 38.0182, "longitude": 36.4817, "mag": 4.46, "place": "1 km WSW of Göksun, Turkey", "zone_id": 10, "cluster_id": 685, "shock_type": "AS", "mainshock_zone": 10, "same_zone": 1, "days_difference": 41 }, "geometry": { "type": "Point", "coordinates": [ 36.4817, 38.0182 ] } },
{ "type": "Feature", "properties": { "ID": 250, "date_decimal": 2023.2187214611872, "year": 2023, "month": 3, "day": 20, "latitude": 38.0581, "longitude": 37.1965, "mag": 4.36, "place": "0 km ESE of Ekinözü, Turkey", "zone_id": 10, "cluster_id": 686, "shock_type": "AS", "mainshock_zone": 10, "same_zone": 1, "days_difference": 42 }, "geometry": { "type": "Point", "coordinates": [ 37.1965, 38.0581 ] } },
{ "type": "Feature", "properties": { "ID": 249, "date_decimal": 2023.2187214611872, "year": 2023, "month": 3, "day": 20, "latitude": 37.3664, "longitude": 36.7383, "mag": 4.15, "place": "21 km N of Nurdağı, Turkey", "zone_id": 999, "cluster_id": 677, "shock_type": "AS", "mainshock_zone": 999, "same_zone": 1, "days_difference": 42 }, "geometry": { "type": "Point", "coordinates": [ 36.7383, 37.3664 ] } },
{ "type": "Feature", "properties": { "ID": 248, "date_decimal": 2023.2242009132422, "year": 2023, "month": 3, "day": 22, "latitude": 38.0772, "longitude": 38.0427, "mag": 4.3, "place": "15 km E of Doğanşehir, Turkey", "zone_id": 999, "cluster_id": 684, "shock_type": "AS", "mainshock_zone": 999, "same_zone": 1, "days_difference": 44 }, "geometry": { "type": "Point", "coordinates": [ 38.0427, 38.0772 ] } },
{ "type": "Feature", "properties": { "ID": 245, "date_decimal": 2023.2269406392695, "year": 2023, "month": 3, "day": 23, "latitude": 38.0186, "longitude": 36.4699, "mag": 4.56, "place": "2 km W of Göksun, Turkey", "zone_id": 10, "cluster_id": 685, "shock_type": "AS", "mainshock_zone": 10, "same_zone": 1, "days_difference": 45 }, "geometry": { "type": "Point", "coordinates": [ 36.4699, 38.0186 ] } },
{ "type": "Feature", "properties": { "ID": 246, "date_decimal": 2023.2269406392695, "year": 2023, "month": 3, "day": 23, "latitude": 38.0109, "longitude": 36.4273, "mag": 5.3, "place": "6 km W of Göksun, Turkey", "zone_id": 10, "cluster_id": 685, "shock_type": "AS", "mainshock_zone": 10, "same_zone": 1, "days_difference": 45 }, "geometry": { "type": "Point", "coordinates": [ 36.4273, 38.0109 ] } },
{ "type": "Feature", "properties": { "ID": 247, "date_decimal": 2023.2269406392695, "year": 2023, "month": 3, "day": 23, "latitude": 37.8867, "longitude": 36.6199, "mag": 4.2, "place": "18 km SE of Göksun, Turkey", "zone_id": 10, "cluster_id": 677, "shock_type": "AS", "mainshock_zone": 999, "same_zone": 0, "days_difference": 45 }, "geometry": { "type": "Point", "coordinates": [ 36.6199, 37.8867 ] } },
{ "type": "Feature", "properties": { "ID": 244, "date_decimal": 2023.2296803652969, "year": 2023, "month": 3, "day": 24, "latitude": 37.9593, "longitude": 36.3728, "mag": 4.6, "place": "K. Maras, Turkey", "zone_id": 10, "cluster_id": 685, "shock_type": "AS", "mainshock_zone": 10, "same_zone": 1, "days_difference": 46 }, "geometry": { "type": "Point", "coordinates": [ 36.3728, 37.9593 ] } },
{ "type": "Feature", "properties": { "ID": 243, "date_decimal": 2023.2296803652969, "year": 2023, "month": 3, "day": 24, "latitude": 38.4614, "longitude": 44.8505, "mag": 5.6, "place": "13 km SW of Khowy, Iran", "zone_id": 86, "cluster_id": 670, "shock_type": "AS", "mainshock_zone": 86, "same_zone": 1, "days_difference": 46 }, "geometry": { "type": "Point", "coordinates": [ 44.8505, 38.4614 ] } },
{ "type": "Feature", "properties": { "ID": 242, "date_decimal": 2023.2296803652969, "year": 2023, "month": 3, "day": 24, "latitude": 37.9624, "longitude": 37.5237, "mag": 4.56, "place": "7 km E of Nurhak, Turkey", "zone_id": 10, "cluster_id": 684, "shock_type": "AS", "mainshock_zone": 999, "same_zone": 0, "days_difference": 46 }, "geometry": { "type": "Point", "coordinates": [ 37.5237, 37.9624 ] } },
{ "type": "Feature", "properties": { "ID": 241, "date_decimal": 2023.2324200913242, "year": 2023, "month": 3, "day": 25, "latitude": 38.039, "longitude": 37.0762, "mag": 4.67, "place": "10 km WSW of Ekinözü, Turkey", "zone_id": 10, "cluster_id": 685, "shock_type": "AS", "mainshock_zone": 10, "same_zone": 1, "days_difference": 47 }, "geometry": { "type": "Point", "coordinates": [ 37.0762, 38.039 ] } },
{ "type": "Feature", "properties": { "ID": 240, "date_decimal": 2023.2324200913242, "year": 2023, "month": 3, "day": 25, "latitude": 37.9067, "longitude": 36.189, "mag": 4.46, "place": "12 km SE of Saimbeyli, Turkey", "zone_id": 10, "cluster_id": 685, "shock_type": "AS", "mainshock_zone": 10, "same_zone": 1, "days_difference": 47 }, "geometry": { "type": "Point", "coordinates": [ 36.189, 37.9067 ] } },
{ "type": "Feature", "properties": { "ID": 239, "date_decimal": 2023.2378995433792, "year": 2023, "month": 3, "day": 27, "latitude": 38.0816, "longitude": 36.5466, "mag": 4.4, "place": "K. Maras, Turkey", "zone_id": 10, "cluster_id": 685, "shock_type": "AS", "mainshock_zone": 10, "same_zone": 1, "days_difference": 49 }, "geometry": { "type": "Point", "coordinates": [ 36.5466, 38.0816 ] } },
{ "type": "Feature", "properties": { "ID": 238, "date_decimal": 2023.2406392694065, "year": 2023, "month": 3, "day": 28, "latitude": 37.6759, "longitude": 36.3106, "mag": 4.46, "place": "11 km NNW of Andırın, Turkey", "zone_id": 10, "cluster_id": 677, "shock_type": "AS", "mainshock_zone": 999, "same_zone": 0, "days_difference": 50 }, "geometry": { "type": "Point", "coordinates": [ 36.3106, 37.6759 ] } },
{ "type": "Feature", "properties": { "ID": 235, "date_decimal": 2023.2433789954339, "year": 2023, "month": 3, "day": 29, "latitude": 37.3405, "longitude": 36.8426, "mag": 4.25, "place": "Central Turkey", "zone_id": 999, "cluster_id": 677, "shock_type": "AS", "mainshock_zone": 999, "same_zone": 1, "days_difference": 51 }, "geometry": { "type": "Point", "coordinates": [ 36.8426, 37.3405 ] } },
{ "type": "Feature", "properties": { "ID": 234, "date_decimal": 2023.2433789954339, "year": 2023, "month": 3, "day": 29, "latitude": 37.786, "longitude": 36.5257, "mag": 4.46, "place": "26 km S of Göksun, Turkey", "zone_id": 10, "cluster_id": 677, "shock_type": "AS", "mainshock_zone": 999, "same_zone": 0, "days_difference": 51 }, "geometry": { "type": "Point", "coordinates": [ 36.5257, 37.786 ] } },
{ "type": "Feature", "properties": { "ID": 237, "date_decimal": 2023.2433789954339, "year": 2023, "month": 3, "day": 29, "latitude": 38.2368, "longitude": 38.0593, "mag": 4.56, "place": "13 km SE of Akçadağ, Turkey", "zone_id": 33, "cluster_id": 684, "shock_type": "AS", "mainshock_zone": 999, "same_zone": 0, "days_difference": 51 }, "geometry": { "type": "Point", "coordinates": [ 38.0593, 38.2368 ] } },
{ "type": "Feature", "properties": { "ID": 236, "date_decimal": 2023.2433789954339, "year": 2023, "month": 3, "day": 29, "latitude": 37.9287, "longitude": 36.2781, "mag": 4.67, "place": "17 km ESE of Saimbeyli, Turkey", "zone_id": 10, "cluster_id": 685, "shock_type": "AS", "mainshock_zone": 10, "same_zone": 1, "days_difference": 51 }, "geometry": { "type": "Point", "coordinates": [ 36.2781, 37.9287 ] } },
{ "type": "Feature", "properties": { "ID": 233, "date_decimal": 2023.2488584474886, "year": 2023, "month": 3, "day": 31, "latitude": 36.9811, "longitude": 36.661, "mag": 4.46, "place": "19 km SSE of Hasanbeyli, Turkey", "zone_id": 999, "cluster_id": 677, "shock_type": "AS", "mainshock_zone": 999, "same_zone": 1, "days_difference": 53 }, "geometry": { "type": "Point", "coordinates": [ 36.661, 36.9811 ] } },
{ "type": "Feature", "properties": { "ID": 230, "date_decimal": 2023.25, "year": 2023, "month": 4, "day": 1, "latitude": 41.0553, "longitude": 33.5349, "mag": 4.46, "place": "16 km NNW of Ilgaz, Turkey", "zone_id": 2, "cluster_id": 0, "shock_type": "MS", "mainshock_zone": 2, "same_zone": 1, "days_difference": 54 }, "geometry": { "type": "Point", "coordinates": [ 33.5349, 41.0553 ] } },
{ "type": "Feature", "properties": { "ID": 232, "date_decimal": 2023.25, "year": 2023, "month": 4, "day": 1, "latitude": 36.0662, "longitude": 35.8128, "mag": 4.46, "place": "21 km WSW of Uzunba?, Turkey", "zone_id": 100, "cluster_id": 683, "shock_type": "AS", "mainshock_zone": 999, "same_zone": 0, "days_difference": 54 }, "geometry": { "type": "Point", "coordinates": [ 35.8128, 36.0662 ] } },
{ "type": "Feature", "properties": { "ID": 231, "date_decimal": 2023.25, "year": 2023, "month": 4, "day": 1, "latitude": 36.0466, "longitude": 35.9161, "mag": 4.46, "place": "14 km SW of Uzunba?, Turkey", "zone_id": 999, "cluster_id": 683, "shock_type": "AS", "mainshock_zone": 999, "same_zone": 1, "days_difference": 54 }, "geometry": { "type": "Point", "coordinates": [ 35.9161, 36.0466 ] } },
{ "type": "Feature", "properties": { "ID": 229, "date_decimal": 2023.2554794520547, "year": 2023, "month": 4, "day": 3, "latitude": 37.9347, "longitude": 36.2862, "mag": 4.56, "place": "18 km ESE of Saimbeyli, Turkey", "zone_id": 10, "cluster_id": 685, "shock_type": "AS", "mainshock_zone": 10, "same_zone": 1, "days_difference": 56 }, "geometry": { "type": "Point", "coordinates": [ 36.2862, 37.9347 ] } },
{ "type": "Feature", "properties": { "ID": 228, "date_decimal": 2023.2554794520547, "year": 2023, "month": 4, "day": 3, "latitude": 38.013, "longitude": 37.7709, "mag": 4.46, "place": "11 km SW of Doğanşehir, Turkey", "zone_id": 999, "cluster_id": 684, "shock_type": "AS", "mainshock_zone": 999, "same_zone": 1, "days_difference": 56 }, "geometry": { "type": "Point", "coordinates": [ 37.7709, 38.013 ] } },
{ "type": "Feature", "properties": { "ID": 227, "date_decimal": 2023.2554794520547, "year": 2023, "month": 4, "day": 3, "latitude": 38.0591, "longitude": 37.7701, "mag": 4.1, "place": "9 km WSW of Do?an?ehir, Turkey", "zone_id": 10, "cluster_id": 684, "shock_type": "AS", "mainshock_zone": 999, "same_zone": 0, "days_difference": 56 }, "geometry": { "type": "Point", "coordinates": [ 37.7701, 38.0591 ] } },
{ "type": "Feature", "properties": { "ID": 226, "date_decimal": 2023.2582191780823, "year": 2023, "month": 4, "day": 4, "latitude": 37.1977, "longitude": 30.48, "mag": 4.46, "place": "12 km SSE of Kızılkaya, Turkey", "zone_id": 17, "cluster_id": 0, "shock_type": "MS", "mainshock_zone": 17, "same_zone": 1, "days_difference": 57 }, "geometry": { "type": "Point", "coordinates": [ 30.48, 37.1977 ] } },
{ "type": "Feature", "properties": { "ID": 225, "date_decimal": 2023.263698630137, "year": 2023, "month": 4, "day": 6, "latitude": 37.6604, "longitude": 35.4674, "mag": 4.36, "place": "13 km NNE of Aladağ, Turkey", "zone_id": 9, "cluster_id": 698, "shock_type": "FS", "mainshock_zone": 10, "same_zone": 0, "days_difference": 59 }, "geometry": { "type": "Point", "coordinates": [ 35.4674, 37.6604 ] } },
{ "type": "Feature", "properties": { "ID": 224, "date_decimal": 2023.2664383561644, "year": 2023, "month": 4, "day": 7, "latitude": 39.076, "longitude": 40.4393, "mag": 4.67, "place": "21 km NNW of Bingöl, Turkey", "zone_id": 44, "cluster_id": 0, "shock_type": "MS", "mainshock_zone": 44, "same_zone": 1, "days_difference": 60 }, "geometry": { "type": "Point", "coordinates": [ 40.4393, 39.076 ] } },
{ "type": "Feature", "properties": { "ID": 223, "date_decimal": 2023.2691780821917, "year": 2023, "month": 4, "day": 8, "latitude": 38.1056, "longitude": 36.8693, "mag": 4.25, "place": "16 km SSW of Afşin, Turkey", "zone_id": 10, "cluster_id": 685, "shock_type": "AS", "mainshock_zone": 10, "same_zone": 1, "days_difference": 61 }, "geometry": { "type": "Point", "coordinates": [ 36.8693, 38.1056 ] } },
{ "type": "Feature", "properties": { "ID": 222, "date_decimal": 2023.2746575342467, "year": 2023, "month": 4, "day": 10, "latitude": 37.4535, "longitude": 37.1254, "mag": 4.15, "place": "15 km WSW of Pazarcık, Turkey", "zone_id": 999, "cluster_id": 677, "shock_type": "AS", "mainshock_zone": 999, "same_zone": 1, "days_difference": 63 }, "geometry": { "type": "Point", "coordinates": [ 37.1254, 37.4535 ] } },
{ "type": "Feature", "properties": { "ID": 220, "date_decimal": 2023.277397260274, "year": 2023, "month": 4, "day": 11, "latitude": 39.4205, "longitude": 44.48, "mag": 4.46, "place": "36 km ESE of Doğubayazıt, Turkey", "zone_id": 51, "cluster_id": 0, "shock_type": "MS", "mainshock_zone": 51, "same_zone": 1, "days_difference": 64 }, "geometry": { "type": "Point", "coordinates": [ 44.48, 39.4205 ] } },
{ "type": "Feature", "properties": { "ID": 221, "date_decimal": 2023.277397260274, "year": 2023, "month": 4, "day": 11, "latitude": 37.897, "longitude": 36.4435, "mag": 4.46, "place": "14 km SSW of Göksun, Turkey", "zone_id": 10, "cluster_id": 685, "shock_type": "AS", "mainshock_zone": 10, "same_zone": 1, "days_difference": 64 }, "geometry": { "type": "Point", "coordinates": [ 36.4435, 37.897 ] } },
{ "type": "Feature", "properties": { "ID": 219, "date_decimal": 2023.2828767123287, "year": 2023, "month": 4, "day": 13, "latitude": 38.1221, "longitude": 38.5573, "mag": 4.56, "place": "10 km NNW of Sincik, Turkey", "zone_id": 999, "cluster_id": 684, "shock_type": "AS", "mainshock_zone": 999, "same_zone": 1, "days_difference": 66 }, "geometry": { "type": "Point", "coordinates": [ 38.5573, 38.1221 ] } },
{ "type": "Feature", "properties": { "ID": 218, "date_decimal": 2023.2883561643835, "year": 2023, "month": 4, "day": 15, "latitude": 37.9156, "longitude": 36.2978, "mag": 4.46, "place": "19 km ESE of Saimbeyli, Turkey", "zone_id": 10, "cluster_id": 685, "shock_type": "AS", "mainshock_zone": 10, "same_zone": 1, "days_difference": 68 }, "geometry": { "type": "Point", "coordinates": [ 36.2978, 37.9156 ] } },
{ "type": "Feature", "properties": { "ID": 217, "date_decimal": 2023.2883561643835, "year": 2023, "month": 4, "day": 15, "latitude": 37.6037, "longitude": 37.1654, "mag": 4.25, "place": "Central Turkey", "zone_id": 999, "cluster_id": 677, "shock_type": "AS", "mainshock_zone": 999, "same_zone": 1, "days_difference": 68 }, "geometry": { "type": "Point", "coordinates": [ 37.1654, 37.6037 ] } },
{ "type": "Feature", "properties": { "ID": 216, "date_decimal": 2023.291095890411, "year": 2023, "month": 4, "day": 16, "latitude": 38.0743, "longitude": 36.7493, "mag": 4.15, "place": "22 km ENE of Göksun, Turkey", "zone_id": 10, "cluster_id": 685, "shock_type": "AS", "mainshock_zone": 10, "same_zone": 1, "days_difference": 69 }, "geometry": { "type": "Point", "coordinates": [ 36.7493, 38.0743 ] } },
{ "type": "Feature", "properties": { "ID": 215, "date_decimal": 2023.2938356164384, "year": 2023, "month": 4, "day": 17, "latitude": 38.1965, "longitude": 38.6816, "mag": 4.15, "place": "18 km NNE of Sincik, Turkey", "zone_id": 999, "cluster_id": 684, "shock_type": "AS", "mainshock_zone": 999, "same_zone": 1, "days_difference": 70 }, "geometry": { "type": "Point", "coordinates": [ 38.6816, 38.1965 ] } },
{ "type": "Feature", "properties": { "ID": 214, "date_decimal": 2023.2993150684931, "year": 2023, "month": 4, "day": 19, "latitude": 38.4076, "longitude": 39.161, "mag": 4.56, "place": "13 km WSW of Sivrice, Turkey", "zone_id": 999, "cluster_id": 681, "shock_type": "AS", "mainshock_zone": 999, "same_zone": 1, "days_difference": 72 }, "geometry": { "type": "Point", "coordinates": [ 39.161, 38.4076 ] } },
{ "type": "Feature", "properties": { "ID": 213, "date_decimal": 2023.3075342465754, "year": 2023, "month": 4, "day": 22, "latitude": 37.065, "longitude": 28.4103, "mag": 4.36, "place": "Western Turkey", "zone_id": 84, "cluster_id": 0, "shock_type": "MS", "mainshock_zone": 84, "same_zone": 1, "days_difference": 75 }, "geometry": { "type": "Point", "coordinates": [ 28.4103, 37.065 ] } },
{ "type": "Feature", "properties": { "ID": 212, "date_decimal": 2023.3102739726028, "year": 2023, "month": 4, "day": 23, "latitude": 37.0767, "longitude": 28.4647, "mag": 4.25, "place": "Western Turkey", "zone_id": 84, "cluster_id": 699, "shock_type": "AS", "mainshock_zone": 84, "same_zone": 1, "days_difference": 76 }, "geometry": { "type": "Point", "coordinates": [ 28.4647, 37.0767 ] } },
{ "type": "Feature", "properties": { "ID": 211, "date_decimal": 2023.3157534246575, "year": 2023, "month": 4, "day": 25, "latitude": 38.0275, "longitude": 37.3069, "mag": 4.15, "place": "11 km ESE of Ekinözü, Turkey", "zone_id": 10, "cluster_id": 686, "shock_type": "AS", "mainshock_zone": 10, "same_zone": 1, "days_difference": 78 }, "geometry": { "type": "Point", "coordinates": [ 37.3069, 38.0275 ] } },
{ "type": "Feature", "properties": { "ID": 208, "date_decimal": 2023.3184931506848, "year": 2023, "month": 4, "day": 26, "latitude": 36.4294, "longitude": 26.3159, "mag": 5.1, "place": "13 km SSW of Astyp?laia, Greece", "zone_id": 70, "cluster_id": 0, "shock_type": "MS", "mainshock_zone": 70, "same_zone": 1, "days_difference": 79 }, "geometry": { "type": "Point", "coordinates": [ 26.3159, 36.4294 ] } },
{ "type": "Feature", "properties": { "ID": 210, "date_decimal": 2023.3184931506848, "year": 2023, "month": 4, "day": 26, "latitude": 37.8831, "longitude": 36.4031, "mag": 4.36, "place": "17 km SSW of Göksun, Turkey", "zone_id": 10, "cluster_id": 685, "shock_type": "AS", "mainshock_zone": 10, "same_zone": 1, "days_difference": 79 }, "geometry": { "type": "Point", "coordinates": [ 36.4031, 37.8831 ] } },
{ "type": "Feature", "properties": { "ID": 209, "date_decimal": 2023.3184931506848, "year": 2023, "month": 4, "day": 26, "latitude": 38.0104, "longitude": 36.4372, "mag": 4.3, "place": "5 km WSW of Göksun, Turkey", "zone_id": 10, "cluster_id": 685, "shock_type": "AS", "mainshock_zone": 10, "same_zone": 1, "days_difference": 79 }, "geometry": { "type": "Point", "coordinates": [ 36.4372, 38.0104 ] } },
{ "type": "Feature", "properties": { "ID": 207, "date_decimal": 2023.3212328767124, "year": 2023, "month": 4, "day": 27, "latitude": 38.7636, "longitude": 37.134, "mag": 4.36, "place": "Central Turkey", "zone_id": 9, "cluster_id": 687, "shock_type": "AS", "mainshock_zone": 9, "same_zone": 1, "days_difference": 80 }, "geometry": { "type": "Point", "coordinates": [ 37.134, 38.7636 ] } },
{ "type": "Feature", "properties": { "ID": 206, "date_decimal": 2023.3239726027398, "year": 2023, "month": 4, "day": 28, "latitude": 36.1028, "longitude": 36.0439, "mag": 4.25, "place": "3 km WSW of Büyükçat, Turkey", "zone_id": 999, "cluster_id": 683, "shock_type": "AS", "mainshock_zone": 999, "same_zone": 1, "days_difference": 81 }, "geometry": { "type": "Point", "coordinates": [ 36.0439, 36.1028 ] } },
{ "type": "Feature", "properties": { "ID": 205, "date_decimal": 2023.3267123287671, "year": 2023, "month": 4, "day": 29, "latitude": 38.1021, "longitude": 36.4431, "mag": 4.77, "place": "10 km NNW of Göksun, Turkey", "zone_id": 10, "cluster_id": 685, "shock_type": "AS", "mainshock_zone": 10, "same_zone": 1, "days_difference": 82 }, "geometry": { "type": "Point", "coordinates": [ 36.4431, 38.1021 ] } },
{ "type": "Feature", "properties": { "ID": 204, "date_decimal": 2023.3294520547945, "year": 2023, "month": 4, "day": 30, "latitude": 38.3303, "longitude": 37.7144, "mag": 4.36, "place": "22 km W of Akçadağ, Turkey", "zone_id": 10, "cluster_id": 684, "shock_type": "AS", "mainshock_zone": 999, "same_zone": 0, "days_difference": 83 }, "geometry": { "type": "Point", "coordinates": [ 37.7144, 38.3303 ] } },
{ "type": "Feature", "properties": { "ID": 203, "date_decimal": 2023.3333333333333, "year": 2023, "month": 5, "day": 1, "latitude": 38.1582, "longitude": 38.5532, "mag": 4.36, "place": "eastern Turkey", "zone_id": 999, "cluster_id": 684, "shock_type": "AS", "mainshock_zone": 999, "same_zone": 1, "days_difference": 84 }, "geometry": { "type": "Point", "coordinates": [ 38.5532, 38.1582 ] } },
{ "type": "Feature", "properties": { "ID": 200, "date_decimal": 2023.338812785388, "year": 2023, "month": 5, "day": 3, "latitude": 38.0547, "longitude": 36.6366, "mag": 4.36, "place": "12 km ENE of Göksun, Turkey", "zone_id": 10, "cluster_id": 685, "shock_type": "AS", "mainshock_zone": 10, "same_zone": 1, "days_difference": 86 }, "geometry": { "type": "Point", "coordinates": [ 36.6366, 38.0547 ] } },
{ "type": "Feature", "properties": { "ID": 202, "date_decimal": 2023.338812785388, "year": 2023, "month": 5, "day": 3, "latitude": 37.5767, "longitude": 35.6059, "mag": 4.56, "place": "18 km E of Aladağ, Turkey", "zone_id": 10, "cluster_id": 700, "shock_type": "FS", "mainshock_zone": 10, "same_zone": 1, "days_difference": 86 }, "geometry": { "type": "Point", "coordinates": [ 35.6059, 37.5767 ] } },
{ "type": "Feature", "properties": { "ID": 201, "date_decimal": 2023.338812785388, "year": 2023, "month": 5, "day": 3, "latitude": 38.0541, "longitude": 36.5563, "mag": 5.08, "place": "K. Maras, Turkey", "zone_id": 10, "cluster_id": 685, "shock_type": "AS", "mainshock_zone": 10, "same_zone": 1, "days_difference": 86 }, "geometry": { "type": "Point", "coordinates": [ 36.5563, 38.0541 ] } },
{ "type": "Feature", "properties": { "ID": 199, "date_decimal": 2023.3415525114156, "year": 2023, "month": 5, "day": 4, "latitude": 40.4326, "longitude": 26.2194, "mag": 4.36, "place": "29 km NNW of Eceabat, Turkey", "zone_id": 8, "cluster_id": 0, "shock_type": "MS", "mainshock_zone": 8, "same_zone": 1, "days_difference": 87 }, "geometry": { "type": "Point", "coordinates": [ 26.2194, 40.4326 ] } },
{ "type": "Feature", "properties": { "ID": 198, "date_decimal": 2023.3442922374429, "year": 2023, "month": 5, "day": 5, "latitude": 37.9221, "longitude": 36.3313, "mag": 4.8, "place": "18 km SW of Göksun, Turkey", "zone_id": 10, "cluster_id": 685, "shock_type": "AS", "mainshock_zone": 10, "same_zone": 1, "days_difference": 88 }, "geometry": { "type": "Point", "coordinates": [ 36.3313, 37.9221 ] } },
{ "type": "Feature", "properties": { "ID": 197, "date_decimal": 2023.3470319634703, "year": 2023, "month": 5, "day": 6, "latitude": 37.8443, "longitude": 36.564, "mag": 4.36, "place": "Central Turkey", "zone_id": 10, "cluster_id": 677, "shock_type": "AS", "mainshock_zone": 999, "same_zone": 0, "days_difference": 89 }, "geometry": { "type": "Point", "coordinates": [ 36.564, 37.8443 ] } },
{ "type": "Feature", "properties": { "ID": 196, "date_decimal": 2023.3497716894976, "year": 2023, "month": 5, "day": 7, "latitude": 36.3545, "longitude": 36.2183, "mag": 4.7, "place": "0 km SSE of Serinyol, Turkey", "zone_id": 999, "cluster_id": 683, "shock_type": "AS", "mainshock_zone": 999, "same_zone": 1, "days_difference": 90 }, "geometry": { "type": "Point", "coordinates": [ 36.2183, 36.3545 ] } },
{ "type": "Feature", "properties": { "ID": 195, "date_decimal": 2023.352511415525, "year": 2023, "month": 5, "day": 8, "latitude": 38.0217, "longitude": 38.4005, "mag": 4.67, "place": "eastern Turkey", "zone_id": 30, "cluster_id": 684, "shock_type": "AS", "mainshock_zone": 999, "same_zone": 0, "days_difference": 91 }, "geometry": { "type": "Point", "coordinates": [ 38.4005, 38.0217 ] } },
{ "type": "Feature", "properties": { "ID": 194, "date_decimal": 2023.3552511415523, "year": 2023, "month": 5, "day": 9, "latitude": 36.4169, "longitude": 28.8622, "mag": 4.46, "place": "30 km WSW of Ölüdeniz, Turkey", "zone_id": 69, "cluster_id": 0, "shock_type": "MS", "mainshock_zone": 69, "same_zone": 1, "days_difference": 92 }, "geometry": { "type": "Point", "coordinates": [ 28.8622, 36.4169 ] } },
{ "type": "Feature", "properties": { "ID": 193, "date_decimal": 2023.3552511415523, "year": 2023, "month": 5, "day": 9, "latitude": 39.1821, "longitude": 32.9989, "mag": 4.25, "place": "11 km NW of Kulu, Turkey", "zone_id": 4, "cluster_id": 0, "shock_type": "MS", "mainshock_zone": 4, "same_zone": 1, "days_difference": 92 }, "geometry": { "type": "Point", "coordinates": [ 32.9989, 39.1821 ] } },
{ "type": "Feature", "properties": { "ID": 192, "date_decimal": 2023.3634703196346, "year": 2023, "month": 5, "day": 12, "latitude": 37.8784, "longitude": 36.2491, "mag": 4.5, "place": "18 km SE of Saimbeyli, Turkey", "zone_id": 10, "cluster_id": 685, "shock_type": "AS", "mainshock_zone": 10, "same_zone": 1, "days_difference": 95 }, "geometry": { "type": "Point", "coordinates": [ 36.2491, 37.8784 ] } },
{ "type": "Feature", "properties": { "ID": 191, "date_decimal": 2023.3634703196346, "year": 2023, "month": 5, "day": 12, "latitude": 37.8832, "longitude": 36.231, "mag": 4.36, "place": "Central Turkey", "zone_id": 10, "cluster_id": 685, "shock_type": "AS", "mainshock_zone": 10, "same_zone": 1, "days_difference": 95 }, "geometry": { "type": "Point", "coordinates": [ 36.231, 37.8832 ] } },
{ "type": "Feature", "properties": { "ID": 190, "date_decimal": 2023.3689497716894, "year": 2023, "month": 5, "day": 14, "latitude": 37.9018, "longitude": 36.1797, "mag": 4.25, "place": "12 km SE of Saimbeyli, Turkey", "zone_id": 10, "cluster_id": 685, "shock_type": "AS", "mainshock_zone": 10, "same_zone": 1, "days_difference": 97 }, "geometry": { "type": "Point", "coordinates": [ 36.1797, 37.9018 ] } },
{ "type": "Feature", "properties": { "ID": 189, "date_decimal": 2023.3826484018264, "year": 2023, "month": 5, "day": 19, "latitude": 38.3533, "longitude": 37.7687, "mag": 4.15, "place": "Central Turkey", "zone_id": 10, "cluster_id": 684, "shock_type": "AS", "mainshock_zone": 999, "same_zone": 0, "days_difference": 102 }, "geometry": { "type": "Point", "coordinates": [ 37.7687, 38.3533 ] } },
{ "type": "Feature", "properties": { "ID": 187, "date_decimal": 2023.3881278538813, "year": 2023, "month": 5, "day": 21, "latitude": 37.9176, "longitude": 36.2543, "mag": 4.25, "place": "16 km ESE of Saimbeyli, Turkey", "zone_id": 10, "cluster_id": 685, "shock_type": "AS", "mainshock_zone": 10, "same_zone": 1, "days_difference": 104 }, "geometry": { "type": "Point", "coordinates": [ 36.2543, 37.9176 ] } },
{ "type": "Feature", "properties": { "ID": 188, "date_decimal": 2023.3881278538813, "year": 2023, "month": 5, "day": 21, "latitude": 37.9246, "longitude": 36.2523, "mag": 4.9, "place": "15 km ESE of Saimbeyli, Turkey", "zone_id": 10, "cluster_id": 685, "shock_type": "AS", "mainshock_zone": 10, "same_zone": 1, "days_difference": 104 }, "geometry": { "type": "Point", "coordinates": [ 36.2523, 37.9246 ] } },
{ "type": "Feature", "properties": { "ID": 185, "date_decimal": 2023.3908675799087, "year": 2023, "month": 5, "day": 22, "latitude": 37.9346, "longitude": 36.2708, "mag": 4.4, "place": "16 km ESE of Saimbeyli, Turkey", "zone_id": 10, "cluster_id": 685, "shock_type": "AS", "mainshock_zone": 10, "same_zone": 1, "days_difference": 105 }, "geometry": { "type": "Point", "coordinates": [ 36.2708, 37.9346 ] } },
{ "type": "Feature", "properties": { "ID": 186, "date_decimal": 2023.3908675799087, "year": 2023, "month": 5, "day": 22, "latitude": 36.4601, "longitude": 31.1573, "mag": 4.25, "place": "39 km SSW of Side, Turkey", "zone_id": 17, "cluster_id": 0, "shock_type": "MS", "mainshock_zone": 17, "same_zone": 1, "days_difference": 105 }, "geometry": { "type": "Point", "coordinates": [ 31.1573, 36.4601 ] } },
{ "type": "Feature", "properties": { "ID": 184, "date_decimal": 2023.3908675799087, "year": 2023, "month": 5, "day": 22, "latitude": 37.8904, "longitude": 36.2608, "mag": 4.3, "place": "18 km SE of Saimbeyli, Turkey", "zone_id": 10, "cluster_id": 685, "shock_type": "AS", "mainshock_zone": 10, "same_zone": 1, "days_difference": 105 }, "geometry": { "type": "Point", "coordinates": [ 36.2608, 37.8904 ] } },
{ "type": "Feature", "properties": { "ID": 183, "date_decimal": 2023.393607305936, "year": 2023, "month": 5, "day": 23, "latitude": 37.9429, "longitude": 36.3225, "mag": 4.15, "place": "17 km WSW of Göksun, Turkey", "zone_id": 10, "cluster_id": 685, "shock_type": "AS", "mainshock_zone": 10, "same_zone": 1, "days_difference": 106 }, "geometry": { "type": "Point", "coordinates": [ 36.3225, 37.9429 ] } },
{ "type": "Feature", "properties": { "ID": 181, "date_decimal": 2023.3990867579907, "year": 2023, "month": 5, "day": 25, "latitude": 38.0916, "longitude": 38.5909, "mag": 4.15, "place": "6 km NNW of Sincik, Turkey", "zone_id": 999, "cluster_id": 684, "shock_type": "AS", "mainshock_zone": 999, "same_zone": 1, "days_difference": 108 }, "geometry": { "type": "Point", "coordinates": [ 38.5909, 38.0916 ] } },
{ "type": "Feature", "properties": { "ID": 182, "date_decimal": 2023.3990867579907, "year": 2023, "month": 5, "day": 25, "latitude": 35.6694, "longitude": 35.6427, "mag": 4.25, "place": "20 km NW of Latakia, Syria", "zone_id": 100, "cluster_id": 0, "shock_type": "MS", "mainshock_zone": 100, "same_zone": 1, "days_difference": 108 }, "geometry": { "type": "Point", "coordinates": [ 35.6427, 35.6694 ] } },
{ "type": "Feature", "properties": { "ID": 180, "date_decimal": 2023.4221461187215, "year": 2023, "month": 6, "day": 3, "latitude": 39.4591, "longitude": 37.0948, "mag": 4.25, "place": "Central Turkey", "zone_id": 11, "cluster_id": 0, "shock_type": "MS", "mainshock_zone": 11, "same_zone": 1, "days_difference": 117 }, "geometry": { "type": "Point", "coordinates": [ 37.0948, 39.4591 ] } },
{ "type": "Feature", "properties": { "ID": 179, "date_decimal": 2023.4276255707764, "year": 2023, "month": 6, "day": 5, "latitude": 37.9672, "longitude": 36.5784, "mag": 4.5, "place": "Central Turkey", "zone_id": 10, "cluster_id": 685, "shock_type": "AS", "mainshock_zone": 10, "same_zone": 1, "days_difference": 119 }, "geometry": { "type": "Point", "coordinates": [ 36.5784, 37.9672 ] } },
{ "type": "Feature", "properties": { "ID": 178, "date_decimal": 2023.4331050228311, "year": 2023, "month": 6, "day": 7, "latitude": 42.0428, "longitude": 24.8423, "mag": 4.77, "place": "Bulgaria", "zone_id": 54, "cluster_id": 0, "shock_type": "MS", "mainshock_zone": 54, "same_zone": 1, "days_difference": 121 }, "geometry": { "type": "Point", "coordinates": [ 24.8423, 42.0428 ] } },
{ "type": "Feature", "properties": { "ID": 177, "date_decimal": 2023.4358447488585, "year": 2023, "month": 6, "day": 8, "latitude": 37.7829, "longitude": 36.3231, "mag": 4.46, "place": "22 km N of Andırın, Turkey", "zone_id": 10, "cluster_id": 677, "shock_type": "AS", "mainshock_zone": 999, "same_zone": 0, "days_difference": 122 }, "geometry": { "type": "Point", "coordinates": [ 36.3231, 37.7829 ] } },
{ "type": "Feature", "properties": { "ID": 176, "date_decimal": 2023.4440639269408, "year": 2023, "month": 6, "day": 11, "latitude": 37.7894, "longitude": 27.186, "mag": 4.15, "place": "10 km SW of Kuşadası, Turkey", "zone_id": 68, "cluster_id": 0, "shock_type": "MS", "mainshock_zone": 68, "same_zone": 1, "days_difference": 125 }, "geometry": { "type": "Point", "coordinates": [ 27.186, 37.7894 ] } },
{ "type": "Feature", "properties": { "ID": 175, "date_decimal": 2023.4440639269408, "year": 2023, "month": 6, "day": 11, "latitude": 40.1178, "longitude": 40.985, "mag": 4.46, "place": "21 km NNW of Ilıca, Turkey", "zone_id": 61, "cluster_id": 0, "shock_type": "MS", "mainshock_zone": 61, "same_zone": 1, "days_difference": 125 }, "geometry": { "type": "Point", "coordinates": [ 40.985, 40.1178 ] } },
{ "type": "Feature", "properties": { "ID": 174, "date_decimal": 2023.4577625570778, "year": 2023, "month": 6, "day": 16, "latitude": 38.667, "longitude": 42.996, "mag": 4.46, "place": "27 km ESE of Adilcevaz, Turkey", "zone_id": 13, "cluster_id": 0, "shock_type": "MS", "mainshock_zone": 13, "same_zone": 1, "days_difference": 130 }, "geometry": { "type": "Point", "coordinates": [ 42.996, 38.667 ] } },
{ "type": "Feature", "properties": { "ID": 172, "date_decimal": 2023.4605022831051, "year": 2023, "month": 6, "day": 17, "latitude": 37.6295, "longitude": 37.4085, "mag": 4.46, "place": "16 km SE of Çağlayancerit, Turkey", "zone_id": 999, "cluster_id": 677, "shock_type": "AS", "mainshock_zone": 999, "same_zone": 1, "days_difference": 131 }, "geometry": { "type": "Point", "coordinates": [ 37.4085, 37.6295 ] } },
{ "type": "Feature", "properties": { "ID": 173, "date_decimal": 2023.4605022831051, "year": 2023, "month": 6, "day": 17, "latitude": 38.4669, "longitude": 44.9405, "mag": 4.67, "place": "9 km S of Khowy, Iran", "zone_id": 86, "cluster_id": 670, "shock_type": "AS", "mainshock_zone": 86, "same_zone": 1, "days_difference": 131 }, "geometry": { "type": "Point", "coordinates": [ 44.9405, 38.4669 ] } },
{ "type": "Feature", "properties": { "ID": 171, "date_decimal": 2023.4632420091325, "year": 2023, "month": 6, "day": 18, "latitude": 38.19, "longitude": 38.5957, "mag": 4.4, "place": "17 km N of Sincik, Turkey", "zone_id": 999, "cluster_id": 684, "shock_type": "AS", "mainshock_zone": 999, "same_zone": 1, "days_difference": 132 }, "geometry": { "type": "Point", "coordinates": [ 38.5957, 38.19 ] } },
{ "type": "Feature", "properties": { "ID": 170, "date_decimal": 2023.4632420091325, "year": 2023, "month": 6, "day": 18, "latitude": 37.841, "longitude": 36.2621, "mag": 4.36, "place": "22 km SE of Saimbeyli, Turkey", "zone_id": 10, "cluster_id": 685, "shock_type": "AS", "mainshock_zone": 10, "same_zone": 1, "days_difference": 132 }, "geometry": { "type": "Point", "coordinates": [ 36.2621, 37.841 ] } },
{ "type": "Feature", "properties": { "ID": 169, "date_decimal": 2023.4659817351599, "year": 2023, "month": 6, "day": 19, "latitude": 38.1399, "longitude": 38.0173, "mag": 4.25, "place": "14 km ENE of Doğanşehir, Turkey", "zone_id": 33, "cluster_id": 684, "shock_type": "AS", "mainshock_zone": 999, "same_zone": 0, "days_difference": 133 }, "geometry": { "type": "Point", "coordinates": [ 38.0173, 38.1399 ] } },
{ "type": "Feature", "properties": { "ID": 168, "date_decimal": 2023.4659817351599, "year": 2023, "month": 6, "day": 19, "latitude": 38.8398, "longitude": 44.4737, "mag": 4.36, "place": "46 km ENE of Özalp, Turkey", "zone_id": 51, "cluster_id": 0, "shock_type": "MS", "mainshock_zone": 51, "same_zone": 1, "days_difference": 133 }, "geometry": { "type": "Point", "coordinates": [ 44.4737, 38.8398 ] } },
{ "type": "Feature", "properties": { "ID": 167, "date_decimal": 2023.4659817351599, "year": 2023, "month": 6, "day": 19, "latitude": 37.9955, "longitude": 36.5699, "mag": 4.56, "place": "Central Turkey", "zone_id": 10, "cluster_id": 685, "shock_type": "AS", "mainshock_zone": 10, "same_zone": 1, "days_difference": 133 }, "geometry": { "type": "Point", "coordinates": [ 36.5699, 37.9955 ] } },
{ "type": "Feature", "properties": { "ID": 166, "date_decimal": 2023.4742009132422, "year": 2023, "month": 6, "day": 22, "latitude": 38.1122, "longitude": 38.3939, "mag": 4.15, "place": "16 km NE of Çelikhan, Turkey", "zone_id": 999, "cluster_id": 684, "shock_type": "AS", "mainshock_zone": 999, "same_zone": 1, "days_difference": 136 }, "geometry": { "type": "Point", "coordinates": [ 38.3939, 38.1122 ] } },
{ "type": "Feature", "properties": { "ID": 165, "date_decimal": 2023.4851598173516, "year": 2023, "month": 6, "day": 26, "latitude": 37.1215, "longitude": 43.492, "mag": 4.46, "place": "17 km SW of Çukurca, Turkey", "zone_id": 90, "cluster_id": 0, "shock_type": "MS", "mainshock_zone": 90, "same_zone": 1, "days_difference": 140 }, "geometry": { "type": "Point", "coordinates": [ 43.492, 37.1215 ] } },
{ "type": "Feature", "properties": { "ID": 164, "date_decimal": 2023.4878995433792, "year": 2023, "month": 6, "day": 27, "latitude": 38.5003, "longitude": 39.1965, "mag": 4.36, "place": "11 km WNW of Sivrice, Turkey", "zone_id": 999, "cluster_id": 0, "shock_type": "MS", "mainshock_zone": 999, "same_zone": 1, "days_difference": 141 }, "geometry": { "type": "Point", "coordinates": [ 39.1965, 38.5003 ] } },
{ "type": "Feature", "properties": { "ID": 162, "date_decimal": 2023.4933789954339, "year": 2023, "month": 6, "day": 29, "latitude": 38.0788, "longitude": 37.2715, "mag": 4.36, "place": "7 km ENE of Ekinözü, Turkey", "zone_id": 10, "cluster_id": 686, "shock_type": "AS", "mainshock_zone": 10, "same_zone": 1, "days_difference": 143 }, "geometry": { "type": "Point", "coordinates": [ 37.2715, 38.0788 ] } },
{ "type": "Feature", "properties": { "ID": 163, "date_decimal": 2023.4933789954339, "year": 2023, "month": 6, "day": 29, "latitude": 37.9845, "longitude": 36.298, "mag": 4.46, "place": "17 km WSW of Göksun, Turkey", "zone_id": 10, "cluster_id": 685, "shock_type": "AS", "mainshock_zone": 10, "same_zone": 1, "days_difference": 143 }, "geometry": { "type": "Point", "coordinates": [ 36.298, 37.9845 ] } },
{ "type": "Feature", "properties": { "ID": 161, "date_decimal": 2023.4961187214612, "year": 2023, "month": 6, "day": 30, "latitude": 36.5258, "longitude": 25.6829, "mag": 4.46, "place": "25 km ENE of Mesariá, Greece", "zone_id": 70, "cluster_id": 0, "shock_type": "MS", "mainshock_zone": 70, "same_zone": 1, "days_difference": 144 }, "geometry": { "type": "Point", "coordinates": [ 25.6829, 36.5258 ] } },
{ "type": "Feature", "properties": { "ID": 160, "date_decimal": 2023.5, "year": 2023, "month": 7, "day": 1, "latitude": 38.0471, "longitude": 36.572, "mag": 4.46, "place": "Central Turkey", "zone_id": 10, "cluster_id": 685, "shock_type": "AS", "mainshock_zone": 10, "same_zone": 1, "days_difference": 145 }, "geometry": { "type": "Point", "coordinates": [ 36.572, 38.0471 ] } },
{ "type": "Feature", "properties": { "ID": 159, "date_decimal": 2023.5465753424658, "year": 2023, "month": 7, "day": 18, "latitude": 39.7703, "longitude": 41.9078, "mag": 4.25, "place": "eastern Turkey", "zone_id": 12, "cluster_id": 0, "shock_type": "MS", "mainshock_zone": 12, "same_zone": 1, "days_difference": 162 }, "geometry": { "type": "Point", "coordinates": [ 41.9078, 39.7703 ] } },
{ "type": "Feature", "properties": { "ID": 158, "date_decimal": 2023.5575342465754, "year": 2023, "month": 7, "day": 22, "latitude": 37.8683, "longitude": 36.2978, "mag": 4.36, "place": "22 km SE of Saimbeyli, Turkey", "zone_id": 10, "cluster_id": 685, "shock_type": "AS", "mainshock_zone": 10, "same_zone": 1, "days_difference": 166 }, "geometry": { "type": "Point", "coordinates": [ 36.2978, 37.8683 ] } },
{ "type": "Feature", "properties": { "ID": 157, "date_decimal": 2023.5602739726028, "year": 2023, "month": 7, "day": 23, "latitude": 38.1644, "longitude": 37.162, "mag": 4.25, "place": "5 km SW of Elbistan, Turkey", "zone_id": 10, "cluster_id": 686, "shock_type": "AS", "mainshock_zone": 10, "same_zone": 1, "days_difference": 167 }, "geometry": { "type": "Point", "coordinates": [ 37.162, 38.1644 ] } },
{ "type": "Feature", "properties": { "ID": 156, "date_decimal": 2023.5657534246575, "year": 2023, "month": 7, "day": 25, "latitude": 37.5794, "longitude": 35.9482, "mag": 5.5, "place": "18 km NE of Kozan, Turkey", "zone_id": 10, "cluster_id": 0, "shock_type": "MS", "mainshock_zone": 10, "same_zone": 1, "days_difference": 169 }, "geometry": { "type": "Point", "coordinates": [ 35.9482, 37.5794 ] } },
{ "type": "Feature", "properties": { "ID": 155, "date_decimal": 2023.5657534246575, "year": 2023, "month": 7, "day": 25, "latitude": 37.6148, "longitude": 36.0103, "mag": 4.56, "place": "23 km SSE of Feke, Turkey", "zone_id": 10, "cluster_id": 700, "shock_type": "AS", "mainshock_zone": 10, "same_zone": 1, "days_difference": 169 }, "geometry": { "type": "Point", "coordinates": [ 36.0103, 37.6148 ] } },
{ "type": "Feature", "properties": { "ID": 154, "date_decimal": 2023.5833333333333, "year": 2023, "month": 8, "day": 1, "latitude": 38.0881, "longitude": 32.6486, "mag": 4.8, "place": "28 km NNE of Konya, Turkey", "zone_id": 41, "cluster_id": 0, "shock_type": "MS", "mainshock_zone": 41, "same_zone": 1, "days_difference": 176 }, "geometry": { "type": "Point", "coordinates": [ 32.6486, 38.0881 ] } },
{ "type": "Feature", "properties": { "ID": 153, "date_decimal": 2023.5833333333333, "year": 2023, "month": 8, "day": 1, "latitude": 40.4059, "longitude": 42.2324, "mag": 4.25, "place": "eastern Turkey", "zone_id": 64, "cluster_id": 0, "shock_type": "MS", "mainshock_zone": 64, "same_zone": 1, "days_difference": 176 }, "geometry": { "type": "Point", "coordinates": [ 42.2324, 40.4059 ] } },
{ "type": "Feature", "properties": { "ID": 152, "date_decimal": 2023.588812785388, "year": 2023, "month": 8, "day": 3, "latitude": 38.1855, "longitude": 38.6542, "mag": 4.2, "place": "16 km NNE of Sincik, Turkey", "zone_id": 999, "cluster_id": 684, "shock_type": "AS", "mainshock_zone": 999, "same_zone": 1, "days_difference": 178 }, "geometry": { "type": "Point", "coordinates": [ 38.6542, 38.1855 ] } },
{ "type": "Feature", "properties": { "ID": 151, "date_decimal": 2023.5915525114156, "year": 2023, "month": 8, "day": 4, "latitude": 36.3607, "longitude": 31.0965, "mag": 4.25, "place": "52 km SSW of Side, Turkey", "zone_id": 17, "cluster_id": 0, "shock_type": "MS", "mainshock_zone": 17, "same_zone": 1, "days_difference": 179 }, "geometry": { "type": "Point", "coordinates": [ 31.0965, 36.3607 ] } },
{ "type": "Feature", "properties": { "ID": 150, "date_decimal": 2023.5997716894976, "year": 2023, "month": 8, "day": 7, "latitude": 36.0569, "longitude": 36.018, "mag": 4.46, "place": "8 km SW of Büyükçat, Turkey", "zone_id": 999, "cluster_id": 683, "shock_type": "AS", "mainshock_zone": 999, "same_zone": 1, "days_difference": 182 }, "geometry": { "type": "Point", "coordinates": [ 36.018, 36.0569 ] } },
{ "type": "Feature", "properties": { "ID": 149, "date_decimal": 2023.6052511415523, "year": 2023, "month": 8, "day": 9, "latitude": 38.1363, "longitude": 38.4248, "mag": 4.36, "place": "19 km NW of Sincik, Turkey", "zone_id": 999, "cluster_id": 684, "shock_type": "AS", "mainshock_zone": 999, "same_zone": 1, "days_difference": 184 }, "geometry": { "type": "Point", "coordinates": [ 38.4248, 38.1363 ] } },
{ "type": "Feature", "properties": { "ID": 148, "date_decimal": 2023.6079908675799, "year": 2023, "month": 8, "day": 10, "latitude": 38.5196, "longitude": 40.3602, "mag": 4.46, "place": "eastern Turkey", "zone_id": 30, "cluster_id": 0, "shock_type": "MS", "mainshock_zone": 30, "same_zone": 1, "days_difference": 185 }, "geometry": { "type": "Point", "coordinates": [ 40.3602, 38.5196 ] } },
{ "type": "Feature", "properties": { "ID": 147, "date_decimal": 2023.6079908675799, "year": 2023, "month": 8, "day": 10, "latitude": 35.7902, "longitude": 31.3781, "mag": 4.98, "place": "Cyprus region", "zone_id": 16, "cluster_id": 0, "shock_type": "MS", "mainshock_zone": 16, "same_zone": 1, "days_difference": 185 }, "geometry": { "type": "Point", "coordinates": [ 31.3781, 35.7902 ] } },
{ "type": "Feature", "properties": { "ID": 146, "date_decimal": 2023.6079908675799, "year": 2023, "month": 8, "day": 10, "latitude": 38.2665, "longitude": 38.2011, "mag": 5.2, "place": "5 km SW of Yeşilyurt, Turkey", "zone_id": 33, "cluster_id": 684, "shock_type": "AS", "mainshock_zone": 999, "same_zone": 0, "days_difference": 185 }, "geometry": { "type": "Point", "coordinates": [ 38.2011, 38.2665 ] } },
{ "type": "Feature", "properties": { "ID": 145, "date_decimal": 2023.6107305936073, "year": 2023, "month": 8, "day": 11, "latitude": 39.3387, "longitude": 40.9565, "mag": 4.36, "place": "6 km NW of Karlıova, Turkey", "zone_id": 44, "cluster_id": 0, "shock_type": "MS", "mainshock_zone": 44, "same_zone": 1, "days_difference": 186 }, "geometry": { "type": "Point", "coordinates": [ 40.9565, 39.3387 ] } },
{ "type": "Feature", "properties": { "ID": 144, "date_decimal": 2023.6134703196346, "year": 2023, "month": 8, "day": 12, "latitude": 38.2878, "longitude": 38.2075, "mag": 4.7, "place": "3 km WSW of Yeşilyurt, Turkey", "zone_id": 33, "cluster_id": 684, "shock_type": "AS", "mainshock_zone": 999, "same_zone": 0, "days_difference": 187 }, "geometry": { "type": "Point", "coordinates": [ 38.2075, 38.2878 ] } },
{ "type": "Feature", "properties": { "ID": 143, "date_decimal": 2023.6244292237443, "year": 2023, "month": 8, "day": 16, "latitude": 37.6374, "longitude": 35.4222, "mag": 4.87, "place": "10 km NNE of Aladağ, Turkey", "zone_id": 9, "cluster_id": 0, "shock_type": "MS", "mainshock_zone": 9, "same_zone": 1, "days_difference": 191 }, "geometry": { "type": "Point", "coordinates": [ 35.4222, 37.6374 ] } },
{ "type": "Feature", "properties": { "ID": 142, "date_decimal": 2023.6353881278537, "year": 2023, "month": 8, "day": 20, "latitude": 37.9856, "longitude": 36.4304, "mag": 4.56, "place": "7 km SW of Göksun, Turkey", "zone_id": 10, "cluster_id": 685, "shock_type": "AS", "mainshock_zone": 10, "same_zone": 1, "days_difference": 195 }, "geometry": { "type": "Point", "coordinates": [ 36.4304, 37.9856 ] } },
{ "type": "Feature", "properties": { "ID": 140, "date_decimal": 2023.6381278538813, "year": 2023, "month": 8, "day": 21, "latitude": 36.7359, "longitude": 28.1337, "mag": 4.46, "place": "10 km SW of İçmeler, Turkey", "zone_id": 84, "cluster_id": 0, "shock_type": "MS", "mainshock_zone": 84, "same_zone": 1, "days_difference": 196 }, "geometry": { "type": "Point", "coordinates": [ 28.1337, 36.7359 ] } },
{ "type": "Feature", "properties": { "ID": 141, "date_decimal": 2023.6381278538813, "year": 2023, "month": 8, "day": 21, "latitude": 40.4164, "longitude": 45.3406, "mag": 4.25, "place": "14 km ENE of Noratus, Armenia", "zone_id": 48, "cluster_id": 0, "shock_type": "MS", "mainshock_zone": 48, "same_zone": 1, "days_difference": 196 }, "geometry": { "type": "Point", "coordinates": [ 45.3406, 40.4164 ] } },
{ "type": "Feature", "properties": { "ID": 139, "date_decimal": 2023.6408675799087, "year": 2023, "month": 8, "day": 22, "latitude": 38.4319, "longitude": 36.6586, "mag": 4.7, "place": "15 km ESE of Sariz, Turkey", "zone_id": 9, "cluster_id": 685, "shock_type": "AS", "mainshock_zone": 10, "same_zone": 0, "days_difference": 197 }, "geometry": { "type": "Point", "coordinates": [ 36.6586, 38.4319 ] } },
{ "type": "Feature", "properties": { "ID": 138, "date_decimal": 2023.643607305936, "year": 2023, "month": 8, "day": 23, "latitude": 39.253, "longitude": 40.3487, "mag": 4.46, "place": "24 km E of Yayladere, Turkey", "zone_id": 32, "cluster_id": 0, "shock_type": "MS", "mainshock_zone": 32, "same_zone": 1, "days_difference": 198 }, "geometry": { "type": "Point", "coordinates": [ 40.3487, 39.253 ] } },
{ "type": "Feature", "properties": { "ID": 137, "date_decimal": 2023.6463470319634, "year": 2023, "month": 8, "day": 24, "latitude": 38.2125, "longitude": 38.1815, "mag": 4.8, "place": "Malatya, Turkey", "zone_id": 33, "cluster_id": 684, "shock_type": "AS", "mainshock_zone": 999, "same_zone": 0, "days_difference": 199 }, "geometry": { "type": "Point", "coordinates": [ 38.1815, 38.2125 ] } },
{ "type": "Feature", "properties": { "ID": 136, "date_decimal": 2023.6545662100457, "year": 2023, "month": 8, "day": 27, "latitude": 36.3227, "longitude": 27.8094, "mag": 4.56, "place": "11 km NNW of Émponas, Greece", "zone_id": 83, "cluster_id": 0, "shock_type": "MS", "mainshock_zone": 83, "same_zone": 1, "days_difference": 202 }, "geometry": { "type": "Point", "coordinates": [ 27.8094, 36.3227 ] } },
{ "type": "Feature", "properties": { "ID": 135, "date_decimal": 2023.657305936073, "year": 2023, "month": 8, "day": 28, "latitude": 35.7724, "longitude": 25.4996, "mag": 4.67, "place": "50 km N of Limín Khersonísou, Greece", "zone_id": 22, "cluster_id": 0, "shock_type": "MS", "mainshock_zone": 22, "same_zone": 1, "days_difference": 203 }, "geometry": { "type": "Point", "coordinates": [ 25.4996, 35.7724 ] } },
{ "type": "Feature", "properties": { "ID": 134, "date_decimal": 2023.6600456621004, "year": 2023, "month": 8, "day": 29, "latitude": 38.967, "longitude": 32.9223, "mag": 4.8, "place": "19 km SW of Kulu, Turkey", "zone_id": 37, "cluster_id": 0, "shock_type": "MS", "mainshock_zone": 37, "same_zone": 1, "days_difference": 204 }, "geometry": { "type": "Point", "coordinates": [ 32.9223, 38.967 ] } },
{ "type": "Feature", "properties": { "ID": 133, "date_decimal": 2023.674885844749, "year": 2023, "month": 9, "day": 4, "latitude": 37.9532, "longitude": 27.0764, "mag": 4.4, "place": "8 km SSW of Özdere, Turkey", "zone_id": 68, "cluster_id": 0, "shock_type": "MS", "mainshock_zone": 68, "same_zone": 1, "days_difference": 210 }, "geometry": { "type": "Point", "coordinates": [ 27.0764, 37.9532 ] } },
{ "type": "Feature", "properties": { "ID": 132, "date_decimal": 2023.6858447488585, "year": 2023, "month": 9, "day": 8, "latitude": 36.0203, "longitude": 25.0252, "mag": 4.46, "place": "53 km SW of Emporeío, Greece", "zone_id": 22, "cluster_id": 0, "shock_type": "MS", "mainshock_zone": 22, "same_zone": 1, "days_difference": 214 }, "geometry": { "type": "Point", "coordinates": [ 25.0252, 36.0203 ] } },
{ "type": "Feature", "properties": { "ID": 131, "date_decimal": 2023.7214611872148, "year": 2023, "month": 9, "day": 21, "latitude": 38.5549, "longitude": 45.4465, "mag": 4.15, "place": "Northwestern Iran", "zone_id": 86, "cluster_id": 670, "shock_type": "AS", "mainshock_zone": 86, "same_zone": 1, "days_difference": 227 }, "geometry": { "type": "Point", "coordinates": [ 45.4465, 38.5549 ] } },
{ "type": "Feature", "properties": { "ID": 130, "date_decimal": 2023.7269406392695, "year": 2023, "month": 9, "day": 23, "latitude": 37.8997, "longitude": 36.359, "mag": 4.5, "place": "18 km SW of Göksun, Turkey", "zone_id": 10, "cluster_id": 685, "shock_type": "AS", "mainshock_zone": 10, "same_zone": 1, "days_difference": 229 }, "geometry": { "type": "Point", "coordinates": [ 36.359, 37.8997 ] } },
{ "type": "Feature", "properties": { "ID": 129, "date_decimal": 2023.7296803652969, "year": 2023, "month": 9, "day": 24, "latitude": 41.8375, "longitude": 45.0028, "mag": 4.15, "place": "5 km NNW of Mart’q’opi, Georgia", "zone_id": 62, "cluster_id": 0, "shock_type": "MS", "mainshock_zone": 62, "same_zone": 1, "days_difference": 230 }, "geometry": { "type": "Point", "coordinates": [ 45.0028, 41.8375 ] } },
{ "type": "Feature", "properties": { "ID": 128, "date_decimal": 2023.7351598173516, "year": 2023, "month": 9, "day": 26, "latitude": 40.5347, "longitude": 36.6845, "mag": 4.46, "place": "17 km SSE of Erbaa, Turkey", "zone_id": 2, "cluster_id": 0, "shock_type": "MS", "mainshock_zone": 2, "same_zone": 1, "days_difference": 232 }, "geometry": { "type": "Point", "coordinates": [ 36.6845, 40.5347 ] } },
{ "type": "Feature", "properties": { "ID": 127, "date_decimal": 2023.7461187214612, "year": 2023, "month": 9, "day": 30, "latitude": 36.9464, "longitude": 27.0389, "mag": 4.25, "place": "4 km E of Kálymnos, Greece", "zone_id": 70, "cluster_id": 702, "shock_type": "FS", "mainshock_zone": 70, "same_zone": 1, "days_difference": 236 }, "geometry": { "type": "Point", "coordinates": [ 27.0389, 36.9464 ] } },
{ "type": "Feature", "properties": { "ID": 126, "date_decimal": 2023.7582191780823, "year": 2023, "month": 10, "day": 4, "latitude": 36.0004, "longitude": 35.9839, "mag": 4.25, "place": "12 km NNW of Yayladağı, Turkey", "zone_id": 999, "cluster_id": 683, "shock_type": "AS", "mainshock_zone": 999, "same_zone": 1, "days_difference": 240 }, "geometry": { "type": "Point", "coordinates": [ 35.9839, 36.0004 ] } },
{ "type": "Feature", "properties": { "ID": 125, "date_decimal": 2023.7609589041097, "year": 2023, "month": 10, "day": 5, "latitude": 37.8482, "longitude": 36.6379, "mag": 4.56, "place": "22 km SSE of Göksun, Turkey", "zone_id": 10, "cluster_id": 677, "shock_type": "AS", "mainshock_zone": 999, "same_zone": 0, "days_difference": 241 }, "geometry": { "type": "Point", "coordinates": [ 36.6379, 37.8482 ] } },
{ "type": "Feature", "properties": { "ID": 124, "date_decimal": 2023.7664383561644, "year": 2023, "month": 10, "day": 7, "latitude": 37.9536, "longitude": 38.1279, "mag": 4.46, "place": "12 km SW of Çelikhan, Turkey", "zone_id": 999, "cluster_id": 684, "shock_type": "AS", "mainshock_zone": 999, "same_zone": 1, "days_difference": 243 }, "geometry": { "type": "Point", "coordinates": [ 38.1279, 37.9536 ] } },
{ "type": "Feature", "properties": { "ID": 123, "date_decimal": 2023.7719178082191, "year": 2023, "month": 10, "day": 9, "latitude": 38.2782, "longitude": 38.1622, "mag": 4.46, "place": "7 km WSW of Yeşilyurt, Turkey", "zone_id": 33, "cluster_id": 684, "shock_type": "AS", "mainshock_zone": 999, "same_zone": 0, "days_difference": 245 }, "geometry": { "type": "Point", "coordinates": [ 38.1622, 38.2782 ] } },
{ "type": "Feature", "properties": { "ID": 122, "date_decimal": 2023.7801369863014, "year": 2023, "month": 10, "day": 12, "latitude": 38.8669, "longitude": 43.4631, "mag": 4.5, "place": "19 km SSE of Erciş, Turkey", "zone_id": 13, "cluster_id": 0, "shock_type": "MS", "mainshock_zone": 13, "same_zone": 1, "days_difference": 248 }, "geometry": { "type": "Point", "coordinates": [ 43.4631, 38.8669 ] } },
{ "type": "Feature", "properties": { "ID": 121, "date_decimal": 2023.7856164383561, "year": 2023, "month": 10, "day": 14, "latitude": 40.9045, "longitude": 31.7104, "mag": 4.77, "place": "20 km NNE of Bolu, Turkey", "zone_id": 53, "cluster_id": 0, "shock_type": "MS", "mainshock_zone": 53, "same_zone": 1, "days_difference": 250 }, "geometry": { "type": "Point", "coordinates": [ 31.7104, 40.9045 ] } },
{ "type": "Feature", "properties": { "ID": 120, "date_decimal": 2023.7856164383561, "year": 2023, "month": 10, "day": 14, "latitude": 37.4969, "longitude": 37.232, "mag": 4.25, "place": "6 km W of Pazarcık, Turkey", "zone_id": 999, "cluster_id": 677, "shock_type": "AS", "mainshock_zone": 999, "same_zone": 1, "days_difference": 250 }, "geometry": { "type": "Point", "coordinates": [ 37.232, 37.4969 ] } },
{ "type": "Feature", "properties": { "ID": 119, "date_decimal": 2023.791095890411, "year": 2023, "month": 10, "day": 16, "latitude": 37.843, "longitude": 36.3173, "mag": 4.56, "place": "25 km SW of Göksun, Turkey", "zone_id": 10, "cluster_id": 685, "shock_type": "AS", "mainshock_zone": 10, "same_zone": 1, "days_difference": 252 }, "geometry": { "type": "Point", "coordinates": [ 36.3173, 37.843 ] } },
{ "type": "Feature", "properties": { "ID": 118, "date_decimal": 2023.7965753424658, "year": 2023, "month": 10, "day": 18, "latitude": 38.2054, "longitude": 27.6496, "mag": 4.2, "place": "1 km S of Bayındır, Turkey", "zone_id": 28, "cluster_id": 0, "shock_type": "MS", "mainshock_zone": 28, "same_zone": 1, "days_difference": 254 }, "geometry": { "type": "Point", "coordinates": [ 27.6496, 38.2054 ] } },
{ "type": "Feature", "properties": { "ID": 117, "date_decimal": 2023.8102739726028, "year": 2023, "month": 10, "day": 23, "latitude": 38.5075, "longitude": 45.0961, "mag": 4.46, "place": "13 km ESE of Khowy, Iran", "zone_id": 86, "cluster_id": 670, "shock_type": "AS", "mainshock_zone": 86, "same_zone": 1, "days_difference": 259 }, "geometry": { "type": "Point", "coordinates": [ 45.0961, 38.5075 ] } },
{ "type": "Feature", "properties": { "ID": 116, "date_decimal": 2023.8130136986301, "year": 2023, "month": 10, "day": 24, "latitude": 38.1561, "longitude": 38.6903, "mag": 4.46, "place": "14 km NNE of Sincik, Turkey", "zone_id": 999, "cluster_id": 684, "shock_type": "AS", "mainshock_zone": 999, "same_zone": 1, "days_difference": 260 }, "geometry": { "type": "Point", "coordinates": [ 38.6903, 38.1561 ] } },
{ "type": "Feature", "properties": { "ID": 115, "date_decimal": 2023.8294520547945, "year": 2023, "month": 10, "day": 30, "latitude": 38.0188, "longitude": 36.3493, "mag": 4.56, "place": "12 km W of Göksun, Turkey", "zone_id": 10, "cluster_id": 685, "shock_type": "AS", "mainshock_zone": 10, "same_zone": 1, "days_difference": 266 }, "geometry": { "type": "Point", "coordinates": [ 36.3493, 38.0188 ] } },
{ "type": "Feature", "properties": { "ID": 114, "date_decimal": 2023.8497716894976, "year": 2023, "month": 11, "day": 7, "latitude": 40.4965, "longitude": 27.5314, "mag": 4.25, "place": "10 km SSW of Marmara, Turkey", "zone_id": 29, "cluster_id": 0, "shock_type": "MS", "mainshock_zone": 29, "same_zone": 1, "days_difference": 274 }, "geometry": { "type": "Point", "coordinates": [ 27.5314, 40.4965 ] } },
{ "type": "Feature", "properties": { "ID": 113, "date_decimal": 2023.852511415525, "year": 2023, "month": 11, "day": 8, "latitude": 37.0154, "longitude": 30.2291, "mag": 4.56, "place": "6 km SSE of Korkuteli, Turkey", "zone_id": 17, "cluster_id": 0, "shock_type": "MS", "mainshock_zone": 17, "same_zone": 1, "days_difference": 275 }, "geometry": { "type": "Point", "coordinates": [ 30.2291, 37.0154 ] } },
{ "type": "Feature", "properties": { "ID": 112, "date_decimal": 2023.8552511415523, "year": 2023, "month": 11, "day": 9, "latitude": 36.5969, "longitude": 36.4173, "mag": 4.6, "place": "12 km NNE of Kırıkhan, Turkey", "zone_id": 999, "cluster_id": 677, "shock_type": "AS", "mainshock_zone": 999, "same_zone": 1, "days_difference": 276 }, "geometry": { "type": "Point", "coordinates": [ 36.4173, 36.5969 ] } },
{ "type": "Feature", "properties": { "ID": 111, "date_decimal": 2023.8607305936073, "year": 2023, "month": 11, "day": 11, "latitude": 36.9197, "longitude": 27.047, "mag": 4.36, "place": "6 km ESE of Kálymnos, Greece", "zone_id": 70, "cluster_id": 0, "shock_type": "MS", "mainshock_zone": 70, "same_zone": 1, "days_difference": 278 }, "geometry": { "type": "Point", "coordinates": [ 27.047, 36.9197 ] } },
{ "type": "Feature", "properties": { "ID": 110, "date_decimal": 2023.8607305936073, "year": 2023, "month": 11, "day": 11, "latitude": 36.2482, "longitude": 31.915, "mag": 4.36, "place": "31 km SSW of Mahmutlar, Turkey", "zone_id": 17, "cluster_id": 0, "shock_type": "MS", "mainshock_zone": 17, "same_zone": 1, "days_difference": 278 }, "geometry": { "type": "Point", "coordinates": [ 31.915, 36.2482 ] } },
{ "type": "Feature", "properties": { "ID": 109, "date_decimal": 2023.866210045662, "year": 2023, "month": 11, "day": 13, "latitude": 37.6939, "longitude": 29.9412, "mag": 4.3, "place": "23 km SSW of Başmakçı, Turkey", "zone_id": 69, "cluster_id": 0, "shock_type": "MS", "mainshock_zone": 69, "same_zone": 1, "days_difference": 280 }, "geometry": { "type": "Point", "coordinates": [ 29.9412, 37.6939 ] } },
{ "type": "Feature", "properties": { "ID": 108, "date_decimal": 2023.866210045662, "year": 2023, "month": 11, "day": 13, "latitude": 39.4045, "longitude": 44.7473, "mag": 4.3, "place": "25 km SW of Sharur City, Azerbaijan", "zone_id": 50, "cluster_id": 0, "shock_type": "MS", "mainshock_zone": 50, "same_zone": 1, "days_difference": 280 }, "geometry": { "type": "Point", "coordinates": [ 44.7473, 39.4045 ] } },
{ "type": "Feature", "properties": { "ID": 107, "date_decimal": 2023.8771689497717, "year": 2023, "month": 11, "day": 17, "latitude": 36.3438, "longitude": 27.6584, "mag": 4.36, "place": "22 km NW of Émponas, Greece", "zone_id": 22, "cluster_id": 701, "shock_type": "AS", "mainshock_zone": 83, "same_zone": 0, "days_difference": 284 }, "geometry": { "type": "Point", "coordinates": [ 27.6584, 36.3438 ] } },
{ "type": "Feature", "properties": { "ID": 106, "date_decimal": 2023.8853881278537, "year": 2023, "month": 11, "day": 20, "latitude": 37.9535, "longitude": 36.6096, "mag": 4.25, "place": "12 km SE of Göksun, Turkey", "zone_id": 10, "cluster_id": 677, "shock_type": "AS", "mainshock_zone": 999, "same_zone": 0, "days_difference": 287 }, "geometry": { "type": "Point", "coordinates": [ 36.6096, 37.9535 ] } },
{ "type": "Feature", "properties": { "ID": 105, "date_decimal": 2023.8853881278537, "year": 2023, "month": 11, "day": 20, "latitude": 38.1772, "longitude": 38.749, "mag": 4.67, "place": "19 km NE of Sincik, Turkey", "zone_id": 999, "cluster_id": 0, "shock_type": "MS", "mainshock_zone": 999, "same_zone": 1, "days_difference": 287 }, "geometry": { "type": "Point", "coordinates": [ 38.749, 38.1772 ] } },
{ "type": "Feature", "properties": { "ID": 103, "date_decimal": 2023.893607305936, "year": 2023, "month": 11, "day": 23, "latitude": 38.1529, "longitude": 38.5763, "mag": 4.87, "place": "13 km NNW of Sincik, Turkey", "zone_id": 999, "cluster_id": 684, "shock_type": "AS", "mainshock_zone": 999, "same_zone": 1, "days_difference": 290 }, "geometry": { "type": "Point", "coordinates": [ 38.5763, 38.1529 ] } },
{ "type": "Feature", "properties": { "ID": 104, "date_decimal": 2023.893607305936, "year": 2023, "month": 11, "day": 23, "latitude": 38.0841, "longitude": 38.552, "mag": 5.3, "place": "7 km NW of Sincik, Turkey", "zone_id": 999, "cluster_id": 684, "shock_type": "AS", "mainshock_zone": 999, "same_zone": 1, "days_difference": 290 }, "geometry": { "type": "Point", "coordinates": [ 38.552, 38.0841 ] } },
{ "type": "Feature", "properties": { "ID": 102, "date_decimal": 2023.9166666666667, "year": 2023, "month": 12, "day": 1, "latitude": 38.3501, "longitude": 37.6095, "mag": 4.5, "place": "23 km SSE of Darende, Turkey", "zone_id": 10, "cluster_id": 684, "shock_type": "AS", "mainshock_zone": 999, "same_zone": 0, "days_difference": 298 }, "geometry": { "type": "Point", "coordinates": [ 37.6095, 38.3501 ] } },
{ "type": "Feature", "properties": { "ID": 101, "date_decimal": 2023.924885844749, "year": 2023, "month": 12, "day": 4, "latitude": 40.4371, "longitude": 28.848, "mag": 5.1, "place": "7 km NNW of Mudanya, Turkey", "zone_id": 18, "cluster_id": 0, "shock_type": "MS", "mainshock_zone": 18, "same_zone": 1, "days_difference": 301 }, "geometry": { "type": "Point", "coordinates": [ 28.848, 40.4371 ] } },
{ "type": "Feature", "properties": { "ID": 100, "date_decimal": 2023.9495433789955, "year": 2023, "month": 12, "day": 13, "latitude": 37.1005, "longitude": 36.7291, "mag": 4.25, "place": "7 km S of Nurdağı, Turkey", "zone_id": 999, "cluster_id": 677, "shock_type": "AS", "mainshock_zone": 999, "same_zone": 1, "days_difference": 310 }, "geometry": { "type": "Point", "coordinates": [ 36.7291, 37.1005 ] } },
{ "type": "Feature", "properties": { "ID": 99, "date_decimal": 2023.9495433789955, "year": 2023, "month": 12, "day": 13, "latitude": 36.209, "longitude": 25.6913, "mag": 4.36, "place": "27 km SE of Emporeío, Greece", "zone_id": 70, "cluster_id": 0, "shock_type": "MS", "mainshock_zone": 70, "same_zone": 1, "days_difference": 310 }, "geometry": { "type": "Point", "coordinates": [ 25.6913, 36.209 ] } },
{ "type": "Feature", "properties": { "ID": 98, "date_decimal": 2023.9522831050228, "year": 2023, "month": 12, "day": 14, "latitude": 36.1922, "longitude": 36.0589, "mag": 4.77, "place": "2 km SSW of Toygarlı, Turkey", "zone_id": 999, "cluster_id": 683, "shock_type": "AS", "mainshock_zone": 999, "same_zone": 1, "days_difference": 311 }, "geometry": { "type": "Point", "coordinates": [ 36.0589, 36.1922 ] } },
{ "type": "Feature", "properties": { "ID": 97, "date_decimal": 2023.9605022831051, "year": 2023, "month": 12, "day": 17, "latitude": 40.73, "longitude": 29.0587, "mag": 4.36, "place": "10 km NNW of Çınarcık, Turkey", "zone_id": 8, "cluster_id": 704, "shock_type": "AS", "mainshock_zone": 18, "same_zone": 0, "days_difference": 314 }, "geometry": { "type": "Point", "coordinates": [ 29.0587, 40.73 ] } },
{ "type": "Feature", "properties": { "ID": 96, "date_decimal": 2023.9605022831051, "year": 2023, "month": 12, "day": 17, "latitude": 39.9108, "longitude": 39.2903, "mag": 4.36, "place": "25 km NW of Erzincan, Turkey", "zone_id": 2, "cluster_id": 0, "shock_type": "MS", "mainshock_zone": 2, "same_zone": 1, "days_difference": 314 }, "geometry": { "type": "Point", "coordinates": [ 39.2903, 39.9108 ] } },
{ "type": "Feature", "properties": { "ID": 95, "date_decimal": 2023.9714611872148, "year": 2023, "month": 12, "day": 21, "latitude": 36.3343, "longitude": 36.1845, "mag": 4.36, "place": "1 km NNW of Anayazı, Turkey", "zone_id": 999, "cluster_id": 683, "shock_type": "AS", "mainshock_zone": 999, "same_zone": 1, "days_difference": 318 }, "geometry": { "type": "Point", "coordinates": [ 36.1845, 36.3343 ] } },
{ "type": "Feature", "properties": { "ID": 94, "date_decimal": 2023.9742009132422, "year": 2023, "month": 12, "day": 22, "latitude": 36.346, "longitude": 27.5437, "mag": 4.36, "place": "31 km WNW of Émponas, Greece", "zone_id": 22, "cluster_id": 705, "shock_type": "FS", "mainshock_zone": 22, "same_zone": 1, "days_difference": 319 }, "geometry": { "type": "Point", "coordinates": [ 27.5437, 36.346 ] } },
{ "type": "Feature", "properties": { "ID": 93, "date_decimal": 2023.9769406392695, "year": 2023, "month": 12, "day": 23, "latitude": 42.2315, "longitude": 45.624, "mag": 4.36, "place": "34 km NNW of Q’vareli, Georgia", "zone_id": 93, "cluster_id": 0, "shock_type": "MS", "mainshock_zone": 93, "same_zone": 1, "days_difference": 320 }, "geometry": { "type": "Point", "coordinates": [ 45.624, 42.2315 ] } },
{ "type": "Feature", "properties": { "ID": 92, "date_decimal": 2023.9796803652969, "year": 2023, "month": 12, "day": 24, "latitude": 36.9512, "longitude": 28.9794, "mag": 4.25, "place": "22 km N of Göcek, Turkey", "zone_id": 69, "cluster_id": 0, "shock_type": "MS", "mainshock_zone": 69, "same_zone": 1, "days_difference": 321 }, "geometry": { "type": "Point", "coordinates": [ 28.9794, 36.9512 ] } },
{ "type": "Feature", "properties": { "ID": 91, "date_decimal": 2023.9878995433792, "year": 2023, "month": 12, "day": 27, "latitude": 37.992, "longitude": 37.6592, "mag": 4.25, "place": "19 km E of Nurhak, Turkey", "zone_id": 10, "cluster_id": 684, "shock_type": "AS", "mainshock_zone": 999, "same_zone": 0, "days_difference": 324 }, "geometry": { "type": "Point", "coordinates": [ 37.6592, 37.992 ] } },
{ "type": "Feature", "properties": { "ID": 90, "date_decimal": 2023.9878995433792, "year": 2023, "month": 12, "day": 27, "latitude": 41.0715, "longitude": 33.7513, "mag": 5.08, "place": "19 km NNE of Ilgaz, Turkey", "zone_id": 2, "cluster_id": 0, "shock_type": "MS", "mainshock_zone": 2, "same_zone": 1, "days_difference": 324 }, "geometry": { "type": "Point", "coordinates": [ 33.7513, 41.0715 ] } },
{ "type": "Feature", "properties": { "ID": 89, "date_decimal": 2023.9906392694065, "year": 2023, "month": 12, "day": 28, "latitude": 38.1995, "longitude": 38.0744, "mag": 4.77, "place": "17 km SSE of Akçadağ, Turkey", "zone_id": 33, "cluster_id": 684, "shock_type": "AS", "mainshock_zone": 999, "same_zone": 0, "days_difference": 325 }, "geometry": { "type": "Point", "coordinates": [ 38.0744, 38.1995 ] } },
{ "type": "Feature", "properties": { "ID": 88, "date_decimal": 2023.9906392694065, "year": 2023, "month": 12, "day": 28, "latitude": 36.3336, "longitude": 28.3997, "mag": 4.36, "place": "17 km E of Faliraki, Greece", "zone_id": 69, "cluster_id": 0, "shock_type": "MS", "mainshock_zone": 69, "same_zone": 1, "days_difference": 325 }, "geometry": { "type": "Point", "coordinates": [ 28.3997, 36.3336 ] } },
{ "type": "Feature", "properties": { "ID": 87, "date_decimal": 2023.9961187214612, "year": 2023, "month": 12, "day": 30, "latitude": 38.3805, "longitude": 39.0214, "mag": 4.36, "place": "8 km N of Doğanyol, Turkey", "zone_id": 999, "cluster_id": 703, "shock_type": "AS", "mainshock_zone": 999, "same_zone": 1, "days_difference": 327 }, "geometry": { "type": "Point", "coordinates": [ 39.0214, 38.3805 ] } },
{ "type": "Feature", "properties": { "ID": 86, "date_decimal": 2023.9988584474886, "year": 2023, "month": 12, "day": 31, "latitude": 37.329, "longitude": 43.9618, "mag": 4.56, "place": "32 km ENE of Çukurca, Turkey", "zone_id": 87, "cluster_id": 0, "shock_type": "MS", "mainshock_zone": 87, "same_zone": 1, "days_difference": 328 }, "geometry": { "type": "Point", "coordinates": [ 43.9618, 37.329 ] } },
{ "type": "Feature", "properties": { "ID": 85, "date_decimal": 2023.9988584474886, "year": 2023, "month": 12, "day": 31, "latitude": 37.3763, "longitude": 43.9859, "mag": 4.4, "place": "30 km SE of Hakkâri, Turkey", "zone_id": 87, "cluster_id": 707, "shock_type": "FS", "mainshock_zone": 87, "same_zone": 1, "days_difference": 328 }, "geometry": { "type": "Point", "coordinates": [ 43.9859, 37.3763 ] } },
{ "type": "Feature", "properties": { "ID": 84, "date_decimal": 2024.0027397260274, "year": 2024, "month": 1, "day": 2, "latitude": 42.5415, "longitude": 42.878, "mag": 4.46, "place": "23 km W of Ambrolauri, Georgia", "zone_id": 92, "cluster_id": 0, "shock_type": "MS", "mainshock_zone": 92, "same_zone": 1, "days_difference": 330 }, "geometry": { "type": "Point", "coordinates": [ 42.878, 42.5415 ] } },
{ "type": "Feature", "properties": { "ID": 83, "date_decimal": 2024.0191780821917, "year": 2024, "month": 1, "day": 8, "latitude": 38.2618, "longitude": 38.7351, "mag": 4.46, "place": "26 km W of Doğanyol, Turkey", "zone_id": 999, "cluster_id": 703, "shock_type": "AS", "mainshock_zone": 999, "same_zone": 1, "days_difference": 336 }, "geometry": { "type": "Point", "coordinates": [ 38.7351, 38.2618 ] } },
{ "type": "Feature", "properties": { "ID": 82, "date_decimal": 2024.0219178082191, "year": 2024, "month": 1, "day": 9, "latitude": 37.8806, "longitude": 36.2369, "mag": 4.67, "place": "17 km SE of Saimbeyli, Turkey", "zone_id": 10, "cluster_id": 685, "shock_type": "AS", "mainshock_zone": 10, "same_zone": 1, "days_difference": 337 }, "geometry": { "type": "Point", "coordinates": [ 36.2369, 37.8806 ] } },
{ "type": "Feature", "properties": { "ID": 81, "date_decimal": 2024.0219178082191, "year": 2024, "month": 1, "day": 9, "latitude": 37.9544, "longitude": 37.3581, "mag": 4.15, "place": "7 km W of Nurhak, Turkey", "zone_id": 10, "cluster_id": 677, "shock_type": "AS", "mainshock_zone": 999, "same_zone": 0, "days_difference": 337 }, "geometry": { "type": "Point", "coordinates": [ 37.3581, 37.9544 ] } },
{ "type": "Feature", "properties": { "ID": 80, "date_decimal": 2024.0219178082191, "year": 2024, "month": 1, "day": 9, "latitude": 40.5841, "longitude": 35.1796, "mag": 4.56, "place": "12 km NW of Mecitözü, Turkey", "zone_id": 34, "cluster_id": 0, "shock_type": "MS", "mainshock_zone": 34, "same_zone": 1, "days_difference": 337 }, "geometry": { "type": "Point", "coordinates": [ 35.1796, 40.5841 ] } },
{ "type": "Feature", "properties": { "ID": 78, "date_decimal": 2024.0246575342467, "year": 2024, "month": 1, "day": 10, "latitude": 36.4993, "longitude": 27.6267, "mag": 4.46, "place": "22 km SW of Sými, Greece", "zone_id": 22, "cluster_id": 0, "shock_type": "MS", "mainshock_zone": 22, "same_zone": 1, "days_difference": 338 }, "geometry": { "type": "Point", "coordinates": [ 27.6267, 36.4993 ] } },
{ "type": "Feature", "properties": { "ID": 79, "date_decimal": 2024.0246575342467, "year": 2024, "month": 1, "day": 10, "latitude": 36.1511, "longitude": 35.9488, "mag": 4.36, "place": "7 km W of Uzunbağ, Turkey", "zone_id": 999, "cluster_id": 683, "shock_type": "AS", "mainshock_zone": 999, "same_zone": 1, "days_difference": 338 }, "geometry": { "type": "Point", "coordinates": [ 35.9488, 36.1511 ] } },
{ "type": "Feature", "properties": { "ID": 77, "date_decimal": 2024.0465753424658, "year": 2024, "month": 1, "day": 18, "latitude": 37.6914, "longitude": 35.4628, "mag": 4.25, "place": "16 km NNE of Aladağ, Turkey", "zone_id": 9, "cluster_id": 700, "shock_type": "AS", "mainshock_zone": 10, "same_zone": 0, "days_difference": 346 }, "geometry": { "type": "Point", "coordinates": [ 35.4628, 37.6914 ] } },
{ "type": "Feature", "properties": { "ID": 76, "date_decimal": 2024.0465753424658, "year": 2024, "month": 1, "day": 18, "latitude": 38.1052, "longitude": 38.3765, "mag": 4.1, "place": "15 km NE of Çelikhan, Turkey", "zone_id": 999, "cluster_id": 684, "shock_type": "AS", "mainshock_zone": 999, "same_zone": 1, "days_difference": 346 }, "geometry": { "type": "Point", "coordinates": [ 38.3765, 38.1052 ] } },
{ "type": "Feature", "properties": { "ID": 75, "date_decimal": 2024.0493150684931, "year": 2024, "month": 1, "day": 19, "latitude": 38.82, "longitude": 37.303, "mag": 4.46, "place": "11 km NNE of Gürün, Turkey", "zone_id": 9, "cluster_id": 0, "shock_type": "MS", "mainshock_zone": 9, "same_zone": 1, "days_difference": 347 }, "geometry": { "type": "Point", "coordinates": [ 37.303, 38.82 ] } },
{ "type": "Feature", "properties": { "ID": 74, "date_decimal": 2024.0575342465754, "year": 2024, "month": 1, "day": 22, "latitude": 38.6139, "longitude": 44.161, "mag": 4.15, "place": "15 km ESE of Özalp, Turkey", "zone_id": 13, "cluster_id": 0, "shock_type": "MS", "mainshock_zone": 13, "same_zone": 1, "days_difference": 350 }, "geometry": { "type": "Point", "coordinates": [ 44.161, 38.6139 ] } },
{ "type": "Feature", "properties": { "ID": 73, "date_decimal": 2024.0602739726028, "year": 2024, "month": 1, "day": 23, "latitude": 35.8484, "longitude": 30.8668, "mag": 4.36, "place": "73 km SE of Beykonak, Turkey", "zone_id": 16, "cluster_id": 0, "shock_type": "MS", "mainshock_zone": 16, "same_zone": 1, "days_difference": 351 }, "geometry": { "type": "Point", "coordinates": [ 30.8668, 35.8484 ] } },
{ "type": "Feature", "properties": { "ID": 72, "date_decimal": 2024.0657534246575, "year": 2024, "month": 1, "day": 25, "latitude": 38.1238, "longitude": 38.4224, "mag": 5.0, "place": "19 km WNW of Sincik, Turkey", "zone_id": 999, "cluster_id": 684, "shock_type": "AS", "mainshock_zone": 999, "same_zone": 1, "days_difference": 353 }, "geometry": { "type": "Point", "coordinates": [ 38.4224, 38.1238 ] } },
{ "type": "Feature", "properties": { "ID": 71, "date_decimal": 2024.0657534246575, "year": 2024, "month": 1, "day": 25, "latitude": 37.822, "longitude": 36.0555, "mag": 4.46, "place": "12 km E of Feke, Turkey", "zone_id": 10, "cluster_id": 685, "shock_type": "AS", "mainshock_zone": 10, "same_zone": 1, "days_difference": 353 }, "geometry": { "type": "Point", "coordinates": [ 36.0555, 37.822 ] } },
{ "type": "Feature", "properties": { "ID": 70, "date_decimal": 2024.0712328767124, "year": 2024, "month": 1, "day": 27, "latitude": 37.9756, "longitude": 27.1182, "mag": 5.1, "place": "4 km S of Özdere, Turkey", "zone_id": 68, "cluster_id": 0, "shock_type": "MS", "mainshock_zone": 68, "same_zone": 1, "days_difference": 355 }, "geometry": { "type": "Point", "coordinates": [ 27.1182, 37.9756 ] } },
{ "type": "Feature", "properties": { "ID": 69, "date_decimal": 2024.088812785388, "year": 2024, "month": 2, "day": 3, "latitude": 37.3233, "longitude": 43.9311, "mag": 4.46, "place": "29 km ENE of Çukurca, Turkey", "zone_id": 87, "cluster_id": 707, "shock_type": "AS", "mainshock_zone": 87, "same_zone": 1, "days_difference": 362 }, "geometry": { "type": "Point", "coordinates": [ 43.9311, 37.3233 ] } },
{ "type": "Feature", "properties": { "ID": 68, "date_decimal": 2024.102511415525, "year": 2024, "month": 2, "day": 8, "latitude": 36.334, "longitude": 28.6225, "mag": 4.25, "place": "37 km ESE of Ródos, Greece", "zone_id": 69, "cluster_id": 706, "shock_type": "AS", "mainshock_zone": 69, "same_zone": 1, "days_difference": 367 }, "geometry": { "type": "Point", "coordinates": [ 28.6225, 36.334 ] } },
{ "type": "Feature", "properties": { "ID": 67, "date_decimal": 2024.1107305936073, "year": 2024, "month": 2, "day": 11, "latitude": 37.3176, "longitude": 43.9832, "mag": 4.56, "place": "33 km ENE of Çukurca, Turkey", "zone_id": 87, "cluster_id": 707, "shock_type": "AS", "mainshock_zone": 87, "same_zone": 1, "days_difference": 370 }, "geometry": { "type": "Point", "coordinates": [ 43.9832, 37.3176 ] } },
{ "type": "Feature", "properties": { "ID": 66, "date_decimal": 2024.1189497716894, "year": 2024, "month": 2, "day": 14, "latitude": 35.8327, "longitude": 36.0287, "mag": 4.36, "place": "8 km SSW of Yayladağı, Turkey", "zone_id": 999, "cluster_id": 683, "shock_type": "AS", "mainshock_zone": 999, "same_zone": 1, "days_difference": 373 }, "geometry": { "type": "Point", "coordinates": [ 36.0287, 35.8327 ] } },
{ "type": "Feature", "properties": { "ID": 65, "date_decimal": 2024.1244292237443, "year": 2024, "month": 2, "day": 16, "latitude": 38.2269, "longitude": 37.6572, "mag": 4.56, "place": "24 km NW of Doğanşehir, Turkey", "zone_id": 10, "cluster_id": 684, "shock_type": "AS", "mainshock_zone": 999, "same_zone": 0, "days_difference": 375 }, "geometry": { "type": "Point", "coordinates": [ 37.6572, 38.2269 ] } },
{ "type": "Feature", "properties": { "ID": 64, "date_decimal": 2024.1271689497717, "year": 2024, "month": 2, "day": 17, "latitude": 38.4922, "longitude": 37.2808, "mag": 4.46, "place": "20 km WSW of Darende, Turkey", "zone_id": 9, "cluster_id": 0, "shock_type": "MS", "mainshock_zone": 9, "same_zone": 1, "days_difference": 376 }, "geometry": { "type": "Point", "coordinates": [ 37.2808, 38.4922 ] } },
{ "type": "Feature", "properties": { "ID": 63, "date_decimal": 2024.1326484018264, "year": 2024, "month": 2, "day": 19, "latitude": 37.9953, "longitude": 37.7293, "mag": 4.0, "place": "15 km SW of Doğanşehir, Turkey", "zone_id": 999, "cluster_id": 684, "shock_type": "AS", "mainshock_zone": 999, "same_zone": 1, "days_difference": 378 }, "geometry": { "type": "Point", "coordinates": [ 37.7293, 37.9953 ] } },
{ "type": "Feature", "properties": { "ID": 62, "date_decimal": 2024.1463470319634, "year": 2024, "month": 2, "day": 24, "latitude": 38.6527, "longitude": 25.5109, "mag": 4.36, "place": "13 km NNW of Psará, Greece", "zone_id": 75, "cluster_id": 0, "shock_type": "MS", "mainshock_zone": 75, "same_zone": 1, "days_difference": 383 }, "geometry": { "type": "Point", "coordinates": [ 25.5109, 38.6527 ] } },
{ "type": "Feature", "properties": { "ID": 61, "date_decimal": 2024.1545662100457, "year": 2024, "month": 2, "day": 27, "latitude": 40.2968, "longitude": 26.9768, "mag": 4.2, "place": "23 km WNW of Biga, Turkey", "zone_id": 29, "cluster_id": 0, "shock_type": "MS", "mainshock_zone": 29, "same_zone": 1, "days_difference": 386 }, "geometry": { "type": "Point", "coordinates": [ 26.9768, 40.2968 ] } },
{ "type": "Feature", "properties": { "ID": 60, "date_decimal": 2024.1600456621004, "year": 2024, "month": 2, "day": 29, "latitude": 35.6483, "longitude": 28.5929, "mag": 4.15, "place": "71 km SE of Lárdos, Greece", "zone_id": 81, "cluster_id": 682, "shock_type": "AS", "mainshock_zone": 81, "same_zone": 1, "days_difference": 388 }, "geometry": { "type": "Point", "coordinates": [ 28.5929, 35.6483 ] } },
{ "type": "Feature", "properties": { "ID": 59, "date_decimal": 2024.1721461187215, "year": 2024, "month": 3, "day": 3, "latitude": 38.0022, "longitude": 38.5391, "mag": 4.36, "place": "7 km WSW of Sincik, Turkey", "zone_id": 30, "cluster_id": 684, "shock_type": "AS", "mainshock_zone": 999, "same_zone": 0, "days_difference": 391 }, "geometry": { "type": "Point", "coordinates": [ 38.5391, 38.0022 ] } },
{ "type": "Feature", "properties": { "ID": 58, "date_decimal": 2024.1721461187215, "year": 2024, "month": 3, "day": 3, "latitude": 37.9712, "longitude": 37.5996, "mag": 4.36, "place": "14 km E of Nurhak, Turkey", "zone_id": 10, "cluster_id": 684, "shock_type": "AS", "mainshock_zone": 999, "same_zone": 0, "days_difference": 391 }, "geometry": { "type": "Point", "coordinates": [ 37.5996, 37.9712 ] } },
{ "type": "Feature", "properties": { "ID": 56, "date_decimal": 2024.174885844749, "year": 2024, "month": 3, "day": 4, "latitude": 39.9697, "longitude": 27.4459, "mag": 4.3, "place": "21 km NE of Hamdibey, Turkey", "zone_id": 18, "cluster_id": 0, "shock_type": "MS", "mainshock_zone": 18, "same_zone": 1, "days_difference": 392 }, "geometry": { "type": "Point", "coordinates": [ 27.4459, 39.9697 ] } },
{ "type": "Feature", "properties": { "ID": 57, "date_decimal": 2024.174885844749, "year": 2024, "month": 3, "day": 4, "latitude": 38.1973, "longitude": 37.4552, "mag": 4.4, "place": "22 km E of Elbistan, Turkey", "zone_id": 10, "cluster_id": 0, "shock_type": "MS", "mainshock_zone": 10, "same_zone": 1, "days_difference": 392 }, "geometry": { "type": "Point", "coordinates": [ 37.4552, 38.1973 ] } },
{ "type": "Feature", "properties": { "ID": 55, "date_decimal": 2024.1858447488585, "year": 2024, "month": 3, "day": 8, "latitude": 36.4248, "longitude": 28.3727, "mag": 4.87, "place": "13 km E of Ródos, Greece", "zone_id": 69, "cluster_id": 0, "shock_type": "MS", "mainshock_zone": 69, "same_zone": 1, "days_difference": 396 }, "geometry": { "type": "Point", "coordinates": [ 28.3727, 36.4248 ] } },
{ "type": "Feature", "properties": { "ID": 54, "date_decimal": 2024.1913242009134, "year": 2024, "month": 3, "day": 10, "latitude": 36.1454, "longitude": 30.1252, "mag": 4.8, "place": "16 km S of Finike, Turkey", "zone_id": 81, "cluster_id": 0, "shock_type": "MS", "mainshock_zone": 81, "same_zone": 1, "days_difference": 398 }, "geometry": { "type": "Point", "coordinates": [ 30.1252, 36.1454 ] } },
{ "type": "Feature", "properties": { "ID": 53, "date_decimal": 2024.1940639269408, "year": 2024, "month": 3, "day": 11, "latitude": 41.5217, "longitude": 36.308, "mag": 4.46, "place": "26 km N of Samsun, Turkey", "zone_id": 53, "cluster_id": 0, "shock_type": "MS", "mainshock_zone": 53, "same_zone": 1, "days_difference": 399 }, "geometry": { "type": "Point", "coordinates": [ 36.308, 41.5217 ] } },
{ "type": "Feature", "properties": { "ID": 52, "date_decimal": 2024.2324200913242, "year": 2024, "month": 3, "day": 25, "latitude": 36.9998, "longitude": 29.0445, "mag": 4.15, "place": "28 km NNE of Göcek, Turkey", "zone_id": 69, "cluster_id": 0, "shock_type": "MS", "mainshock_zone": 69, "same_zone": 1, "days_difference": 413 }, "geometry": { "type": "Point", "coordinates": [ 29.0445, 36.9998 ] } },
{ "type": "Feature", "properties": { "ID": 51, "date_decimal": 2024.2461187214612, "year": 2024, "month": 3, "day": 30, "latitude": 38.4393, "longitude": 39.3542, "mag": 4.7, "place": "3 km E of Sivrice, Turkey", "zone_id": 999, "cluster_id": 0, "shock_type": "MS", "mainshock_zone": 999, "same_zone": 1, "days_difference": 418 }, "geometry": { "type": "Point", "coordinates": [ 39.3542, 38.4393 ] } },
{ "type": "Feature", "properties": { "ID": 50, "date_decimal": 2024.2461187214612, "year": 2024, "month": 3, "day": 30, "latitude": 42.559, "longitude": 43.597, "mag": 4.87, "place": "12 km E of Oni, Georgia", "zone_id": 65, "cluster_id": 709, "shock_type": "FS", "mainshock_zone": 65, "same_zone": 1, "days_difference": 418 }, "geometry": { "type": "Point", "coordinates": [ 43.597, 42.559 ] } },
{ "type": "Feature", "properties": { "ID": 49, "date_decimal": 2024.2461187214612, "year": 2024, "month": 3, "day": 30, "latitude": 42.5389, "longitude": 43.637, "mag": 4.25, "place": "16 km ESE of Oni, Georgia", "zone_id": 65, "cluster_id": 709, "shock_type": "FS", "mainshock_zone": 65, "same_zone": 1, "days_difference": 418 }, "geometry": { "type": "Point", "coordinates": [ 43.637, 42.5389 ] } },
{ "type": "Feature", "properties": { "ID": 48, "date_decimal": 2024.2527397260274, "year": 2024, "month": 4, "day": 2, "latitude": 36.4947, "longitude": 27.6382, "mag": 4.2, "place": "22 km SW of Sými, Greece", "zone_id": 22, "cluster_id": 0, "shock_type": "MS", "mainshock_zone": 22, "same_zone": 1, "days_difference": 421 }, "geometry": { "type": "Point", "coordinates": [ 27.6382, 36.4947 ] } },
{ "type": "Feature", "properties": { "ID": 47, "date_decimal": 2024.2554794520547, "year": 2024, "month": 4, "day": 3, "latitude": 38.0086, "longitude": 37.6577, "mag": 4.3, "place": "19 km ENE of Nurhak, Turkey", "zone_id": 10, "cluster_id": 684, "shock_type": "AS", "mainshock_zone": 999, "same_zone": 0, "days_difference": 422 }, "geometry": { "type": "Point", "coordinates": [ 37.6577, 38.0086 ] } },
{ "type": "Feature", "properties": { "ID": 46, "date_decimal": 2024.2554794520547, "year": 2024, "month": 4, "day": 3, "latitude": 35.8444, "longitude": 25.8374, "mag": 4.25, "place": "65 km N of Eloúnda, Greece", "zone_id": 22, "cluster_id": 0, "shock_type": "MS", "mainshock_zone": 22, "same_zone": 1, "days_difference": 422 }, "geometry": { "type": "Point", "coordinates": [ 25.8374, 35.8444 ] } },
{ "type": "Feature", "properties": { "ID": 45, "date_decimal": 2024.2719178082191, "year": 2024, "month": 4, "day": 9, "latitude": 38.1969, "longitude": 38.5312, "mag": 4.46, "place": "19 km NNW of Sincik, Turkey", "zone_id": 999, "cluster_id": 684, "shock_type": "AS", "mainshock_zone": 999, "same_zone": 1, "days_difference": 428 }, "geometry": { "type": "Point", "coordinates": [ 38.5312, 38.1969 ] } },
{ "type": "Feature", "properties": { "ID": 44, "date_decimal": 2024.2801369863014, "year": 2024, "month": 4, "day": 12, "latitude": 38.1804, "longitude": 38.5248, "mag": 4.36, "place": "17 km NNW of Sincik, Turkey", "zone_id": 999, "cluster_id": 684, "shock_type": "AS", "mainshock_zone": 999, "same_zone": 1, "days_difference": 431 }, "geometry": { "type": "Point", "coordinates": [ 38.5248, 38.1804 ] } },
{ "type": "Feature", "properties": { "ID": 43, "date_decimal": 2024.291095890411, "year": 2024, "month": 4, "day": 16, "latitude": 38.0834, "longitude": 38.5693, "mag": 4.46, "place": "6 km NW of Sincik, Turkey", "zone_id": 104, "cluster_id": 684, "shock_type": "AS", "mainshock_zone": 999, "same_zone": 0, "days_difference": 435 }, "geometry": { "type": "Point", "coordinates": [ 38.5693, 38.0834 ] } },
{ "type": "Feature", "properties": { "ID": 41, "date_decimal": 2024.2938356164384, "year": 2024, "month": 4, "day": 17, "latitude": 40.018, "longitude": 35.9571, "mag": 4.6, "place": "11 km WNW of Sulusaray, Turkey", "zone_id": 3, "cluster_id": 710, "shock_type": "FS", "mainshock_zone": 3, "same_zone": 1, "days_difference": 436 }, "geometry": { "type": "Point", "coordinates": [ 35.9571, 40.018 ] } },
{ "type": "Feature", "properties": { "ID": 40, "date_decimal": 2024.2938356164384, "year": 2024, "month": 4, "day": 17, "latitude": 40.0485, "longitude": 35.9644, "mag": 4.25, "place": "11 km WNW of Sulusaray, Turkey", "zone_id": 3, "cluster_id": 710, "shock_type": "FS", "mainshock_zone": 3, "same_zone": 1, "days_difference": 436 }, "geometry": { "type": "Point", "coordinates": [ 35.9644, 40.0485 ] } },
{ "type": "Feature", "properties": { "ID": 42, "date_decimal": 2024.2938356164384, "year": 2024, "month": 4, "day": 17, "latitude": 37.2136, "longitude": 28.753, "mag": 4.36, "place": "26 km SSW of Kale, Turkey", "zone_id": 27, "cluster_id": 0, "shock_type": "MS", "mainshock_zone": 27, "same_zone": 1, "days_difference": 436 }, "geometry": { "type": "Point", "coordinates": [ 28.753, 37.2136 ] } },
{ "type": "Feature", "properties": { "ID": 39, "date_decimal": 2024.2965753424658, "year": 2024, "month": 4, "day": 18, "latitude": 39.9894, "longitude": 35.9451, "mag": 5.6, "place": "11 km W of Sulusaray, Turkey", "zone_id": 3, "cluster_id": 0, "shock_type": "MS", "mainshock_zone": 3, "same_zone": 1, "days_difference": 437 }, "geometry": { "type": "Point", "coordinates": [ 35.9451, 39.9894 ] } },
{ "type": "Feature", "properties": { "ID": 38, "date_decimal": 2024.2965753424658, "year": 2024, "month": 4, "day": 18, "latitude": 40.0152, "longitude": 36.085, "mag": 4.36, "place": "2 km N of Sulusaray, Turkey", "zone_id": 3, "cluster_id": 710, "shock_type": "AS", "mainshock_zone": 3, "same_zone": 1, "days_difference": 437 }, "geometry": { "type": "Point", "coordinates": [ 36.085, 40.0152 ] } },
{ "type": "Feature", "properties": { "ID": 37, "date_decimal": 2024.2965753424658, "year": 2024, "month": 4, "day": 18, "latitude": 40.0317, "longitude": 36.0534, "mag": 4.2, "place": "4 km NNW of Sulusaray, Turkey", "zone_id": 3, "cluster_id": 710, "shock_type": "AS", "mainshock_zone": 3, "same_zone": 1, "days_difference": 437 }, "geometry": { "type": "Point", "coordinates": [ 36.0534, 40.0317 ] } },
{ "type": "Feature", "properties": { "ID": 36, "date_decimal": 2024.2965753424658, "year": 2024, "month": 4, "day": 18, "latitude": 40.0443, "longitude": 36.0225, "mag": 4.25, "place": "7 km NW of Sulusaray, Turkey", "zone_id": 3, "cluster_id": 710, "shock_type": "AS", "mainshock_zone": 3, "same_zone": 1, "days_difference": 437 }, "geometry": { "type": "Point", "coordinates": [ 36.0225, 40.0443 ] } },
{ "type": "Feature", "properties": { "ID": 35, "date_decimal": 2024.2993150684931, "year": 2024, "month": 4, "day": 19, "latitude": 37.8395, "longitude": 26.8394, "mag": 4.3, "place": "8 km NW of Kokkári, Greece", "zone_id": 68, "cluster_id": 708, "shock_type": "AS", "mainshock_zone": 68, "same_zone": 1, "days_difference": 438 }, "geometry": { "type": "Point", "coordinates": [ 26.8394, 37.8395 ] } },
{ "type": "Feature", "properties": { "ID": 34, "date_decimal": 2024.3020547945205, "year": 2024, "month": 4, "day": 20, "latitude": 38.4885, "longitude": 45.1208, "mag": 4.56, "place": "16 km ESE of Khowy, Iran", "zone_id": 86, "cluster_id": 0, "shock_type": "MS", "mainshock_zone": 86, "same_zone": 1, "days_difference": 439 }, "geometry": { "type": "Point", "coordinates": [ 45.1208, 38.4885 ] } },
{ "type": "Feature", "properties": { "ID": 33, "date_decimal": 2024.3047945205481, "year": 2024, "month": 4, "day": 21, "latitude": 40.4775, "longitude": 36.271, "mag": 4.25, "place": "17 km NNW of Yeşilyurt, Turkey", "zone_id": 2, "cluster_id": 0, "shock_type": "MS", "mainshock_zone": 2, "same_zone": 1, "days_difference": 440 }, "geometry": { "type": "Point", "coordinates": [ 36.271, 40.4775 ] } },
{ "type": "Feature", "properties": { "ID": 32, "date_decimal": 2024.3075342465754, "year": 2024, "month": 4, "day": 22, "latitude": 35.687, "longitude": 28.5293, "mag": 4.56, "place": "64 km SE of Lárdos, Greece", "zone_id": 81, "cluster_id": 0, "shock_type": "MS", "mainshock_zone": 81, "same_zone": 1, "days_difference": 441 }, "geometry": { "type": "Point", "coordinates": [ 28.5293, 35.687 ] } },
{ "type": "Feature", "properties": { "ID": 31, "date_decimal": 2024.3184931506848, "year": 2024, "month": 4, "day": 26, "latitude": 40.0111, "longitude": 40.2297, "mag": 4.25, "place": "18 km ENE of Otlukbeli, Turkey", "zone_id": 61, "cluster_id": 0, "shock_type": "MS", "mainshock_zone": 61, "same_zone": 1, "days_difference": 445 }, "geometry": { "type": "Point", "coordinates": [ 40.2297, 40.0111 ] } },
{ "type": "Feature", "properties": { "ID": 30, "date_decimal": 2024.3239726027398, "year": 2024, "month": 4, "day": 28, "latitude": 36.983, "longitude": 29.7471, "mag": 4.36, "place": "17 km E of Altınyayla, Turkey", "zone_id": 23, "cluster_id": 0, "shock_type": "MS", "mainshock_zone": 23, "same_zone": 1, "days_difference": 447 }, "geometry": { "type": "Point", "coordinates": [ 29.7471, 36.983 ] } },
{ "type": "Feature", "properties": { "ID": 29, "date_decimal": 2024.3267123287671, "year": 2024, "month": 4, "day": 29, "latitude": 35.6627, "longitude": 25.5517, "mag": 4.36, "place": "39 km N of Sísion, Greece", "zone_id": 22, "cluster_id": 0, "shock_type": "MS", "mainshock_zone": 22, "same_zone": 1, "days_difference": 448 }, "geometry": { "type": "Point", "coordinates": [ 25.5517, 35.6627 ] } },
{ "type": "Feature", "properties": { "ID": 28, "date_decimal": 2024.3716894977167, "year": 2024, "month": 5, "day": 15, "latitude": 39.0207, "longitude": 26.0308, "mag": 4.2, "place": "14 km WSW of Polichnítos, Greece", "zone_id": 76, "cluster_id": 0, "shock_type": "MS", "mainshock_zone": 76, "same_zone": 1, "days_difference": 464 }, "geometry": { "type": "Point", "coordinates": [ 26.0308, 39.0207 ] } },
{ "type": "Feature", "properties": { "ID": 27, "date_decimal": 2024.393607305936, "year": 2024, "month": 5, "day": 23, "latitude": 40.713, "longitude": 35.329, "mag": 4.3, "place": "20 km SSE of Gümüşhacıköy, Turkey", "zone_id": 2, "cluster_id": 0, "shock_type": "MS", "mainshock_zone": 2, "same_zone": 1, "days_difference": 472 }, "geometry": { "type": "Point", "coordinates": [ 35.329, 40.713 ] } },
{ "type": "Feature", "properties": { "ID": 26, "date_decimal": 2024.4018264840181, "year": 2024, "month": 5, "day": 26, "latitude": 36.7746, "longitude": 27.0205, "mag": 4.67, "place": "6 km ENE of Kéfalos, Greece", "zone_id": 84, "cluster_id": 0, "shock_type": "MS", "mainshock_zone": 84, "same_zone": 1, "days_difference": 475 }, "geometry": { "type": "Point", "coordinates": [ 27.0205, 36.7746 ] } },
{ "type": "Feature", "properties": { "ID": 25, "date_decimal": 2024.4127853881278, "year": 2024, "month": 5, "day": 30, "latitude": 36.326, "longitude": 27.1272, "mag": 4.15, "place": "31 km S of Mandráki, Greece", "zone_id": 22, "cluster_id": 0, "shock_type": "MS", "mainshock_zone": 22, "same_zone": 1, "days_difference": 479 }, "geometry": { "type": "Point", "coordinates": [ 27.1272, 36.326 ] } },
{ "type": "Feature", "properties": { "ID": 24, "date_decimal": 2024.4155251141551, "year": 2024, "month": 5, "day": 31, "latitude": 37.722, "longitude": 36.3135, "mag": 4.36, "place": "16 km NNW of Andırın, Turkey", "zone_id": 10, "cluster_id": 677, "shock_type": "AS", "mainshock_zone": 999, "same_zone": 0, "days_difference": 480 }, "geometry": { "type": "Point", "coordinates": [ 36.3135, 37.722 ] } },
{ "type": "Feature", "properties": { "ID": 23, "date_decimal": 2024.4194063926941, "year": 2024, "month": 6, "day": 2, "latitude": 37.6943, "longitude": 24.4568, "mag": 4.56, "place": "35 km E of Lávrio, Greece", "zone_id": 73, "cluster_id": 0, "shock_type": "MS", "mainshock_zone": 73, "same_zone": 1, "days_difference": 482 }, "geometry": { "type": "Point", "coordinates": [ 24.4568, 37.6943 ] } },
{ "type": "Feature", "properties": { "ID": 22, "date_decimal": 2024.4221461187215, "year": 2024, "month": 6, "day": 3, "latitude": 42.4985, "longitude": 43.5092, "mag": 4.9, "place": "10 km SSE of Oni, Georgia", "zone_id": 65, "cluster_id": 0, "shock_type": "MS", "mainshock_zone": 65, "same_zone": 1, "days_difference": 483 }, "geometry": { "type": "Point", "coordinates": [ 43.5092, 42.4985 ] } },
{ "type": "Feature", "properties": { "ID": 21, "date_decimal": 2024.4276255707764, "year": 2024, "month": 6, "day": 5, "latitude": 36.105, "longitude": 35.8681, "mag": 4.1, "place": "15 km WSW of Uzunbağ, Turkey", "zone_id": 999, "cluster_id": 683, "shock_type": "AS", "mainshock_zone": 999, "same_zone": 1, "days_difference": 485 }, "geometry": { "type": "Point", "coordinates": [ 35.8681, 36.105 ] } },
{ "type": "Feature", "properties": { "ID": 20, "date_decimal": 2024.4303652968038, "year": 2024, "month": 6, "day": 6, "latitude": 38.0453, "longitude": 38.2744, "mag": 4.0, "place": "3 km ENE of Çelikhan, Turkey", "zone_id": 999, "cluster_id": 684, "shock_type": "AS", "mainshock_zone": 999, "same_zone": 1, "days_difference": 486 }, "geometry": { "type": "Point", "coordinates": [ 38.2744, 38.0453 ] } },
{ "type": "Feature", "properties": { "ID": 19, "date_decimal": 2024.4385844748858, "year": 2024, "month": 6, "day": 9, "latitude": 37.9991, "longitude": 36.3821, "mag": 4.1, "place": "10 km WSW of Göksun, Turkey", "zone_id": 10, "cluster_id": 685, "shock_type": "AS", "mainshock_zone": 10, "same_zone": 1, "days_difference": 489 }, "geometry": { "type": "Point", "coordinates": [ 36.3821, 37.9991 ] } },
{ "type": "Feature", "properties": { "ID": 18, "date_decimal": 2024.4468036529681, "year": 2024, "month": 6, "day": 12, "latitude": 35.9745, "longitude": 27.9542, "mag": 4.7, "place": "14 km SSW of Lárdos, Greece", "zone_id": 69, "cluster_id": 0, "shock_type": "MS", "mainshock_zone": 69, "same_zone": 1, "days_difference": 492 }, "geometry": { "type": "Point", "coordinates": [ 27.9542, 35.9745 ] } },
{ "type": "Feature", "properties": { "ID": 17, "date_decimal": 2024.4577625570778, "year": 2024, "month": 6, "day": 16, "latitude": 42.4977, "longitude": 43.6227, "mag": 4.56, "place": "17 km ESE of Oni, Georgia", "zone_id": 65, "cluster_id": 709, "shock_type": "AS", "mainshock_zone": 65, "same_zone": 1, "days_difference": 496 }, "geometry": { "type": "Point", "coordinates": [ 43.6227, 42.4977 ] } },
{ "type": "Feature", "properties": { "ID": 16, "date_decimal": 2024.4577625570778, "year": 2024, "month": 6, "day": 16, "latitude": 42.5702, "longitude": 43.6353, "mag": 4.36, "place": "15 km E of Oni, Georgia", "zone_id": 65, "cluster_id": 709, "shock_type": "AS", "mainshock_zone": 65, "same_zone": 1, "days_difference": 496 }, "geometry": { "type": "Point", "coordinates": [ 43.6353, 42.5702 ] } },
{ "type": "Feature", "properties": { "ID": 15, "date_decimal": 2024.4577625570778, "year": 2024, "month": 6, "day": 16, "latitude": 38.2446, "longitude": 37.7652, "mag": 4.4, "place": "19 km NNW of Doğanşehir, Turkey", "zone_id": 10, "cluster_id": 684, "shock_type": "AS", "mainshock_zone": 999, "same_zone": 0, "days_difference": 496 }, "geometry": { "type": "Point", "coordinates": [ 37.7652, 38.2446 ] } },
{ "type": "Feature", "properties": { "ID": 14, "date_decimal": 2024.4742009132422, "year": 2024, "month": 6, "day": 22, "latitude": 42.5403, "longitude": 43.6153, "mag": 4.36, "place": "14 km ESE of Oni, Georgia", "zone_id": 65, "cluster_id": 709, "shock_type": "AS", "mainshock_zone": 65, "same_zone": 1, "days_difference": 502 }, "geometry": { "type": "Point", "coordinates": [ 43.6153, 42.5403 ] } },
{ "type": "Feature", "properties": { "ID": 13, "date_decimal": 2024.4796803652969, "year": 2024, "month": 6, "day": 24, "latitude": 39.2809, "longitude": 27.5502, "mag": 4.7, "place": "11 km NNW of Soma, Turkey", "zone_id": 43, "cluster_id": 0, "shock_type": "MS", "mainshock_zone": 43, "same_zone": 1, "days_difference": 504 }, "geometry": { "type": "Point", "coordinates": [ 27.5502, 39.2809 ] } },
{ "type": "Feature", "properties": { "ID": 12, "date_decimal": 2024.4851598173516, "year": 2024, "month": 6, "day": 26, "latitude": 40.2303, "longitude": 25.1815, "mag": 4.1, "place": "36 km SW of Kamariótissa, Greece", "zone_id": 82, "cluster_id": 0, "shock_type": "MS", "mainshock_zone": 82, "same_zone": 1, "days_difference": 506 }, "geometry": { "type": "Point", "coordinates": [ 25.1815, 40.2303 ] } },
{ "type": "Feature", "properties": { "ID": 11, "date_decimal": 2024.5219178082191, "year": 2024, "month": 7, "day": 9, "latitude": 36.6658, "longitude": 28.1421, "mag": 4.5, "place": "16 km SSW of İçmeler, Turkey", "zone_id": 22, "cluster_id": 0, "shock_type": "MS", "mainshock_zone": 22, "same_zone": 1, "days_difference": 519 }, "geometry": { "type": "Point", "coordinates": [ 28.1421, 36.6658 ] } },
{ "type": "Feature", "properties": { "ID": 10, "date_decimal": 2024.5219178082191, "year": 2024, "month": 7, "day": 9, "latitude": 38.2481, "longitude": 38.1166, "mag": 4.1, "place": "12 km WSW of Yeşilyurt, Turkey", "zone_id": 33, "cluster_id": 684, "shock_type": "AS", "mainshock_zone": 999, "same_zone": 0, "days_difference": 519 }, "geometry": { "type": "Point", "coordinates": [ 38.1166, 38.2481 ] } },
{ "type": "Feature", "properties": { "ID": 9, "date_decimal": 2024.5246575342467, "year": 2024, "month": 7, "day": 10, "latitude": 38.2274, "longitude": 38.1114, "mag": 4.3, "place": "13 km WSW of Yeşilyurt, Turkey", "zone_id": 33, "cluster_id": 684, "shock_type": "AS", "mainshock_zone": 999, "same_zone": 0, "days_difference": 520 }, "geometry": { "type": "Point", "coordinates": [ 38.1114, 38.2274 ] } },
{ "type": "Feature", "properties": { "ID": 8, "date_decimal": 2024.527397260274, "year": 2024, "month": 7, "day": 11, "latitude": 38.734, "longitude": 30.5589, "mag": 4.46, "place": "2 km SSE of Afyonkarahisar, Turkey", "zone_id": 38, "cluster_id": 0, "shock_type": "MS", "mainshock_zone": 38, "same_zone": 1, "days_difference": 521 }, "geometry": { "type": "Point", "coordinates": [ 30.5589, 38.734 ] } },
{ "type": "Feature", "properties": { "ID": 7, "date_decimal": 2024.5301369863014, "year": 2024, "month": 7, "day": 12, "latitude": 38.6492, "longitude": 43.2327, "mag": 4.2, "place": "21 km NW of Van, Turkey", "zone_id": 13, "cluster_id": 0, "shock_type": "MS", "mainshock_zone": 13, "same_zone": 1, "days_difference": 522 }, "geometry": { "type": "Point", "coordinates": [ 43.2327, 38.6492 ] } },
{ "type": "Feature", "properties": { "ID": 6, "date_decimal": 2024.5356164383561, "year": 2024, "month": 7, "day": 14, "latitude": 36.7289, "longitude": 36.134, "mag": 4.25, "place": "12 km NW of Denizciler, Turkey", "zone_id": 6, "cluster_id": 0, "shock_type": "MS", "mainshock_zone": 6, "same_zone": 1, "days_difference": 524 }, "geometry": { "type": "Point", "coordinates": [ 36.134, 36.7289 ] } },
{ "type": "Feature", "properties": { "ID": 5, "date_decimal": 2024.5547945205481, "year": 2024, "month": 7, "day": 21, "latitude": 37.6227, "longitude": 35.5156, "mag": 4.36, "place": "13 km NE of Aladağ, Turkey", "zone_id": 9, "cluster_id": 0, "shock_type": "MS", "mainshock_zone": 9, "same_zone": 1, "days_difference": 531 }, "geometry": { "type": "Point", "coordinates": [ 35.5156, 37.6227 ] } },
{ "type": "Feature", "properties": { "ID": 4, "date_decimal": 2024.5575342465754, "year": 2024, "month": 7, "day": 22, "latitude": 41.5032, "longitude": 45.9528, "mag": 4.56, "place": "13 km S of Ts’nori, Georgia", "zone_id": 46, "cluster_id": 0, "shock_type": "MS", "mainshock_zone": 46, "same_zone": 1, "days_difference": 532 }, "geometry": { "type": "Point", "coordinates": [ 45.9528, 41.5032 ] } },
{ "type": "Feature", "properties": { "ID": 3, "date_decimal": 2024.5575342465754, "year": 2024, "month": 7, "day": 22, "latitude": 39.6736, "longitude": 26.3745, "mag": 4.5, "place": "8 km NNW of Ayvacık, Turkey", "zone_id": 18, "cluster_id": 0, "shock_type": "MS", "mainshock_zone": 18, "same_zone": 1, "days_difference": 532 }, "geometry": { "type": "Point", "coordinates": [ 26.3745, 39.6736 ] } },
{ "type": "Feature", "properties": { "ID": 2, "date_decimal": 2024.5684931506848, "year": 2024, "month": 7, "day": 26, "latitude": 35.6464, "longitude": 25.6524, "mag": 4.77, "place": "39 km NNE of Sísion, Greece", "zone_id": 22, "cluster_id": 0, "shock_type": "MS", "mainshock_zone": 22, "same_zone": 1, "days_difference": 536 }, "geometry": { "type": "Point", "coordinates": [ 25.6524, 35.6464 ] } },
{ "type": "Feature", "properties": { "ID": 1, "date_decimal": 2024.5833333333333, "year": 2024, "month": 8, "day": 1, "latitude": 38.1437, "longitude": 38.2237, "mag": 4.46, "place": "13 km N of Çelikhan, Turkey", "zone_id": 999, "cluster_id": 684, "shock_type": "AS", "mainshock_zone": 999, "same_zone": 1, "days_difference": 542 }, "geometry": { "type": "Point", "coordinates": [ 38.2237, 38.1437 ] } },
{ "type": "Feature", "properties": { "ID": 0, "date_decimal": 2024.5997716894976, "year": 2024, "month": 8, "day": 7, "latitude": 37.6819, "longitude": 35.9702, "mag": 4.6, "place": "15 km SSE of Feke, Turkey", "zone_id": 10, "cluster_id": 0, "shock_type": "MS", "mainshock_zone": 10, "same_zone": 1, "days_difference": 548 }, "geometry": { "type": "Point", "coordinates": [ 35.9702, 37.6819 ] } }
]
}
