{
"type": "FeatureCollection",
"name": "Kocaeli_GK74",
"crs": { "type": "name", "properties": { "name": "urn:ogc:def:crs:OGC:1.3:CRS84" } },
"features": [
{ "type": "Feature", "properties": { "ID": 3587, "date_decimal": 1999.5520547945205, "year": 1999, "month": 7, "day": 20, "latitude": 39.914, "longitude": 41.342, "mag": 4.67, "place": "5 km E of Erzurum, Turkey", "zone_id": 61, "cluster_id": 0, "shock_type": "MS", "mainshock_zone": 61, "same_zone": 1, "days_difference": -28 }, "geometry": { "type": "Point", "coordinates": [ 41.342, 39.914 ] } },
{ "type": "Feature", "properties": { "ID": 3584, "date_decimal": 1999.5630136986301, "year": 1999, "month": 7, "day": 24, "latitude": 39.41, "longitude": 27.93, "mag": 4.62, "place": "17 km W of Bigadiç, Turkey", "zone_id": 35, "cluster_id": 345, "shock_type": "FS", "mainshock_zone": 35, "same_zone": 1, "days_difference": -24 }, "geometry": { "type": "Point", "coordinates": [ 27.93, 39.41 ] } },
{ "type": "Feature", "properties": { "ID": 3585, "date_decimal": 1999.5630136986301, "year": 1999, "month": 7, "day": 24, "latitude": 39.327, "longitude": 27.855, "mag": 4.54, "place": "18 km ESE of Sava?tepe, Turkey", "zone_id": 35, "cluster_id": 345, "shock_type": "FS", "mainshock_zone": 35, "same_zone": 1, "days_difference": -24 }, "geometry": { "type": "Point", "coordinates": [ 27.855, 39.327 ] } },
{ "type": "Feature", "properties": { "ID": 3586, "date_decimal": 1999.5630136986301, "year": 1999, "month": 7, "day": 24, "latitude": 39.295, "longitude": 27.886, "mag": 5.13, "place": "22 km ESE of Sava?tepe, Turkey", "zone_id": 35, "cluster_id": 345, "shock_type": "FS", "mainshock_zone": 35, "same_zone": 1, "days_difference": -24 }, "geometry": { "type": "Point", "coordinates": [ 27.886, 39.295 ] } },
{ "type": "Feature", "properties": { "ID": 3583, "date_decimal": 1999.5657534246575, "year": 1999, "month": 7, "day": 25, "latitude": 39.309, "longitude": 28.003, "mag": 5.2, "place": "14 km SW of Bigadiç, Turkey", "zone_id": 35, "cluster_id": 0, "shock_type": "MS", "mainshock_zone": 35, "same_zone": 1, "days_difference": -23 }, "geometry": { "type": "Point", "coordinates": [ 28.003, 39.309 ] } },
{ "type": "Feature", "properties": { "ID": 3582, "date_decimal": 1999.5684931506848, "year": 1999, "month": 7, "day": 26, "latitude": 36.649, "longitude": 27.175, "mag": 4.56, "place": "5 km NE of Mandráki, Greece", "zone_id": 84, "cluster_id": 0, "shock_type": "MS", "mainshock_zone": 84, "same_zone": 1, "days_difference": -22 }, "geometry": { "type": "Point", "coordinates": [ 27.175, 36.649 ] } },
{ "type": "Feature", "properties": { "ID": 3581, "date_decimal": 1999.5860730593606, "year": 1999, "month": 8, "day": 2, "latitude": 36.52, "longitude": 29.17, "mag": 4.78, "place": "5 km SSE of Ölüdeniz, Turkey", "zone_id": 23, "cluster_id": 0, "shock_type": "MS", "mainshock_zone": 23, "same_zone": 1, "days_difference": -15 }, "geometry": { "type": "Point", "coordinates": [ 29.17, 36.52 ] } },
{ "type": "Feature", "properties": { "ID": 3555, "date_decimal": 1999.6271689497717, "year": 1999, "month": 8, "day": 17, "latitude": 40.882, "longitude": 30.833, "mag": 4.36, "place": "11 km NE of Hendek, Turkey", "zone_id": 8, "cluster_id": 346, "shock_type": "FS", "mainshock_zone": 8, "same_zone": 1, "days_difference": 0 }, "geometry": { "type": "Point", "coordinates": [ 30.833, 40.882 ] } },
{ "type": "Feature", "properties": { "ID": 3554, "date_decimal": 1999.6271689497717, "year": 1999, "month": 8, "day": 17, "latitude": 40.845, "longitude": 30.347, "mag": 4.77, "place": "8 km NNW of Adapazar?, Turkey", "zone_id": 8, "cluster_id": 346, "shock_type": "FS", "mainshock_zone": 8, "same_zone": 1, "days_difference": 0 }, "geometry": { "type": "Point", "coordinates": [ 30.347, 40.845 ] } },
{ "type": "Feature", "properties": { "ID": 3553, "date_decimal": 1999.6271689497717, "year": 1999, "month": 8, "day": 17, "latitude": 40.739, "longitude": 30.203, "mag": 4.25, "place": "7 km NW of Sapanca, Turkey", "zone_id": 8, "cluster_id": 347, "shock_type": "FS", "mainshock_zone": 8, "same_zone": 1, "days_difference": 0 }, "geometry": { "type": "Point", "coordinates": [ 30.203, 40.739 ] } },
{ "type": "Feature", "properties": { "ID": 3552, "date_decimal": 1999.6271689497717, "year": 1999, "month": 8, "day": 17, "latitude": 40.736, "longitude": 29.964, "mag": 4.15, "place": "2 km WNW of Kullar, Turkey", "zone_id": 8, "cluster_id": 347, "shock_type": "FS", "mainshock_zone": 8, "same_zone": 1, "days_difference": 0 }, "geometry": { "type": "Point", "coordinates": [ 29.964, 40.736 ] } },
{ "type": "Feature", "properties": { "ID": 3551, "date_decimal": 1999.6271689497717, "year": 1999, "month": 8, "day": 17, "latitude": 40.841, "longitude": 31.218, "mag": 4.77, "place": "4 km E of Düzce, Turkey", "zone_id": 8, "cluster_id": 346, "shock_type": "FS", "mainshock_zone": 8, "same_zone": 1, "days_difference": 0 }, "geometry": { "type": "Point", "coordinates": [ 31.218, 40.841 ] } },
{ "type": "Feature", "properties": { "ID": 3550, "date_decimal": 1999.6271689497717, "year": 1999, "month": 8, "day": 17, "latitude": 40.644, "longitude": 30.617, "mag": 4.15, "place": "4 km S of Akyaz?, Turkey", "zone_id": 8, "cluster_id": 346, "shock_type": "FS", "mainshock_zone": 8, "same_zone": 1, "days_difference": 0 }, "geometry": { "type": "Point", "coordinates": [ 30.617, 40.644 ] } },
{ "type": "Feature", "properties": { "ID": 3549, "date_decimal": 1999.6271689497717, "year": 1999, "month": 8, "day": 17, "latitude": 40.674, "longitude": 30.651, "mag": 4.77, "place": "2 km ESE of Akyaz?, Turkey", "zone_id": 8, "cluster_id": 346, "shock_type": "FS", "mainshock_zone": 8, "same_zone": 1, "days_difference": 0 }, "geometry": { "type": "Point", "coordinates": [ 30.651, 40.674 ] } },
{ "type": "Feature", "properties": { "ID": 3548, "date_decimal": 1999.6271689497717, "year": 1999, "month": 8, "day": 17, "latitude": 40.741, "longitude": 30.753, "mag": 4.36, "place": "6 km S of Hendek, Turkey", "zone_id": 8, "cluster_id": 346, "shock_type": "FS", "mainshock_zone": 8, "same_zone": 1, "days_difference": 0 }, "geometry": { "type": "Point", "coordinates": [ 30.753, 40.741 ] } },
{ "type": "Feature", "properties": { "ID": 3547, "date_decimal": 1999.6271689497717, "year": 1999, "month": 8, "day": 17, "latitude": 40.676, "longitude": 30.84, "mag": 4.46, "place": "15 km SSE of Hendek, Turkey", "zone_id": 8, "cluster_id": 346, "shock_type": "FS", "mainshock_zone": 8, "same_zone": 1, "days_difference": 0 }, "geometry": { "type": "Point", "coordinates": [ 30.84, 40.676 ] } },
{ "type": "Feature", "properties": { "ID": 3546, "date_decimal": 1999.6271689497717, "year": 1999, "month": 8, "day": 17, "latitude": 40.655, "longitude": 30.741, "mag": 4.25, "place": "10 km ESE of Akyaz?, Turkey", "zone_id": 8, "cluster_id": 346, "shock_type": "FS", "mainshock_zone": 8, "same_zone": 1, "days_difference": 0 }, "geometry": { "type": "Point", "coordinates": [ 30.741, 40.655 ] } },
{ "type": "Feature", "properties": { "ID": 3545, "date_decimal": 1999.6271689497717, "year": 1999, "month": 8, "day": 17, "latitude": 40.741, "longitude": 31.23, "mag": 4.77, "place": "12 km SSE of Düzce, Turkey", "zone_id": 8, "cluster_id": 346, "shock_type": "FS", "mainshock_zone": 8, "same_zone": 1, "days_difference": 0 }, "geometry": { "type": "Point", "coordinates": [ 31.23, 40.741 ] } },
{ "type": "Feature", "properties": { "ID": 3544, "date_decimal": 1999.6271689497717, "year": 1999, "month": 8, "day": 17, "latitude": 40.902, "longitude": 30.261, "mag": 4.25, "place": "14 km SSW of Kaynarca, Turkey", "zone_id": 53, "cluster_id": 347, "shock_type": "FS", "mainshock_zone": 8, "same_zone": 0, "days_difference": 0 }, "geometry": { "type": "Point", "coordinates": [ 30.261, 40.902 ] } },
{ "type": "Feature", "properties": { "ID": 3543, "date_decimal": 1999.6271689497717, "year": 1999, "month": 8, "day": 17, "latitude": 40.88, "longitude": 31.218, "mag": 4.36, "place": "6 km NE of Düzce, Turkey", "zone_id": 53, "cluster_id": 346, "shock_type": "FS", "mainshock_zone": 8, "same_zone": 0, "days_difference": 0 }, "geometry": { "type": "Point", "coordinates": [ 31.218, 40.88 ] } },
{ "type": "Feature", "properties": { "ID": 3542, "date_decimal": 1999.6271689497717, "year": 1999, "month": 8, "day": 17, "latitude": 40.711, "longitude": 29.942, "mag": 4.67, "place": "1 km N of Kar??yaka, Turkey", "zone_id": 8, "cluster_id": 347, "shock_type": "FS", "mainshock_zone": 8, "same_zone": 1, "days_difference": 0 }, "geometry": { "type": "Point", "coordinates": [ 29.942, 40.711 ] } },
{ "type": "Feature", "properties": { "ID": 3541, "date_decimal": 1999.6271689497717, "year": 1999, "month": 8, "day": 17, "latitude": 40.568, "longitude": 30.197, "mag": 4.15, "place": "7 km NNE of Pamukova, Turkey", "zone_id": 18, "cluster_id": 347, "shock_type": "FS", "mainshock_zone": 8, "same_zone": 0, "days_difference": 0 }, "geometry": { "type": "Point", "coordinates": [ 30.197, 40.568 ] } },
{ "type": "Feature", "properties": { "ID": 3540, "date_decimal": 1999.6271689497717, "year": 1999, "month": 8, "day": 17, "latitude": 40.631, "longitude": 30.668, "mag": 4.56, "place": "7 km SSE of Akyaz?, Turkey", "zone_id": 8, "cluster_id": 346, "shock_type": "FS", "mainshock_zone": 8, "same_zone": 1, "days_difference": 0 }, "geometry": { "type": "Point", "coordinates": [ 30.668, 40.631 ] } },
{ "type": "Feature", "properties": { "ID": 3539, "date_decimal": 1999.6271689497717, "year": 1999, "month": 8, "day": 17, "latitude": 40.597, "longitude": 29.086, "mag": 4.52, "place": "5 km SE of Kocadere, Turkey", "zone_id": 8, "cluster_id": 347, "shock_type": "FS", "mainshock_zone": 8, "same_zone": 1, "days_difference": 0 }, "geometry": { "type": "Point", "coordinates": [ 29.086, 40.597 ] } },
{ "type": "Feature", "properties": { "ID": 3538, "date_decimal": 1999.6271689497717, "year": 1999, "month": 8, "day": 17, "latitude": 40.763, "longitude": 30.079, "mag": 4.25, "place": "6 km ENE of Köseköy, Turkey", "zone_id": 8, "cluster_id": 347, "shock_type": "FS", "mainshock_zone": 8, "same_zone": 1, "days_difference": 0 }, "geometry": { "type": "Point", "coordinates": [ 30.079, 40.763 ] } },
{ "type": "Feature", "properties": { "ID": 3537, "date_decimal": 1999.6271689497717, "year": 1999, "month": 8, "day": 17, "latitude": 40.759, "longitude": 30.588, "mag": 4.36, "place": "8 km NNW of Akyaz?, Turkey", "zone_id": 8, "cluster_id": 346, "shock_type": "FS", "mainshock_zone": 8, "same_zone": 1, "days_difference": 0 }, "geometry": { "type": "Point", "coordinates": [ 30.588, 40.759 ] } },
{ "type": "Feature", "properties": { "ID": 3556, "date_decimal": 1999.6271689497717, "year": 1999, "month": 8, "day": 17, "latitude": 40.739, "longitude": 30.408, "mag": 4.25, "place": "4 km S of Adapazar?, Turkey", "zone_id": 8, "cluster_id": 346, "shock_type": "FS", "mainshock_zone": 8, "same_zone": 1, "days_difference": 0 }, "geometry": { "type": "Point", "coordinates": [ 30.408, 40.739 ] } },
{ "type": "Feature", "properties": { "ID": 3557, "date_decimal": 1999.6271689497717, "year": 1999, "month": 8, "day": 17, "latitude": 40.585, "longitude": 30.466, "mag": 4.67, "place": "8 km SW of Karapürçek, Turkey", "zone_id": 8, "cluster_id": 346, "shock_type": "FS", "mainshock_zone": 8, "same_zone": 1, "days_difference": 0 }, "geometry": { "type": "Point", "coordinates": [ 30.466, 40.585 ] } },
{ "type": "Feature", "properties": { "ID": 3566, "date_decimal": 1999.6271689497717, "year": 1999, "month": 8, "day": 17, "latitude": 40.752, "longitude": 30.979, "mag": 4.25, "place": "18 km WSW of Düzce, Turkey", "zone_id": 8, "cluster_id": 346, "shock_type": "FS", "mainshock_zone": 8, "same_zone": 1, "days_difference": 0 }, "geometry": { "type": "Point", "coordinates": [ 30.979, 40.752 ] } },
{ "type": "Feature", "properties": { "ID": 3559, "date_decimal": 1999.6271689497717, "year": 1999, "month": 8, "day": 17, "latitude": 40.727, "longitude": 30.389, "mag": 4.25, "place": "6 km SSW of Adapazar?, Turkey", "zone_id": 8, "cluster_id": 346, "shock_type": "FS", "mainshock_zone": 8, "same_zone": 1, "days_difference": 0 }, "geometry": { "type": "Point", "coordinates": [ 30.389, 40.727 ] } },
{ "type": "Feature", "properties": { "ID": 3580, "date_decimal": 1999.6271689497717, "year": 1999, "month": 8, "day": 17, "latitude": 40.748, "longitude": 29.864, "mag": 7.6, "place": "4 km ESE of Derince, Turkey", "zone_id": 8, "cluster_id": 0, "shock_type": "MS", "mainshock_zone": 8, "same_zone": 1, "days_difference": 0 }, "geometry": { "type": "Point", "coordinates": [ 29.864, 40.748 ] } },
{ "type": "Feature", "properties": { "ID": 3579, "date_decimal": 1999.6271689497717, "year": 1999, "month": 8, "day": 17, "latitude": 40.648, "longitude": 30.751, "mag": 5.08, "place": "11 km ESE of Akyaz?, Turkey", "zone_id": 8, "cluster_id": 346, "shock_type": "FS", "mainshock_zone": 8, "same_zone": 1, "days_difference": 0 }, "geometry": { "type": "Point", "coordinates": [ 30.751, 40.648 ] } },
{ "type": "Feature", "properties": { "ID": 3558, "date_decimal": 1999.6271689497717, "year": 1999, "month": 8, "day": 17, "latitude": 40.694, "longitude": 29.194, "mag": 4.36, "place": "5 km NNE of Koruköy, Turkey", "zone_id": 8, "cluster_id": 347, "shock_type": "FS", "mainshock_zone": 8, "same_zone": 1, "days_difference": 0 }, "geometry": { "type": "Point", "coordinates": [ 29.194, 40.694 ] } },
{ "type": "Feature", "properties": { "ID": 3577, "date_decimal": 1999.6271689497717, "year": 1999, "month": 8, "day": 17, "latitude": 40.653, "longitude": 30.435, "mag": 4.77, "place": "8 km W of Karapürçek, Turkey", "zone_id": 8, "cluster_id": 346, "shock_type": "FS", "mainshock_zone": 8, "same_zone": 1, "days_difference": 0 }, "geometry": { "type": "Point", "coordinates": [ 30.435, 40.653 ] } },
{ "type": "Feature", "properties": { "ID": 3576, "date_decimal": 1999.6271689497717, "year": 1999, "month": 8, "day": 17, "latitude": 40.722, "longitude": 29.947, "mag": 4.25, "place": "Western Turkey", "zone_id": 8, "cluster_id": 347, "shock_type": "FS", "mainshock_zone": 8, "same_zone": 1, "days_difference": 0 }, "geometry": { "type": "Point", "coordinates": [ 29.947, 40.722 ] } },
{ "type": "Feature", "properties": { "ID": 3575, "date_decimal": 1999.6271689497717, "year": 1999, "month": 8, "day": 17, "latitude": 40.654, "longitude": 30.646, "mag": 4.56, "place": "3 km SSE of Akyaz?, Turkey", "zone_id": 8, "cluster_id": 346, "shock_type": "FS", "mainshock_zone": 8, "same_zone": 1, "days_difference": 0 }, "geometry": { "type": "Point", "coordinates": [ 30.646, 40.654 ] } },
{ "type": "Feature", "properties": { "ID": 3574, "date_decimal": 1999.6271689497717, "year": 1999, "month": 8, "day": 17, "latitude": 40.696, "longitude": 30.547, "mag": 4.15, "place": "6 km N of Karapürçek, Turkey", "zone_id": 8, "cluster_id": 346, "shock_type": "FS", "mainshock_zone": 8, "same_zone": 1, "days_difference": 0 }, "geometry": { "type": "Point", "coordinates": [ 30.547, 40.696 ] } },
{ "type": "Feature", "properties": { "ID": 3573, "date_decimal": 1999.6271689497717, "year": 1999, "month": 8, "day": 17, "latitude": 40.711, "longitude": 29.801, "mag": 4.25, "place": "1 km WSW of Gölcük, Turkey", "zone_id": 8, "cluster_id": 347, "shock_type": "FS", "mainshock_zone": 8, "same_zone": 1, "days_difference": 0 }, "geometry": { "type": "Point", "coordinates": [ 29.801, 40.711 ] } },
{ "type": "Feature", "properties": { "ID": 3572, "date_decimal": 1999.6271689497717, "year": 1999, "month": 8, "day": 17, "latitude": 40.7, "longitude": 30.018, "mag": 4.77, "place": "3 km SE of Kullar, Turkey", "zone_id": 8, "cluster_id": 347, "shock_type": "FS", "mainshock_zone": 8, "same_zone": 1, "days_difference": 0 }, "geometry": { "type": "Point", "coordinates": [ 30.018, 40.7 ] } },
{ "type": "Feature", "properties": { "ID": 3571, "date_decimal": 1999.6271689497717, "year": 1999, "month": 8, "day": 17, "latitude": 40.7, "longitude": 29.061, "mag": 4.36, "place": "8 km NW of Ç?narc?k, Turkey", "zone_id": 8, "cluster_id": 347, "shock_type": "FS", "mainshock_zone": 8, "same_zone": 1, "days_difference": 0 }, "geometry": { "type": "Point", "coordinates": [ 29.061, 40.7 ] } },
{ "type": "Feature", "properties": { "ID": 3578, "date_decimal": 1999.6271689497717, "year": 1999, "month": 8, "day": 17, "latitude": 40.741, "longitude": 29.97, "mag": 5.18, "place": "2 km NW of Kullar, Turkey", "zone_id": 8, "cluster_id": 347, "shock_type": "FS", "mainshock_zone": 8, "same_zone": 1, "days_difference": 0 }, "geometry": { "type": "Point", "coordinates": [ 29.97, 40.741 ] } },
{ "type": "Feature", "properties": { "ID": 3569, "date_decimal": 1999.6271689497717, "year": 1999, "month": 8, "day": 17, "latitude": 40.594, "longitude": 30.717, "mag": 4.15, "place": "12 km SE of Akyaz?, Turkey", "zone_id": 8, "cluster_id": 346, "shock_type": "FS", "mainshock_zone": 8, "same_zone": 1, "days_difference": 0 }, "geometry": { "type": "Point", "coordinates": [ 30.717, 40.594 ] } },
{ "type": "Feature", "properties": { "ID": 3570, "date_decimal": 1999.6271689497717, "year": 1999, "month": 8, "day": 17, "latitude": 40.648, "longitude": 29.117, "mag": 4.77, "place": "0 km WNW of Ç?narc?k, Turkey", "zone_id": 8, "cluster_id": 347, "shock_type": "FS", "mainshock_zone": 8, "same_zone": 1, "days_difference": 0 }, "geometry": { "type": "Point", "coordinates": [ 29.117, 40.648 ] } },
{ "type": "Feature", "properties": { "ID": 3560, "date_decimal": 1999.6271689497717, "year": 1999, "month": 8, "day": 17, "latitude": 40.755, "longitude": 30.3, "mag": 4.36, "place": "7 km NNE of Sapanca, Turkey", "zone_id": 8, "cluster_id": 346, "shock_type": "FS", "mainshock_zone": 8, "same_zone": 1, "days_difference": 0 }, "geometry": { "type": "Point", "coordinates": [ 30.3, 40.755 ] } },
{ "type": "Feature", "properties": { "ID": 3561, "date_decimal": 1999.6271689497717, "year": 1999, "month": 8, "day": 17, "latitude": 40.616, "longitude": 30.688, "mag": 5.28, "place": "9 km SE of Akyaz?, Turkey", "zone_id": 8, "cluster_id": 346, "shock_type": "FS", "mainshock_zone": 8, "same_zone": 1, "days_difference": 0 }, "geometry": { "type": "Point", "coordinates": [ 30.688, 40.616 ] } },
{ "type": "Feature", "properties": { "ID": 3562, "date_decimal": 1999.6271689497717, "year": 1999, "month": 8, "day": 17, "latitude": 40.693, "longitude": 30.96, "mag": 4.15, "place": "21 km ESE of Hendek, Turkey", "zone_id": 8, "cluster_id": 346, "shock_type": "FS", "mainshock_zone": 8, "same_zone": 1, "days_difference": 0 }, "geometry": { "type": "Point", "coordinates": [ 30.96, 40.693 ] } },
{ "type": "Feature", "properties": { "ID": 3567, "date_decimal": 1999.6271689497717, "year": 1999, "month": 8, "day": 17, "latitude": 40.709, "longitude": 29.11, "mag": 4.36, "place": "7 km N of Ç?narc?k, Turkey", "zone_id": 8, "cluster_id": 347, "shock_type": "FS", "mainshock_zone": 8, "same_zone": 1, "days_difference": 0 }, "geometry": { "type": "Point", "coordinates": [ 29.11, 40.709 ] } },
{ "type": "Feature", "properties": { "ID": 3564, "date_decimal": 1999.6271689497717, "year": 1999, "month": 8, "day": 17, "latitude": 40.561, "longitude": 30.648, "mag": 4.98, "place": "12 km SE of Karapürçek, Turkey", "zone_id": 8, "cluster_id": 346, "shock_type": "FS", "mainshock_zone": 8, "same_zone": 1, "days_difference": 0 }, "geometry": { "type": "Point", "coordinates": [ 30.648, 40.561 ] } },
{ "type": "Feature", "properties": { "ID": 3565, "date_decimal": 1999.6271689497717, "year": 1999, "month": 8, "day": 17, "latitude": 40.643, "longitude": 30.708, "mag": 4.67, "place": "8 km ESE of Akyaz?, Turkey", "zone_id": 8, "cluster_id": 346, "shock_type": "FS", "mainshock_zone": 8, "same_zone": 1, "days_difference": 0 }, "geometry": { "type": "Point", "coordinates": [ 30.708, 40.643 ] } },
{ "type": "Feature", "properties": { "ID": 3563, "date_decimal": 1999.6271689497717, "year": 1999, "month": 8, "day": 17, "latitude": 40.715, "longitude": 30.113, "mag": 5.08, "place": "9 km ESE of Köseköy, Turkey", "zone_id": 8, "cluster_id": 347, "shock_type": "FS", "mainshock_zone": 8, "same_zone": 1, "days_difference": 0 }, "geometry": { "type": "Point", "coordinates": [ 30.113, 40.715 ] } },
{ "type": "Feature", "properties": { "ID": 3568, "date_decimal": 1999.6271689497717, "year": 1999, "month": 8, "day": 17, "latitude": 40.96, "longitude": 28.985, "mag": 4.15, "place": "6 km S of Eminönü, Turkey", "zone_id": 8, "cluster_id": 347, "shock_type": "FS", "mainshock_zone": 8, "same_zone": 1, "days_difference": 0 }, "geometry": { "type": "Point", "coordinates": [ 28.985, 40.96 ] } },
{ "type": "Feature", "properties": { "ID": 3536, "date_decimal": 1999.629908675799, "year": 1999, "month": 8, "day": 18, "latitude": 40.649, "longitude": 30.915, "mag": 4.25, "place": "21 km SE of Hendek, Turkey", "zone_id": 8, "cluster_id": 346, "shock_type": "AS", "mainshock_zone": 8, "same_zone": 1, "days_difference": 1 }, "geometry": { "type": "Point", "coordinates": [ 30.915, 40.649 ] } },
{ "type": "Feature", "properties": { "ID": 3535, "date_decimal": 1999.629908675799, "year": 1999, "month": 8, "day": 18, "latitude": 40.862, "longitude": 30.675, "mag": 4.15, "place": "9 km NW of Hendek, Turkey", "zone_id": 8, "cluster_id": 346, "shock_type": "AS", "mainshock_zone": 8, "same_zone": 1, "days_difference": 1 }, "geometry": { "type": "Point", "coordinates": [ 30.675, 40.862 ] } },
{ "type": "Feature", "properties": { "ID": 3534, "date_decimal": 1999.629908675799, "year": 1999, "month": 8, "day": 18, "latitude": 40.644, "longitude": 31.037, "mag": 4.25, "place": "23 km NW of Mudurnu, Turkey", "zone_id": 8, "cluster_id": 346, "shock_type": "AS", "mainshock_zone": 8, "same_zone": 1, "days_difference": 1 }, "geometry": { "type": "Point", "coordinates": [ 31.037, 40.644 ] } },
{ "type": "Feature", "properties": { "ID": 3531, "date_decimal": 1999.6326484018264, "year": 1999, "month": 8, "day": 19, "latitude": 40.618, "longitude": 29.138, "mag": 5.2, "place": "3 km SSE of Ç?narc?k, Turkey", "zone_id": 8, "cluster_id": 347, "shock_type": "AS", "mainshock_zone": 8, "same_zone": 1, "days_difference": 2 }, "geometry": { "type": "Point", "coordinates": [ 29.138, 40.618 ] } },
{ "type": "Feature", "properties": { "ID": 3530, "date_decimal": 1999.6326484018264, "year": 1999, "month": 8, "day": 19, "latitude": 40.325, "longitude": 31.323, "mag": 4.15, "place": "15 km N of Nall?han, Turkey", "zone_id": 15, "cluster_id": 346, "shock_type": "AS", "mainshock_zone": 8, "same_zone": 0, "days_difference": 2 }, "geometry": { "type": "Point", "coordinates": [ 31.323, 40.325 ] } },
{ "type": "Feature", "properties": { "ID": 3532, "date_decimal": 1999.6326484018264, "year": 1999, "month": 8, "day": 19, "latitude": 40.608, "longitude": 29.2, "mag": 4.67, "place": "2 km WSW of Kad?köy, Turkey", "zone_id": 8, "cluster_id": 347, "shock_type": "AS", "mainshock_zone": 8, "same_zone": 1, "days_difference": 2 }, "geometry": { "type": "Point", "coordinates": [ 29.2, 40.608 ] } },
{ "type": "Feature", "properties": { "ID": 3533, "date_decimal": 1999.6326484018264, "year": 1999, "month": 8, "day": 19, "latitude": 40.619, "longitude": 30.769, "mag": 4.87, "place": "14 km ESE of Akyaz?, Turkey", "zone_id": 8, "cluster_id": 346, "shock_type": "AS", "mainshock_zone": 8, "same_zone": 1, "days_difference": 2 }, "geometry": { "type": "Point", "coordinates": [ 30.769, 40.619 ] } },
{ "type": "Feature", "properties": { "ID": 3529, "date_decimal": 1999.6353881278537, "year": 1999, "month": 8, "day": 20, "latitude": 40.72, "longitude": 29.994, "mag": 4.25, "place": "0 km SE of Kullar, Turkey", "zone_id": 8, "cluster_id": 347, "shock_type": "AS", "mainshock_zone": 8, "same_zone": 1, "days_difference": 3 }, "geometry": { "type": "Point", "coordinates": [ 29.994, 40.72 ] } },
{ "type": "Feature", "properties": { "ID": 3528, "date_decimal": 1999.6353881278537, "year": 1999, "month": 8, "day": 20, "latitude": 40.58, "longitude": 29.274, "mag": 4.67, "place": "6 km SE of Kad?köy, Turkey", "zone_id": 8, "cluster_id": 347, "shock_type": "AS", "mainshock_zone": 8, "same_zone": 1, "days_difference": 3 }, "geometry": { "type": "Point", "coordinates": [ 29.274, 40.58 ] } },
{ "type": "Feature", "properties": { "ID": 3527, "date_decimal": 1999.6353881278537, "year": 1999, "month": 8, "day": 20, "latitude": 40.694, "longitude": 29.708, "mag": 4.15, "place": "1 km SE of Ula?l?, Turkey", "zone_id": 8, "cluster_id": 347, "shock_type": "AS", "mainshock_zone": 8, "same_zone": 1, "days_difference": 3 }, "geometry": { "type": "Point", "coordinates": [ 29.708, 40.694 ] } },
{ "type": "Feature", "properties": { "ID": 3526, "date_decimal": 1999.6353881278537, "year": 1999, "month": 8, "day": 20, "latitude": 40.573, "longitude": 30.677, "mag": 4.46, "place": "13 km SSE of Akyaz?, Turkey", "zone_id": 8, "cluster_id": 346, "shock_type": "AS", "mainshock_zone": 8, "same_zone": 1, "days_difference": 3 }, "geometry": { "type": "Point", "coordinates": [ 30.677, 40.573 ] } },
{ "type": "Feature", "properties": { "ID": 3525, "date_decimal": 1999.6353881278537, "year": 1999, "month": 8, "day": 20, "latitude": 40.753, "longitude": 30.819, "mag": 4.36, "place": "7 km SE of Hendek, Turkey", "zone_id": 8, "cluster_id": 346, "shock_type": "AS", "mainshock_zone": 8, "same_zone": 1, "days_difference": 3 }, "geometry": { "type": "Point", "coordinates": [ 30.819, 40.753 ] } },
{ "type": "Feature", "properties": { "ID": 3524, "date_decimal": 1999.6408675799087, "year": 1999, "month": 8, "day": 22, "latitude": 39.175, "longitude": 40.214, "mag": 4.67, "place": "13 km ESE of Yayladere, Turkey", "zone_id": 32, "cluster_id": 0, "shock_type": "MS", "mainshock_zone": 32, "same_zone": 1, "days_difference": 5 }, "geometry": { "type": "Point", "coordinates": [ 40.214, 39.175 ] } },
{ "type": "Feature", "properties": { "ID": 3523, "date_decimal": 1999.6408675799087, "year": 1999, "month": 8, "day": 22, "latitude": 40.638, "longitude": 30.773, "mag": 4.67, "place": "13 km ESE of Akyaz?, Turkey", "zone_id": 8, "cluster_id": 346, "shock_type": "AS", "mainshock_zone": 8, "same_zone": 1, "days_difference": 5 }, "geometry": { "type": "Point", "coordinates": [ 30.773, 40.638 ] } },
{ "type": "Feature", "properties": { "ID": 3522, "date_decimal": 1999.643607305936, "year": 1999, "month": 8, "day": 23, "latitude": 40.615, "longitude": 29.162, "mag": 4.25, "place": "4 km S of Koruköy, Turkey", "zone_id": 8, "cluster_id": 347, "shock_type": "AS", "mainshock_zone": 8, "same_zone": 1, "days_difference": 6 }, "geometry": { "type": "Point", "coordinates": [ 29.162, 40.615 ] } },
{ "type": "Feature", "properties": { "ID": 3519, "date_decimal": 1999.6463470319634, "year": 1999, "month": 8, "day": 24, "latitude": 40.659, "longitude": 30.16, "mag": 4.36, "place": "9 km WSW of Sapanca, Turkey", "zone_id": 8, "cluster_id": 347, "shock_type": "AS", "mainshock_zone": 8, "same_zone": 1, "days_difference": 7 }, "geometry": { "type": "Point", "coordinates": [ 30.16, 40.659 ] } },
{ "type": "Feature", "properties": { "ID": 3520, "date_decimal": 1999.6463470319634, "year": 1999, "month": 8, "day": 24, "latitude": 39.349, "longitude": 32.705, "mag": 4.36, "place": "16 km NNW of Altp?nar, Turkey", "zone_id": 37, "cluster_id": 348, "shock_type": "FS", "mainshock_zone": 37, "same_zone": 1, "days_difference": 7 }, "geometry": { "type": "Point", "coordinates": [ 32.705, 39.349 ] } },
{ "type": "Feature", "properties": { "ID": 3521, "date_decimal": 1999.6463470319634, "year": 1999, "month": 8, "day": 24, "latitude": 39.392, "longitude": 32.636, "mag": 5.08, "place": "12 km ESE of Haymana, Turkey", "zone_id": 37, "cluster_id": 0, "shock_type": "MS", "mainshock_zone": 37, "same_zone": 1, "days_difference": 7 }, "geometry": { "type": "Point", "coordinates": [ 32.636, 39.392 ] } },
{ "type": "Feature", "properties": { "ID": 3518, "date_decimal": 1999.6490867579907, "year": 1999, "month": 8, "day": 25, "latitude": 36.382, "longitude": 31.445, "mag": 4.46, "place": "37 km SW of Okurcalar, Turkey", "zone_id": 17, "cluster_id": 0, "shock_type": "MS", "mainshock_zone": 17, "same_zone": 1, "days_difference": 8 }, "geometry": { "type": "Point", "coordinates": [ 31.445, 36.382 ] } },
{ "type": "Feature", "properties": { "ID": 3516, "date_decimal": 1999.6518264840181, "year": 1999, "month": 8, "day": 26, "latitude": 40.744, "longitude": 30.016, "mag": 4.98, "place": "0 km ENE of Köseköy, Turkey", "zone_id": 8, "cluster_id": 347, "shock_type": "AS", "mainshock_zone": 8, "same_zone": 1, "days_difference": 9 }, "geometry": { "type": "Point", "coordinates": [ 30.016, 40.744 ] } },
{ "type": "Feature", "properties": { "ID": 3517, "date_decimal": 1999.6518264840181, "year": 1999, "month": 8, "day": 26, "latitude": 37.857, "longitude": 31.127, "mag": 4.25, "place": "8 km NE of Aksu, Turkey", "zone_id": 42, "cluster_id": 344, "shock_type": "AS", "mainshock_zone": 42, "same_zone": 1, "days_difference": 9 }, "geometry": { "type": "Point", "coordinates": [ 31.127, 37.857 ] } },
{ "type": "Feature", "properties": { "ID": 3515, "date_decimal": 1999.6600456621004, "year": 1999, "month": 8, "day": 29, "latitude": 40.725, "longitude": 31.173, "mag": 4.36, "place": "12 km S of Düzce, Turkey", "zone_id": 8, "cluster_id": 346, "shock_type": "AS", "mainshock_zone": 8, "same_zone": 1, "days_difference": 12 }, "geometry": { "type": "Point", "coordinates": [ 31.173, 40.725 ] } },
{ "type": "Feature", "properties": { "ID": 3514, "date_decimal": 1999.6627853881278, "year": 1999, "month": 8, "day": 30, "latitude": 39.31, "longitude": 32.401, "mag": 4.6, "place": "15 km SSW of Haymana, Turkey", "zone_id": 37, "cluster_id": 348, "shock_type": "AS", "mainshock_zone": 37, "same_zone": 1, "days_difference": 13 }, "geometry": { "type": "Point", "coordinates": [ 32.401, 39.31 ] } },
{ "type": "Feature", "properties": { "ID": 3513, "date_decimal": 1999.6655251141551, "year": 1999, "month": 8, "day": 31, "latitude": 40.711, "longitude": 29.949, "mag": 5.2, "place": "2 km NNE of Kar??yaka, Turkey", "zone_id": 8, "cluster_id": 347, "shock_type": "AS", "mainshock_zone": 8, "same_zone": 1, "days_difference": 14 }, "geometry": { "type": "Point", "coordinates": [ 29.949, 40.711 ] } },
{ "type": "Feature", "properties": { "ID": 3512, "date_decimal": 1999.6655251141551, "year": 1999, "month": 8, "day": 31, "latitude": 40.708, "longitude": 29.954, "mag": 4.67, "place": "1 km NNE of Kar??yaka, Turkey", "zone_id": 8, "cluster_id": 347, "shock_type": "AS", "mainshock_zone": 8, "same_zone": 1, "days_difference": 14 }, "geometry": { "type": "Point", "coordinates": [ 29.954, 40.708 ] } },
{ "type": "Feature", "properties": { "ID": 3511, "date_decimal": 1999.6655251141551, "year": 1999, "month": 8, "day": 31, "latitude": 40.555, "longitude": 29.13, "mag": 4.36, "place": "9 km NNE of Küçükkumla, Turkey", "zone_id": 18, "cluster_id": 347, "shock_type": "AS", "mainshock_zone": 8, "same_zone": 0, "days_difference": 14 }, "geometry": { "type": "Point", "coordinates": [ 29.13, 40.555 ] } },
{ "type": "Feature", "properties": { "ID": 3510, "date_decimal": 1999.6694063926941, "year": 1999, "month": 9, "day": 2, "latitude": 40.563, "longitude": 30.532, "mag": 4.15, "place": "8 km S of Karapürçek, Turkey", "zone_id": 8, "cluster_id": 346, "shock_type": "AS", "mainshock_zone": 8, "same_zone": 1, "days_difference": 16 }, "geometry": { "type": "Point", "coordinates": [ 30.532, 40.563 ] } },
{ "type": "Feature", "properties": { "ID": 3509, "date_decimal": 1999.674885844749, "year": 1999, "month": 9, "day": 4, "latitude": 40.741, "longitude": 30.032, "mag": 4.15, "place": "2 km E of Köseköy, Turkey", "zone_id": 8, "cluster_id": 347, "shock_type": "AS", "mainshock_zone": 8, "same_zone": 1, "days_difference": 18 }, "geometry": { "type": "Point", "coordinates": [ 30.032, 40.741 ] } },
{ "type": "Feature", "properties": { "ID": 3508, "date_decimal": 1999.6803652968038, "year": 1999, "month": 9, "day": 6, "latitude": 40.542, "longitude": 29.985, "mag": 4.15, "place": "15 km SSE of Bahçecik, Turkey", "zone_id": 18, "cluster_id": 347, "shock_type": "AS", "mainshock_zone": 8, "same_zone": 0, "days_difference": 20 }, "geometry": { "type": "Point", "coordinates": [ 29.985, 40.542 ] } },
{ "type": "Feature", "properties": { "ID": 3505, "date_decimal": 1999.6885844748858, "year": 1999, "month": 9, "day": 9, "latitude": 40.259, "longitude": 25.813, "mag": 4.98, "place": "10 km NW of Gökçeada, Turkey", "zone_id": 82, "cluster_id": 0, "shock_type": "MS", "mainshock_zone": 82, "same_zone": 1, "days_difference": 23 }, "geometry": { "type": "Point", "coordinates": [ 25.813, 40.259 ] } },
{ "type": "Feature", "properties": { "ID": 3507, "date_decimal": 1999.6885844748858, "year": 1999, "month": 9, "day": 9, "latitude": 40.718, "longitude": 29.144, "mag": 5.18, "place": "7 km NNW of Koruköy, Turkey", "zone_id": 8, "cluster_id": 347, "shock_type": "AS", "mainshock_zone": 8, "same_zone": 1, "days_difference": 23 }, "geometry": { "type": "Point", "coordinates": [ 29.144, 40.718 ] } },
{ "type": "Feature", "properties": { "ID": 3506, "date_decimal": 1999.6885844748858, "year": 1999, "month": 9, "day": 9, "latitude": 40.227, "longitude": 25.894, "mag": 4.25, "place": "3 km NNW of Gökçeada, Turkey", "zone_id": 82, "cluster_id": 349, "shock_type": "FS", "mainshock_zone": 82, "same_zone": 1, "days_difference": 23 }, "geometry": { "type": "Point", "coordinates": [ 25.894, 40.227 ] } },
{ "type": "Feature", "properties": { "ID": 3504, "date_decimal": 1999.6995433789955, "year": 1999, "month": 9, "day": 13, "latitude": 40.709, "longitude": 30.045, "mag": 5.9, "place": "4 km SE of Köseköy, Turkey", "zone_id": 8, "cluster_id": 347, "shock_type": "AS", "mainshock_zone": 8, "same_zone": 1, "days_difference": 27 }, "geometry": { "type": "Point", "coordinates": [ 30.045, 40.709 ] } },
{ "type": "Feature", "properties": { "ID": 3503, "date_decimal": 1999.7077625570778, "year": 1999, "month": 9, "day": 16, "latitude": 36.812, "longitude": 42.216, "mag": 4.36, "place": "41 km SSW of Bostanc?, Turkey", "zone_id": 88, "cluster_id": 0, "shock_type": "MS", "mainshock_zone": 88, "same_zone": 1, "days_difference": 30 }, "geometry": { "type": "Point", "coordinates": [ 42.216, 36.812 ] } },
{ "type": "Feature", "properties": { "ID": 3502, "date_decimal": 1999.7105022831051, "year": 1999, "month": 9, "day": 17, "latitude": 40.711, "longitude": 30.154, "mag": 4.46, "place": "9 km WNW of Sapanca, Turkey", "zone_id": 8, "cluster_id": 347, "shock_type": "AS", "mainshock_zone": 8, "same_zone": 1, "days_difference": 31 }, "geometry": { "type": "Point", "coordinates": [ 30.154, 40.711 ] } },
{ "type": "Feature", "properties": { "ID": 3501, "date_decimal": 1999.7132420091325, "year": 1999, "month": 9, "day": 18, "latitude": 40.607, "longitude": 29.297, "mag": 4.67, "place": "5 km SSE of Yalova, Turkey", "zone_id": 8, "cluster_id": 347, "shock_type": "AS", "mainshock_zone": 8, "same_zone": 1, "days_difference": 32 }, "geometry": { "type": "Point", "coordinates": [ 29.297, 40.607 ] } },
{ "type": "Feature", "properties": { "ID": 3500, "date_decimal": 1999.7159817351599, "year": 1999, "month": 9, "day": 19, "latitude": 40.636, "longitude": 30.527, "mag": 4.46, "place": "1 km WSW of Karapürçek, Turkey", "zone_id": 8, "cluster_id": 346, "shock_type": "AS", "mainshock_zone": 8, "same_zone": 1, "days_difference": 33 }, "geometry": { "type": "Point", "coordinates": [ 30.527, 40.636 ] } },
{ "type": "Feature", "properties": { "ID": 3499, "date_decimal": 1999.7187214611872, "year": 1999, "month": 9, "day": 20, "latitude": 40.644, "longitude": 27.589, "mag": 4.98, "place": "7 km NNE of Marmara, Turkey", "zone_id": 8, "cluster_id": 0, "shock_type": "MS", "mainshock_zone": 8, "same_zone": 1, "days_difference": 34 }, "geometry": { "type": "Point", "coordinates": [ 27.589, 40.644 ] } },
{ "type": "Feature", "properties": { "ID": 3498, "date_decimal": 1999.7296803652969, "year": 1999, "month": 9, "day": 24, "latitude": 37.488, "longitude": 38.626, "mag": 4.46, "place": "16 km NNE of Bozova, Turkey", "zone_id": 103, "cluster_id": 0, "shock_type": "MS", "mainshock_zone": 103, "same_zone": 1, "days_difference": 38 }, "geometry": { "type": "Point", "coordinates": [ 38.626, 37.488 ] } },
{ "type": "Feature", "properties": { "ID": 3497, "date_decimal": 1999.7351598173516, "year": 1999, "month": 9, "day": 26, "latitude": 39.02, "longitude": 27.955, "mag": 4.25, "place": "15 km NE of Akhisar, Turkey", "zone_id": 35, "cluster_id": 345, "shock_type": "AS", "mainshock_zone": 35, "same_zone": 1, "days_difference": 40 }, "geometry": { "type": "Point", "coordinates": [ 27.955, 39.02 ] } },
{ "type": "Feature", "properties": { "ID": 3496, "date_decimal": 1999.7433789954339, "year": 1999, "month": 9, "day": 29, "latitude": 40.739, "longitude": 29.346, "mag": 5.2, "place": "8 km NNW of Ta?köprü, Turkey", "zone_id": 8, "cluster_id": 347, "shock_type": "AS", "mainshock_zone": 8, "same_zone": 1, "days_difference": 43 }, "geometry": { "type": "Point", "coordinates": [ 29.346, 40.739 ] } },
{ "type": "Feature", "properties": { "ID": 3495, "date_decimal": 1999.7554794520547, "year": 1999, "month": 10, "day": 3, "latitude": 36.184, "longitude": 30.503, "mag": 4.25, "place": "23 km SE of Beykonak, Turkey", "zone_id": 16, "cluster_id": 0, "shock_type": "MS", "mainshock_zone": 16, "same_zone": 1, "days_difference": 47 }, "geometry": { "type": "Point", "coordinates": [ 30.503, 36.184 ] } },
{ "type": "Feature", "properties": { "ID": 3494, "date_decimal": 1999.7609589041097, "year": 1999, "month": 10, "day": 5, "latitude": 36.73, "longitude": 28.24, "mag": 5.2, "place": "7 km S of ?çmeler, Turkey", "zone_id": 84, "cluster_id": 0, "shock_type": "MS", "mainshock_zone": 84, "same_zone": 1, "days_difference": 49 }, "geometry": { "type": "Point", "coordinates": [ 28.24, 36.73 ] } },
{ "type": "Feature", "properties": { "ID": 3493, "date_decimal": 1999.7609589041097, "year": 1999, "month": 10, "day": 5, "latitude": 36.856, "longitude": 28.025, "mag": 4.46, "place": "19 km WNW of ?çmeler, Turkey", "zone_id": 84, "cluster_id": 350, "shock_type": "FS", "mainshock_zone": 84, "same_zone": 1, "days_difference": 49 }, "geometry": { "type": "Point", "coordinates": [ 28.025, 36.856 ] } },
{ "type": "Feature", "properties": { "ID": 3492, "date_decimal": 1999.8020547945205, "year": 1999, "month": 10, "day": 20, "latitude": 40.77, "longitude": 29.087, "mag": 4.77, "place": "11 km SSW of Adalar, Turkey", "zone_id": 8, "cluster_id": 347, "shock_type": "AS", "mainshock_zone": 8, "same_zone": 1, "days_difference": 64 }, "geometry": { "type": "Point", "coordinates": [ 29.087, 40.77 ] } },
{ "type": "Feature", "properties": { "ID": 3491, "date_decimal": 1999.8267123287671, "year": 1999, "month": 10, "day": 29, "latitude": 37.855, "longitude": 31.947, "mag": 4.25, "place": "18 km SSW of Derbent, Turkey", "zone_id": 41, "cluster_id": 0, "shock_type": "MS", "mainshock_zone": 41, "same_zone": 1, "days_difference": 73 }, "geometry": { "type": "Point", "coordinates": [ 31.947, 37.855 ] } },
{ "type": "Feature", "properties": { "ID": 3490, "date_decimal": 1999.8497716894976, "year": 1999, "month": 11, "day": 7, "latitude": 40.693, "longitude": 30.725, "mag": 5.0, "place": "8 km E of Akyaz?, Turkey", "zone_id": 8, "cluster_id": 346, "shock_type": "AS", "mainshock_zone": 8, "same_zone": 1, "days_difference": 82 }, "geometry": { "type": "Point", "coordinates": [ 30.725, 40.693 ] } },
{ "type": "Feature", "properties": { "ID": 3489, "date_decimal": 1999.8497716894976, "year": 1999, "month": 11, "day": 7, "latitude": 40.738, "longitude": 30.751, "mag": 4.36, "place": "6 km S of Hendek, Turkey", "zone_id": 8, "cluster_id": 346, "shock_type": "AS", "mainshock_zone": 8, "same_zone": 1, "days_difference": 82 }, "geometry": { "type": "Point", "coordinates": [ 30.751, 40.738 ] } },
{ "type": "Feature", "properties": { "ID": 3488, "date_decimal": 1999.8607305936073, "year": 1999, "month": 11, "day": 11, "latitude": 40.744, "longitude": 30.266, "mag": 5.7, "place": "5 km N of Sapanca, Turkey", "zone_id": 8, "cluster_id": 347, "shock_type": "AS", "mainshock_zone": 8, "same_zone": 1, "days_difference": 86 }, "geometry": { "type": "Point", "coordinates": [ 30.266, 40.744 ] } },
{ "type": "Feature", "properties": { "ID": 3487, "date_decimal": 1999.8607305936073, "year": 1999, "month": 11, "day": 11, "latitude": 40.784, "longitude": 30.448, "mag": 4.25, "place": "3 km E of Adapazar?, Turkey", "zone_id": 8, "cluster_id": 346, "shock_type": "AS", "mainshock_zone": 8, "same_zone": 1, "days_difference": 86 }, "geometry": { "type": "Point", "coordinates": [ 30.448, 40.784 ] } },
{ "type": "Feature", "properties": { "ID": 3471, "date_decimal": 1999.8634703196346, "year": 1999, "month": 11, "day": 12, "latitude": 40.77, "longitude": 31.442, "mag": 4.56, "place": "14 km WNW of Bolu, Turkey", "zone_id": 8, "cluster_id": 346, "shock_type": "AS", "mainshock_zone": 8, "same_zone": 1, "days_difference": 87 }, "geometry": { "type": "Point", "coordinates": [ 31.442, 40.77 ] } },
{ "type": "Feature", "properties": { "ID": 3470, "date_decimal": 1999.8634703196346, "year": 1999, "month": 11, "day": 12, "latitude": 40.758, "longitude": 31.219, "mag": 4.67, "place": "10 km SSE of Düzce, Turkey", "zone_id": 8, "cluster_id": 346, "shock_type": "AS", "mainshock_zone": 8, "same_zone": 1, "days_difference": 87 }, "geometry": { "type": "Point", "coordinates": [ 31.219, 40.758 ] } },
{ "type": "Feature", "properties": { "ID": 3469, "date_decimal": 1999.8634703196346, "year": 1999, "month": 11, "day": 12, "latitude": 40.803, "longitude": 31.27, "mag": 4.15, "place": "9 km ESE of Düzce, Turkey", "zone_id": 8, "cluster_id": 346, "shock_type": "AS", "mainshock_zone": 8, "same_zone": 1, "days_difference": 87 }, "geometry": { "type": "Point", "coordinates": [ 31.27, 40.803 ] } },
{ "type": "Feature", "properties": { "ID": 3468, "date_decimal": 1999.8634703196346, "year": 1999, "month": 11, "day": 12, "latitude": 40.724, "longitude": 31.596, "mag": 4.25, "place": "1 km SSW of Bolu, Turkey", "zone_id": 8, "cluster_id": 346, "shock_type": "AS", "mainshock_zone": 8, "same_zone": 1, "days_difference": 87 }, "geometry": { "type": "Point", "coordinates": [ 31.596, 40.724 ] } },
{ "type": "Feature", "properties": { "ID": 3464, "date_decimal": 1999.8634703196346, "year": 1999, "month": 11, "day": 12, "latitude": 40.757, "longitude": 31.339, "mag": 4.56, "place": "17 km ESE of Düzce, Turkey", "zone_id": 8, "cluster_id": 346, "shock_type": "AS", "mainshock_zone": 8, "same_zone": 1, "days_difference": 87 }, "geometry": { "type": "Point", "coordinates": [ 31.339, 40.757 ] } },
{ "type": "Feature", "properties": { "ID": 3466, "date_decimal": 1999.8634703196346, "year": 1999, "month": 11, "day": 12, "latitude": 40.831, "longitude": 31.279, "mag": 4.36, "place": "9 km E of Düzce, Turkey", "zone_id": 8, "cluster_id": 346, "shock_type": "AS", "mainshock_zone": 8, "same_zone": 1, "days_difference": 87 }, "geometry": { "type": "Point", "coordinates": [ 31.279, 40.831 ] } },
{ "type": "Feature", "properties": { "ID": 3465, "date_decimal": 1999.8634703196346, "year": 1999, "month": 11, "day": 12, "latitude": 40.794, "longitude": 31.394, "mag": 4.15, "place": "19 km WNW of Bolu, Turkey", "zone_id": 8, "cluster_id": 346, "shock_type": "AS", "mainshock_zone": 8, "same_zone": 1, "days_difference": 87 }, "geometry": { "type": "Point", "coordinates": [ 31.394, 40.794 ] } },
{ "type": "Feature", "properties": { "ID": 3463, "date_decimal": 1999.8634703196346, "year": 1999, "month": 11, "day": 12, "latitude": 40.684, "longitude": 30.871, "mag": 4.25, "place": "16 km SE of Hendek, Turkey", "zone_id": 8, "cluster_id": 346, "shock_type": "AS", "mainshock_zone": 8, "same_zone": 1, "days_difference": 87 }, "geometry": { "type": "Point", "coordinates": [ 30.871, 40.684 ] } },
{ "type": "Feature", "properties": { "ID": 3467, "date_decimal": 1999.8634703196346, "year": 1999, "month": 11, "day": 12, "latitude": 40.809, "longitude": 31.105, "mag": 4.56, "place": "5 km SW of Düzce, Turkey", "zone_id": 8, "cluster_id": 346, "shock_type": "AS", "mainshock_zone": 8, "same_zone": 1, "days_difference": 87 }, "geometry": { "type": "Point", "coordinates": [ 31.105, 40.809 ] } },
{ "type": "Feature", "properties": { "ID": 3474, "date_decimal": 1999.8634703196346, "year": 1999, "month": 11, "day": 12, "latitude": 40.77, "longitude": 31.037, "mag": 4.36, "place": "13 km SW of Düzce, Turkey", "zone_id": 8, "cluster_id": 346, "shock_type": "AS", "mainshock_zone": 8, "same_zone": 1, "days_difference": 87 }, "geometry": { "type": "Point", "coordinates": [ 31.037, 40.77 ] } },
{ "type": "Feature", "properties": { "ID": 3472, "date_decimal": 1999.8634703196346, "year": 1999, "month": 11, "day": 12, "latitude": 40.781, "longitude": 31.179, "mag": 4.25, "place": "6 km S of Düzce, Turkey", "zone_id": 8, "cluster_id": 346, "shock_type": "AS", "mainshock_zone": 8, "same_zone": 1, "days_difference": 87 }, "geometry": { "type": "Point", "coordinates": [ 31.179, 40.781 ] } },
{ "type": "Feature", "properties": { "ID": 3476, "date_decimal": 1999.8634703196346, "year": 1999, "month": 11, "day": 12, "latitude": 40.851, "longitude": 31.607, "mag": 4.25, "place": "12 km N of Bolu, Turkey", "zone_id": 53, "cluster_id": 346, "shock_type": "AS", "mainshock_zone": 8, "same_zone": 0, "days_difference": 87 }, "geometry": { "type": "Point", "coordinates": [ 31.607, 40.851 ] } },
{ "type": "Feature", "properties": { "ID": 3475, "date_decimal": 1999.8634703196346, "year": 1999, "month": 11, "day": 12, "latitude": 40.738, "longitude": 31.339, "mag": 4.98, "place": "18 km SE of Düzce, Turkey", "zone_id": 8, "cluster_id": 346, "shock_type": "AS", "mainshock_zone": 8, "same_zone": 1, "days_difference": 87 }, "geometry": { "type": "Point", "coordinates": [ 31.339, 40.738 ] } },
{ "type": "Feature", "properties": { "ID": 3486, "date_decimal": 1999.8634703196346, "year": 1999, "month": 11, "day": 12, "latitude": 40.758, "longitude": 31.161, "mag": 7.2, "place": "8 km S of Düzce, Turkey", "zone_id": 8, "cluster_id": 0, "shock_type": "MS", "mainshock_zone": 8, "same_zone": 1, "days_difference": 87 }, "geometry": { "type": "Point", "coordinates": [ 31.161, 40.758 ] } },
{ "type": "Feature", "properties": { "ID": 3485, "date_decimal": 1999.8634703196346, "year": 1999, "month": 11, "day": 12, "latitude": 40.868, "longitude": 31.101, "mag": 4.46, "place": "6 km WNW of Düzce, Turkey", "zone_id": 8, "cluster_id": 346, "shock_type": "AS", "mainshock_zone": 8, "same_zone": 1, "days_difference": 87 }, "geometry": { "type": "Point", "coordinates": [ 31.101, 40.868 ] } },
{ "type": "Feature", "properties": { "ID": 3484, "date_decimal": 1999.8634703196346, "year": 1999, "month": 11, "day": 12, "latitude": 40.755, "longitude": 31.022, "mag": 4.98, "place": "15 km SW of Düzce, Turkey", "zone_id": 8, "cluster_id": 346, "shock_type": "AS", "mainshock_zone": 8, "same_zone": 1, "days_difference": 87 }, "geometry": { "type": "Point", "coordinates": [ 31.022, 40.755 ] } },
{ "type": "Feature", "properties": { "ID": 3483, "date_decimal": 1999.8634703196346, "year": 1999, "month": 11, "day": 12, "latitude": 40.785, "longitude": 31.12, "mag": 5.7, "place": "7 km SSW of Düzce, Turkey", "zone_id": 8, "cluster_id": 346, "shock_type": "AS", "mainshock_zone": 8, "same_zone": 1, "days_difference": 87 }, "geometry": { "type": "Point", "coordinates": [ 31.12, 40.785 ] } },
{ "type": "Feature", "properties": { "ID": 3482, "date_decimal": 1999.8634703196346, "year": 1999, "month": 11, "day": 12, "latitude": 40.793, "longitude": 31.116, "mag": 4.77, "place": "6 km SW of Düzce, Turkey", "zone_id": 8, "cluster_id": 346, "shock_type": "AS", "mainshock_zone": 8, "same_zone": 1, "days_difference": 87 }, "geometry": { "type": "Point", "coordinates": [ 31.116, 40.793 ] } },
{ "type": "Feature", "properties": { "ID": 3473, "date_decimal": 1999.8634703196346, "year": 1999, "month": 11, "day": 12, "latitude": 40.576, "longitude": 31.608, "mag": 4.25, "place": "17 km S of Bolu, Turkey", "zone_id": 8, "cluster_id": 346, "shock_type": "AS", "mainshock_zone": 8, "same_zone": 1, "days_difference": 87 }, "geometry": { "type": "Point", "coordinates": [ 31.608, 40.576 ] } },
{ "type": "Feature", "properties": { "ID": 3480, "date_decimal": 1999.8634703196346, "year": 1999, "month": 11, "day": 12, "latitude": 40.742, "longitude": 31.471, "mag": 5.39, "place": "11 km W of Bolu, Turkey", "zone_id": 8, "cluster_id": 346, "shock_type": "AS", "mainshock_zone": 8, "same_zone": 1, "days_difference": 87 }, "geometry": { "type": "Point", "coordinates": [ 31.471, 40.742 ] } },
{ "type": "Feature", "properties": { "ID": 3479, "date_decimal": 1999.8634703196346, "year": 1999, "month": 11, "day": 12, "latitude": 40.732, "longitude": 30.953, "mag": 4.67, "place": "18 km ESE of Hendek, Turkey", "zone_id": 8, "cluster_id": 346, "shock_type": "AS", "mainshock_zone": 8, "same_zone": 1, "days_difference": 87 }, "geometry": { "type": "Point", "coordinates": [ 30.953, 40.732 ] } },
{ "type": "Feature", "properties": { "ID": 3478, "date_decimal": 1999.8634703196346, "year": 1999, "month": 11, "day": 12, "latitude": 40.877, "longitude": 31.72, "mag": 4.25, "place": "18 km NNE of Bolu, Turkey", "zone_id": 53, "cluster_id": 346, "shock_type": "AS", "mainshock_zone": 8, "same_zone": 0, "days_difference": 87 }, "geometry": { "type": "Point", "coordinates": [ 31.72, 40.877 ] } },
{ "type": "Feature", "properties": { "ID": 3477, "date_decimal": 1999.8634703196346, "year": 1999, "month": 11, "day": 12, "latitude": 40.762, "longitude": 31.302, "mag": 4.15, "place": "14 km SE of Düzce, Turkey", "zone_id": 8, "cluster_id": 346, "shock_type": "AS", "mainshock_zone": 8, "same_zone": 1, "days_difference": 87 }, "geometry": { "type": "Point", "coordinates": [ 31.302, 40.762 ] } },
{ "type": "Feature", "properties": { "ID": 3481, "date_decimal": 1999.8634703196346, "year": 1999, "month": 11, "day": 12, "latitude": 40.697, "longitude": 31.515, "mag": 4.67, "place": "8 km WSW of Bolu, Turkey", "zone_id": 8, "cluster_id": 346, "shock_type": "AS", "mainshock_zone": 8, "same_zone": 1, "days_difference": 87 }, "geometry": { "type": "Point", "coordinates": [ 31.515, 40.697 ] } },
{ "type": "Feature", "properties": { "ID": 3462, "date_decimal": 1999.866210045662, "year": 1999, "month": 11, "day": 13, "latitude": 40.82, "longitude": 31.496, "mag": 4.56, "place": "13 km NW of Bolu, Turkey", "zone_id": 8, "cluster_id": 346, "shock_type": "AS", "mainshock_zone": 8, "same_zone": 1, "days_difference": 88 }, "geometry": { "type": "Point", "coordinates": [ 31.496, 40.82 ] } },
{ "type": "Feature", "properties": { "ID": 3461, "date_decimal": 1999.866210045662, "year": 1999, "month": 11, "day": 13, "latitude": 40.768, "longitude": 31.05, "mag": 4.98, "place": "12 km SW of Düzce, Turkey", "zone_id": 8, "cluster_id": 346, "shock_type": "AS", "mainshock_zone": 8, "same_zone": 1, "days_difference": 88 }, "geometry": { "type": "Point", "coordinates": [ 31.05, 40.768 ] } },
{ "type": "Feature", "properties": { "ID": 3460, "date_decimal": 1999.866210045662, "year": 1999, "month": 11, "day": 13, "latitude": 40.733, "longitude": 31.505, "mag": 4.46, "place": "8 km W of Bolu, Turkey", "zone_id": 8, "cluster_id": 346, "shock_type": "AS", "mainshock_zone": 8, "same_zone": 1, "days_difference": 88 }, "geometry": { "type": "Point", "coordinates": [ 31.505, 40.733 ] } },
{ "type": "Feature", "properties": { "ID": 3459, "date_decimal": 1999.866210045662, "year": 1999, "month": 11, "day": 13, "latitude": 40.627, "longitude": 31.508, "mag": 4.15, "place": "14 km SW of Bolu, Turkey", "zone_id": 8, "cluster_id": 346, "shock_type": "AS", "mainshock_zone": 8, "same_zone": 1, "days_difference": 88 }, "geometry": { "type": "Point", "coordinates": [ 31.508, 40.627 ] } },
{ "type": "Feature", "properties": { "ID": 3458, "date_decimal": 1999.866210045662, "year": 1999, "month": 11, "day": 13, "latitude": 40.776, "longitude": 31.047, "mag": 4.15, "place": "12 km SW of Düzce, Turkey", "zone_id": 8, "cluster_id": 346, "shock_type": "AS", "mainshock_zone": 8, "same_zone": 1, "days_difference": 88 }, "geometry": { "type": "Point", "coordinates": [ 31.047, 40.776 ] } },
{ "type": "Feature", "properties": { "ID": 3457, "date_decimal": 1999.866210045662, "year": 1999, "month": 11, "day": 13, "latitude": 40.781, "longitude": 31.374, "mag": 4.36, "place": "Western Turkey", "zone_id": 8, "cluster_id": 346, "shock_type": "AS", "mainshock_zone": 8, "same_zone": 1, "days_difference": 88 }, "geometry": { "type": "Point", "coordinates": [ 31.374, 40.781 ] } },
{ "type": "Feature", "properties": { "ID": 3456, "date_decimal": 1999.866210045662, "year": 1999, "month": 11, "day": 13, "latitude": 40.784, "longitude": 30.962, "mag": 4.25, "place": "Western Turkey", "zone_id": 8, "cluster_id": 346, "shock_type": "AS", "mainshock_zone": 8, "same_zone": 1, "days_difference": 88 }, "geometry": { "type": "Point", "coordinates": [ 30.962, 40.784 ] } },
{ "type": "Feature", "properties": { "ID": 3455, "date_decimal": 1999.866210045662, "year": 1999, "month": 11, "day": 13, "latitude": 40.762, "longitude": 31.53, "mag": 4.15, "place": "7 km WNW of Bolu, Turkey", "zone_id": 8, "cluster_id": 346, "shock_type": "AS", "mainshock_zone": 8, "same_zone": 1, "days_difference": 88 }, "geometry": { "type": "Point", "coordinates": [ 31.53, 40.762 ] } },
{ "type": "Feature", "properties": { "ID": 3454, "date_decimal": 1999.866210045662, "year": 1999, "month": 11, "day": 13, "latitude": 40.85, "longitude": 31.498, "mag": 4.15, "place": "15 km NW of Bolu, Turkey", "zone_id": 53, "cluster_id": 346, "shock_type": "AS", "mainshock_zone": 8, "same_zone": 0, "days_difference": 88 }, "geometry": { "type": "Point", "coordinates": [ 31.498, 40.85 ] } },
{ "type": "Feature", "properties": { "ID": 3453, "date_decimal": 1999.8689497716894, "year": 1999, "month": 11, "day": 14, "latitude": 40.736, "longitude": 31.559, "mag": 4.25, "place": "3 km W of Bolu, Turkey", "zone_id": 8, "cluster_id": 346, "shock_type": "AS", "mainshock_zone": 8, "same_zone": 1, "days_difference": 89 }, "geometry": { "type": "Point", "coordinates": [ 31.559, 40.736 ] } },
{ "type": "Feature", "properties": { "ID": 3452, "date_decimal": 1999.8716894977167, "year": 1999, "month": 11, "day": 15, "latitude": 40.771, "longitude": 30.851, "mag": 4.15, "place": "Western Turkey", "zone_id": 8, "cluster_id": 346, "shock_type": "AS", "mainshock_zone": 8, "same_zone": 1, "days_difference": 90 }, "geometry": { "type": "Point", "coordinates": [ 30.851, 40.771 ] } },
{ "type": "Feature", "properties": { "ID": 3451, "date_decimal": 1999.8744292237443, "year": 1999, "month": 11, "day": 16, "latitude": 40.717, "longitude": 31.608, "mag": 5.28, "place": "2 km S of Bolu, Turkey", "zone_id": 8, "cluster_id": 346, "shock_type": "AS", "mainshock_zone": 8, "same_zone": 1, "days_difference": 91 }, "geometry": { "type": "Point", "coordinates": [ 31.608, 40.717 ] } },
{ "type": "Feature", "properties": { "ID": 3449, "date_decimal": 1999.8771689497717, "year": 1999, "month": 11, "day": 17, "latitude": 40.807, "longitude": 31.467, "mag": 4.98, "place": "14 km NW of Bolu, Turkey", "zone_id": 8, "cluster_id": 346, "shock_type": "AS", "mainshock_zone": 8, "same_zone": 1, "days_difference": 92 }, "geometry": { "type": "Point", "coordinates": [ 31.467, 40.807 ] } },
{ "type": "Feature", "properties": { "ID": 3450, "date_decimal": 1999.8771689497717, "year": 1999, "month": 11, "day": 17, "latitude": 40.717, "longitude": 31.42, "mag": 4.36, "place": "Western Turkey", "zone_id": 8, "cluster_id": 346, "shock_type": "AS", "mainshock_zone": 8, "same_zone": 1, "days_difference": 92 }, "geometry": { "type": "Point", "coordinates": [ 31.42, 40.717 ] } },
{ "type": "Feature", "properties": { "ID": 3446, "date_decimal": 1999.8826484018264, "year": 1999, "month": 11, "day": 19, "latitude": 40.809, "longitude": 30.967, "mag": 4.98, "place": "16 km WSW of Düzce, Turkey", "zone_id": 8, "cluster_id": 346, "shock_type": "AS", "mainshock_zone": 8, "same_zone": 1, "days_difference": 94 }, "geometry": { "type": "Point", "coordinates": [ 30.967, 40.809 ] } },
{ "type": "Feature", "properties": { "ID": 3447, "date_decimal": 1999.8826484018264, "year": 1999, "month": 11, "day": 19, "latitude": 40.797, "longitude": 30.734, "mag": 4.25, "place": "1 km WSW of Hendek, Turkey", "zone_id": 8, "cluster_id": 346, "shock_type": "AS", "mainshock_zone": 8, "same_zone": 1, "days_difference": 94 }, "geometry": { "type": "Point", "coordinates": [ 30.734, 40.797 ] } },
{ "type": "Feature", "properties": { "ID": 3448, "date_decimal": 1999.8826484018264, "year": 1999, "month": 11, "day": 19, "latitude": 40.785, "longitude": 31.071, "mag": 4.25, "place": "9 km SW of Düzce, Turkey", "zone_id": 8, "cluster_id": 346, "shock_type": "AS", "mainshock_zone": 8, "same_zone": 1, "days_difference": 94 }, "geometry": { "type": "Point", "coordinates": [ 31.071, 40.785 ] } },
{ "type": "Feature", "properties": { "ID": 3445, "date_decimal": 1999.8853881278537, "year": 1999, "month": 11, "day": 20, "latitude": 40.853, "longitude": 31.492, "mag": 4.15, "place": "16 km NW of Bolu, Turkey", "zone_id": 53, "cluster_id": 346, "shock_type": "AS", "mainshock_zone": 8, "same_zone": 0, "days_difference": 95 }, "geometry": { "type": "Point", "coordinates": [ 31.492, 40.853 ] } },
{ "type": "Feature", "properties": { "ID": 3444, "date_decimal": 1999.8881278538813, "year": 1999, "month": 11, "day": 21, "latitude": 40.783, "longitude": 30.804, "mag": 4.36, "place": "5 km ESE of Hendek, Turkey", "zone_id": 8, "cluster_id": 346, "shock_type": "AS", "mainshock_zone": 8, "same_zone": 1, "days_difference": 96 }, "geometry": { "type": "Point", "coordinates": [ 30.804, 40.783 ] } },
{ "type": "Feature", "properties": { "ID": 3443, "date_decimal": 1999.8881278538813, "year": 1999, "month": 11, "day": 21, "latitude": 40.676, "longitude": 31.208, "mag": 4.15, "place": "18 km SSE of Düzce, Turkey", "zone_id": 8, "cluster_id": 346, "shock_type": "AS", "mainshock_zone": 8, "same_zone": 1, "days_difference": 96 }, "geometry": { "type": "Point", "coordinates": [ 31.208, 40.676 ] } },
{ "type": "Feature", "properties": { "ID": 3442, "date_decimal": 1999.8881278538813, "year": 1999, "month": 11, "day": 21, "latitude": 40.72, "longitude": 31.557, "mag": 4.56, "place": "4 km WSW of Bolu, Turkey", "zone_id": 8, "cluster_id": 346, "shock_type": "AS", "mainshock_zone": 8, "same_zone": 1, "days_difference": 96 }, "geometry": { "type": "Point", "coordinates": [ 31.557, 40.72 ] } },
{ "type": "Feature", "properties": { "ID": 3441, "date_decimal": 1999.893607305936, "year": 1999, "month": 11, "day": 23, "latitude": 42.065, "longitude": 25.165, "mag": 4.94, "place": "5 km SW of Parvomay, Bulgaria", "zone_id": 54, "cluster_id": 0, "shock_type": "MS", "mainshock_zone": 54, "same_zone": 1, "days_difference": 98 }, "geometry": { "type": "Point", "coordinates": [ 25.165, 42.065 ] } },
{ "type": "Feature", "properties": { "ID": 3440, "date_decimal": 1999.893607305936, "year": 1999, "month": 11, "day": 23, "latitude": 40.053, "longitude": 42.829, "mag": 4.15, "place": "28 km WSW of Ka??zman, Turkey", "zone_id": 52, "cluster_id": 0, "shock_type": "MS", "mainshock_zone": 52, "same_zone": 1, "days_difference": 98 }, "geometry": { "type": "Point", "coordinates": [ 42.829, 40.053 ] } },
{ "type": "Feature", "properties": { "ID": 3438, "date_decimal": 1999.9221461187215, "year": 1999, "month": 12, "day": 3, "latitude": 40.305, "longitude": 42.306, "mag": 4.77, "place": "24 km W of Sar?kam??, Turkey", "zone_id": 64, "cluster_id": 351, "shock_type": "FS", "mainshock_zone": 64, "same_zone": 1, "days_difference": 108 }, "geometry": { "type": "Point", "coordinates": [ 42.306, 40.305 ] } },
{ "type": "Feature", "properties": { "ID": 3439, "date_decimal": 1999.9221461187215, "year": 1999, "month": 12, "day": 3, "latitude": 40.358, "longitude": 42.346, "mag": 5.7, "place": "20 km W of Sar?kam??, Turkey", "zone_id": 64, "cluster_id": 0, "shock_type": "MS", "mainshock_zone": 64, "same_zone": 1, "days_difference": 108 }, "geometry": { "type": "Point", "coordinates": [ 42.346, 40.358 ] } },
{ "type": "Feature", "properties": { "ID": 3437, "date_decimal": 1999.9276255707764, "year": 1999, "month": 12, "day": 5, "latitude": 40.677, "longitude": 42.516, "mag": 4.77, "place": "14 km SSW of Göle, Turkey", "zone_id": 64, "cluster_id": 351, "shock_type": "AS", "mainshock_zone": 64, "same_zone": 1, "days_difference": 110 }, "geometry": { "type": "Point", "coordinates": [ 42.516, 40.677 ] } },
{ "type": "Feature", "properties": { "ID": 3436, "date_decimal": 1999.9303652968038, "year": 1999, "month": 12, "day": 6, "latitude": 37.011, "longitude": 27.491, "mag": 4.15, "place": "6 km ESE of Bodrum, Turkey", "zone_id": 84, "cluster_id": 0, "shock_type": "MS", "mainshock_zone": 84, "same_zone": 1, "days_difference": 111 }, "geometry": { "type": "Point", "coordinates": [ 27.491, 37.011 ] } },
{ "type": "Feature", "properties": { "ID": 3435, "date_decimal": 1999.9331050228311, "year": 1999, "month": 12, "day": 7, "latitude": 40.187, "longitude": 42.113, "mag": 4.25, "place": "17 km NNW of Horasan, Turkey", "zone_id": 64, "cluster_id": 351, "shock_type": "AS", "mainshock_zone": 64, "same_zone": 1, "days_difference": 112 }, "geometry": { "type": "Point", "coordinates": [ 42.113, 40.187 ] } },
{ "type": "Feature", "properties": { "ID": 3434, "date_decimal": 1999.9495433789955, "year": 1999, "month": 12, "day": 13, "latitude": 40.734, "longitude": 30.756, "mag": 4.46, "place": "Western Turkey", "zone_id": 8, "cluster_id": 346, "shock_type": "AS", "mainshock_zone": 8, "same_zone": 1, "days_difference": 118 }, "geometry": { "type": "Point", "coordinates": [ 30.756, 40.734 ] } },
{ "type": "Feature", "properties": { "ID": 3433, "date_decimal": 1999.9659817351599, "year": 1999, "month": 12, "day": 19, "latitude": 40.906, "longitude": 33.848, "mag": 4.15, "place": "Central Turkey", "zone_id": 2, "cluster_id": 0, "shock_type": "MS", "mainshock_zone": 2, "same_zone": 1, "days_difference": 124 }, "geometry": { "type": "Point", "coordinates": [ 33.848, 40.906 ] } },
{ "type": "Feature", "properties": { "ID": 3432, "date_decimal": 1999.9687214611872, "year": 1999, "month": 12, "day": 20, "latitude": 40.785, "longitude": 30.873, "mag": 4.46, "place": "10 km E of Hendek, Turkey", "zone_id": 8, "cluster_id": 346, "shock_type": "AS", "mainshock_zone": 8, "same_zone": 1, "days_difference": 125 }, "geometry": { "type": "Point", "coordinates": [ 30.873, 40.785 ] } },
{ "type": "Feature", "properties": { "ID": 3431, "date_decimal": 1999.9961187214612, "year": 1999, "month": 12, "day": 30, "latitude": 38.845, "longitude": 25.972, "mag": 4.15, "place": "31 km SW of Polichnítos, Greece", "zone_id": 71, "cluster_id": 0, "shock_type": "MS", "mainshock_zone": 71, "same_zone": 1, "days_difference": 135 }, "geometry": { "type": "Point", "coordinates": [ 25.972, 38.845 ] } },
{ "type": "Feature", "properties": { "ID": 3430, "date_decimal": 2000.0109589041097, "year": 2000, "month": 1, "day": 5, "latitude": 40.792, "longitude": 31.237, "mag": 4.15, "place": "8 km SE of Düzce, Turkey", "zone_id": 8, "cluster_id": 346, "shock_type": "AS", "mainshock_zone": 8, "same_zone": 1, "days_difference": 141 }, "geometry": { "type": "Point", "coordinates": [ 31.237, 40.792 ] } },
{ "type": "Feature", "properties": { "ID": 3429, "date_decimal": 2000.013698630137, "year": 2000, "month": 1, "day": 6, "latitude": 37.94, "longitude": 26.1, "mag": 4.52, "place": "39 km NNW of Agios Kirykos, Greece", "zone_id": 74, "cluster_id": 0, "shock_type": "MS", "mainshock_zone": 74, "same_zone": 1, "days_difference": 142 }, "geometry": { "type": "Point", "coordinates": [ 26.1, 37.94 ] } },
{ "type": "Feature", "properties": { "ID": 3428, "date_decimal": 2000.0520547945205, "year": 2000, "month": 1, "day": 20, "latitude": 40.76, "longitude": 31.369, "mag": 4.46, "place": "19 km ESE of Düzce, Turkey", "zone_id": 8, "cluster_id": 346, "shock_type": "AS", "mainshock_zone": 8, "same_zone": 1, "days_difference": 156 }, "geometry": { "type": "Point", "coordinates": [ 31.369, 40.76 ] } },
{ "type": "Feature", "properties": { "ID": 3427, "date_decimal": 2000.0821917808219, "year": 2000, "month": 1, "day": 31, "latitude": 40.713, "longitude": 29.345, "mag": 4.25, "place": "5 km NW of Ta?köprü, Turkey", "zone_id": 8, "cluster_id": 347, "shock_type": "AS", "mainshock_zone": 8, "same_zone": 1, "days_difference": 167 }, "geometry": { "type": "Point", "coordinates": [ 29.345, 40.713 ] } },
{ "type": "Feature", "properties": { "ID": 3426, "date_decimal": 2000.0997716894976, "year": 2000, "month": 2, "day": 7, "latitude": 39.898, "longitude": 34.019, "mag": 4.77, "place": "Central Turkey", "zone_id": 3, "cluster_id": 0, "shock_type": "MS", "mainshock_zone": 3, "same_zone": 1, "days_difference": 174 }, "geometry": { "type": "Point", "coordinates": [ 34.019, 39.898 ] } },
{ "type": "Feature", "properties": { "ID": 3425, "date_decimal": 2000.1189497716894, "year": 2000, "month": 2, "day": 14, "latitude": 41.016, "longitude": 31.757, "mag": 5.08, "place": "28 km SW of Devrek, Turkey", "zone_id": 53, "cluster_id": 346, "shock_type": "AS", "mainshock_zone": 8, "same_zone": 0, "days_difference": 181 }, "geometry": { "type": "Point", "coordinates": [ 31.757, 41.016 ] } },
{ "type": "Feature", "properties": { "ID": 3423, "date_decimal": 2000.1518264840181, "year": 2000, "month": 2, "day": 26, "latitude": 37.304, "longitude": 44.76, "mag": 5.47, "place": "16 km E of ?emdinli, Turkey", "zone_id": 87, "cluster_id": 0, "shock_type": "MS", "mainshock_zone": 87, "same_zone": 1, "days_difference": 193 }, "geometry": { "type": "Point", "coordinates": [ 44.76, 37.304 ] } },
{ "type": "Feature", "properties": { "ID": 3424, "date_decimal": 2000.1518264840181, "year": 2000, "month": 2, "day": 26, "latitude": 37.216, "longitude": 44.654, "mag": 4.25, "place": "12 km SE of ?emdinli, Turkey", "zone_id": 87, "cluster_id": 353, "shock_type": "FS", "mainshock_zone": 87, "same_zone": 1, "days_difference": 193 }, "geometry": { "type": "Point", "coordinates": [ 44.654, 37.216 ] } },
{ "type": "Feature", "properties": { "ID": 3422, "date_decimal": 2000.1518264840181, "year": 2000, "month": 2, "day": 26, "latitude": 37.269, "longitude": 44.539, "mag": 4.25, "place": "5 km SW of ?emdinli, Turkey", "zone_id": 87, "cluster_id": 353, "shock_type": "FS", "mainshock_zone": 87, "same_zone": 1, "days_difference": 193 }, "geometry": { "type": "Point", "coordinates": [ 44.539, 37.269 ] } },
{ "type": "Feature", "properties": { "ID": 3421, "date_decimal": 2000.157305936073, "year": 2000, "month": 2, "day": 28, "latitude": 36.1, "longitude": 26.517, "mag": 4.56, "place": "52 km SSE of Astypálaia, Greece", "zone_id": 22, "cluster_id": 0, "shock_type": "MS", "mainshock_zone": 22, "same_zone": 1, "days_difference": 195 }, "geometry": { "type": "Point", "coordinates": [ 26.517, 36.1 ] } },
{ "type": "Feature", "properties": { "ID": 3420, "date_decimal": 2000.157305936073, "year": 2000, "month": 2, "day": 28, "latitude": 37.051, "longitude": 27.495, "mag": 4.46, "place": "6 km ENE of Bodrum, Turkey", "zone_id": 27, "cluster_id": 0, "shock_type": "MS", "mainshock_zone": 27, "same_zone": 1, "days_difference": 195 }, "geometry": { "type": "Point", "coordinates": [ 27.495, 37.051 ] } },
{ "type": "Feature", "properties": { "ID": 3419, "date_decimal": 2000.1600456621004, "year": 2000, "month": 2, "day": 29, "latitude": 40.081, "longitude": 33.943, "mag": 4.46, "place": "Central Turkey", "zone_id": 34, "cluster_id": 352, "shock_type": "AS", "mainshock_zone": 3, "same_zone": 0, "days_difference": 196 }, "geometry": { "type": "Point", "coordinates": [ 33.943, 40.081 ] } },
{ "type": "Feature", "properties": { "ID": 3418, "date_decimal": 2000.1803652968038, "year": 2000, "month": 3, "day": 6, "latitude": 37.174, "longitude": 35.246, "mag": 4.52, "place": "18 km ESE of Karaisal?, Turkey", "zone_id": 9, "cluster_id": 331, "shock_type": "AS", "mainshock_zone": 6, "same_zone": 0, "days_difference": 202 }, "geometry": { "type": "Point", "coordinates": [ 35.246, 37.174 ] } },
{ "type": "Feature", "properties": { "ID": 3417, "date_decimal": 2000.1803652968038, "year": 2000, "month": 3, "day": 6, "latitude": 37.235, "longitude": 35.134, "mag": 4.52, "place": "7 km ESE of Karaisal?, Turkey", "zone_id": 9, "cluster_id": 331, "shock_type": "AS", "mainshock_zone": 6, "same_zone": 0, "days_difference": 202 }, "geometry": { "type": "Point", "coordinates": [ 35.134, 37.235 ] } },
{ "type": "Feature", "properties": { "ID": 3416, "date_decimal": 2000.2105022831051, "year": 2000, "month": 3, "day": 17, "latitude": 40.451, "longitude": 42.448, "mag": 4.15, "place": "14 km SE of ?enkaya, Turkey", "zone_id": 64, "cluster_id": 351, "shock_type": "AS", "mainshock_zone": 64, "same_zone": 1, "days_difference": 213 }, "geometry": { "type": "Point", "coordinates": [ 42.448, 40.451 ] } },
{ "type": "Feature", "properties": { "ID": 3415, "date_decimal": 2000.2132420091325, "year": 2000, "month": 3, "day": 18, "latitude": 40.472, "longitude": 42.315, "mag": 4.77, "place": "9 km SSW of ?enkaya, Turkey", "zone_id": 64, "cluster_id": 351, "shock_type": "AS", "mainshock_zone": 64, "same_zone": 1, "days_difference": 214 }, "geometry": { "type": "Point", "coordinates": [ 42.315, 40.472 ] } },
{ "type": "Feature", "properties": { "ID": 3414, "date_decimal": 2000.2187214611872, "year": 2000, "month": 3, "day": 20, "latitude": 40.424, "longitude": 42.395, "mag": 4.77, "place": "15 km SSE of ?enkaya, Turkey", "zone_id": 64, "cluster_id": 351, "shock_type": "AS", "mainshock_zone": 64, "same_zone": 1, "days_difference": 216 }, "geometry": { "type": "Point", "coordinates": [ 42.395, 40.424 ] } },
{ "type": "Feature", "properties": { "ID": 3413, "date_decimal": 2000.2378995433792, "year": 2000, "month": 3, "day": 27, "latitude": 35.633, "longitude": 27.146, "mag": 4.15, "place": "15 km NNW of Karpathos, Greece", "zone_id": 83, "cluster_id": 0, "shock_type": "MS", "mainshock_zone": 83, "same_zone": 1, "days_difference": 223 }, "geometry": { "type": "Point", "coordinates": [ 27.146, 35.633 ] } },
{ "type": "Feature", "properties": { "ID": 3410, "date_decimal": 2000.2527397260274, "year": 2000, "month": 4, "day": 2, "latitude": 40.803, "longitude": 30.244, "mag": 4.77, "place": "12 km N of Sapanca, Turkey", "zone_id": 8, "cluster_id": 347, "shock_type": "AS", "mainshock_zone": 8, "same_zone": 1, "days_difference": 229 }, "geometry": { "type": "Point", "coordinates": [ 30.244, 40.803 ] } },
{ "type": "Feature", "properties": { "ID": 3412, "date_decimal": 2000.2527397260274, "year": 2000, "month": 4, "day": 2, "latitude": 37.636, "longitude": 37.322, "mag": 4.67, "place": "12 km SSE of Ça?layancerit, Turkey", "zone_id": 999, "cluster_id": 0, "shock_type": "MS", "mainshock_zone": 999, "same_zone": 1, "days_difference": 229 }, "geometry": { "type": "Point", "coordinates": [ 37.322, 37.636 ] } },
{ "type": "Feature", "properties": { "ID": 3411, "date_decimal": 2000.2527397260274, "year": 2000, "month": 4, "day": 2, "latitude": 37.624, "longitude": 37.387, "mag": 4.46, "place": "16 km SSE of Ça?layancerit, Turkey", "zone_id": 999, "cluster_id": 354, "shock_type": "FS", "mainshock_zone": 999, "same_zone": 1, "days_difference": 229 }, "geometry": { "type": "Point", "coordinates": [ 37.387, 37.624 ] } },
{ "type": "Feature", "properties": { "ID": 3409, "date_decimal": 2000.2883561643835, "year": 2000, "month": 4, "day": 15, "latitude": 40.592, "longitude": 27.942, "mag": 4.52, "place": "24 km NNE of Erdek, Turkey", "zone_id": 29, "cluster_id": 0, "shock_type": "MS", "mainshock_zone": 29, "same_zone": 1, "days_difference": 242 }, "geometry": { "type": "Point", "coordinates": [ 27.942, 40.592 ] } },
{ "type": "Feature", "properties": { "ID": 3408, "date_decimal": 2000.3047945205481, "year": 2000, "month": 4, "day": 21, "latitude": 37.842, "longitude": 29.328, "mag": 5.5, "place": "10 km NNE of Honaz, Turkey", "zone_id": 21, "cluster_id": 0, "shock_type": "MS", "mainshock_zone": 21, "same_zone": 1, "days_difference": 248 }, "geometry": { "type": "Point", "coordinates": [ 29.328, 37.842 ] } },
{ "type": "Feature", "properties": { "ID": 3407, "date_decimal": 2000.3102739726028, "year": 2000, "month": 4, "day": 23, "latitude": 38.048, "longitude": 27.867, "mag": 4.25, "place": "7 km S of Gökçen, Turkey", "zone_id": 28, "cluster_id": 0, "shock_type": "MS", "mainshock_zone": 28, "same_zone": 1, "days_difference": 250 }, "geometry": { "type": "Point", "coordinates": [ 27.867, 38.048 ] } },
{ "type": "Feature", "properties": { "ID": 3406, "date_decimal": 2000.3212328767124, "year": 2000, "month": 4, "day": 27, "latitude": 37.879, "longitude": 29.219, "mag": 4.25, "place": "Western Turkey", "zone_id": 21, "cluster_id": 355, "shock_type": "AS", "mainshock_zone": 21, "same_zone": 1, "days_difference": 254 }, "geometry": { "type": "Point", "coordinates": [ 29.219, 37.879 ] } },
{ "type": "Feature", "properties": { "ID": 3405, "date_decimal": 2000.338812785388, "year": 2000, "month": 5, "day": 3, "latitude": 35.869, "longitude": 30.286, "mag": 4.25, "place": "49 km SSE of Finike, Turkey", "zone_id": 16, "cluster_id": 0, "shock_type": "MS", "mainshock_zone": 16, "same_zone": 1, "days_difference": 260 }, "geometry": { "type": "Point", "coordinates": [ 30.286, 35.869 ] } },
{ "type": "Feature", "properties": { "ID": 3404, "date_decimal": 2000.3497716894976, "year": 2000, "month": 5, "day": 7, "latitude": 38.183, "longitude": 38.747, "mag": 4.36, "place": "20 km NE of Sincik, Turkey", "zone_id": 999, "cluster_id": 356, "shock_type": "FS", "mainshock_zone": 999, "same_zone": 1, "days_difference": 264 }, "geometry": { "type": "Point", "coordinates": [ 38.747, 38.183 ] } },
{ "type": "Feature", "properties": { "ID": 3403, "date_decimal": 2000.3497716894976, "year": 2000, "month": 5, "day": 7, "latitude": 38.164, "longitude": 38.777, "mag": 4.67, "place": "20 km NE of Sincik, Turkey", "zone_id": 999, "cluster_id": 0, "shock_type": "MS", "mainshock_zone": 999, "same_zone": 1, "days_difference": 264 }, "geometry": { "type": "Point", "coordinates": [ 38.777, 38.164 ] } },
{ "type": "Feature", "properties": { "ID": 3402, "date_decimal": 2000.3634703196346, "year": 2000, "month": 5, "day": 12, "latitude": 37.049, "longitude": 36.085, "mag": 4.87, "place": "5 km WSW of Toprakkale, Turkey", "zone_id": 6, "cluster_id": 0, "shock_type": "MS", "mainshock_zone": 6, "same_zone": 1, "days_difference": 269 }, "geometry": { "type": "Point", "coordinates": [ 36.085, 37.049 ] } },
{ "type": "Feature", "properties": { "ID": 3401, "date_decimal": 2000.3908675799087, "year": 2000, "month": 5, "day": 22, "latitude": 38.245, "longitude": 39.425, "mag": 4.56, "place": "eastern Turkey", "zone_id": 30, "cluster_id": 0, "shock_type": "MS", "mainshock_zone": 30, "same_zone": 1, "days_difference": 279 }, "geometry": { "type": "Point", "coordinates": [ 39.425, 38.245 ] } },
{ "type": "Feature", "properties": { "ID": 3400, "date_decimal": 2000.4045662100457, "year": 2000, "month": 5, "day": 27, "latitude": 36.144, "longitude": 35.107, "mag": 4.56, "place": "54 km SSW of Karata?, Turkey", "zone_id": 6, "cluster_id": 0, "shock_type": "MS", "mainshock_zone": 6, "same_zone": 1, "days_difference": 284 }, "geometry": { "type": "Point", "coordinates": [ 35.107, 36.144 ] } },
{ "type": "Feature", "properties": { "ID": 3399, "date_decimal": 2000.4127853881278, "year": 2000, "month": 5, "day": 30, "latitude": 40.642, "longitude": 34.644, "mag": 4.15, "place": "17 km SE of ?skilip, Turkey", "zone_id": 34, "cluster_id": 0, "shock_type": "MS", "mainshock_zone": 34, "same_zone": 1, "days_difference": 287 }, "geometry": { "type": "Point", "coordinates": [ 34.644, 40.642 ] } },
{ "type": "Feature", "properties": { "ID": 3397, "date_decimal": 2000.4303652968038, "year": 2000, "month": 6, "day": 6, "latitude": 40.574, "longitude": 32.912, "mag": 4.46, "place": "17 km WSW of Orta, Turkey", "zone_id": 15, "cluster_id": 357, "shock_type": "FS", "mainshock_zone": 15, "same_zone": 1, "days_difference": 294 }, "geometry": { "type": "Point", "coordinates": [ 32.912, 40.574 ] } },
{ "type": "Feature", "properties": { "ID": 3398, "date_decimal": 2000.4303652968038, "year": 2000, "month": 6, "day": 6, "latitude": 40.693, "longitude": 32.992, "mag": 6.0, "place": "12 km NW of Orta, Turkey", "zone_id": 15, "cluster_id": 0, "shock_type": "MS", "mainshock_zone": 15, "same_zone": 1, "days_difference": 294 }, "geometry": { "type": "Point", "coordinates": [ 32.992, 40.693 ] } },
{ "type": "Feature", "properties": { "ID": 3396, "date_decimal": 2000.4358447488585, "year": 2000, "month": 6, "day": 8, "latitude": 40.724, "longitude": 32.936, "mag": 4.67, "place": "10 km SSE of Çerke?, Turkey", "zone_id": 15, "cluster_id": 357, "shock_type": "AS", "mainshock_zone": 15, "same_zone": 1, "days_difference": 296 }, "geometry": { "type": "Point", "coordinates": [ 32.936, 40.724 ] } },
{ "type": "Feature", "properties": { "ID": 3395, "date_decimal": 2000.4385844748858, "year": 2000, "month": 6, "day": 9, "latitude": 40.689, "longitude": 32.925, "mag": 4.77, "place": "13 km S of Çerke?, Turkey", "zone_id": 15, "cluster_id": 357, "shock_type": "AS", "mainshock_zone": 15, "same_zone": 1, "days_difference": 297 }, "geometry": { "type": "Point", "coordinates": [ 32.925, 40.689 ] } },
{ "type": "Feature", "properties": { "ID": 3394, "date_decimal": 2000.4824200913242, "year": 2000, "month": 6, "day": 25, "latitude": 36.512, "longitude": 24.556, "mag": 4.56, "place": "25 km SSE of Adámas, Greece", "zone_id": 70, "cluster_id": 0, "shock_type": "MS", "mainshock_zone": 70, "same_zone": 1, "days_difference": 313 }, "geometry": { "type": "Point", "coordinates": [ 24.556, 36.512 ] } },
{ "type": "Feature", "properties": { "ID": 3393, "date_decimal": 2000.4933789954339, "year": 2000, "month": 6, "day": 29, "latitude": 38.428, "longitude": 26.091, "mag": 4.25, "place": "3 km WNW of Vrontádos, Greece", "zone_id": 71, "cluster_id": 0, "shock_type": "MS", "mainshock_zone": 71, "same_zone": 1, "days_difference": 317 }, "geometry": { "type": "Point", "coordinates": [ 26.091, 38.428 ] } },
{ "type": "Feature", "properties": { "ID": 3392, "date_decimal": 2000.5109589041097, "year": 2000, "month": 7, "day": 5, "latitude": 40.352, "longitude": 25.995, "mag": 4.25, "place": "18 km NNE of Gökçeada, Turkey", "zone_id": 82, "cluster_id": 0, "shock_type": "MS", "mainshock_zone": 82, "same_zone": 1, "days_difference": 323 }, "geometry": { "type": "Point", "coordinates": [ 25.995, 40.352 ] } },
{ "type": "Feature", "properties": { "ID": 3391, "date_decimal": 2000.5164383561644, "year": 2000, "month": 7, "day": 7, "latitude": 40.837, "longitude": 29.218, "mag": 4.36, "place": "7 km W of ?çmeler, Turkey", "zone_id": 8, "cluster_id": 347, "shock_type": "AS", "mainshock_zone": 8, "same_zone": 1, "days_difference": 325 }, "geometry": { "type": "Point", "coordinates": [ 29.218, 40.837 ] } },
{ "type": "Feature", "properties": { "ID": 3390, "date_decimal": 2000.5630136986301, "year": 2000, "month": 7, "day": 24, "latitude": 36.599, "longitude": 31.503, "mag": 4.25, "place": "14 km S of K?z?la?aç, Turkey", "zone_id": 17, "cluster_id": 0, "shock_type": "MS", "mainshock_zone": 17, "same_zone": 1, "days_difference": 342 }, "geometry": { "type": "Point", "coordinates": [ 31.503, 36.599 ] } },
{ "type": "Feature", "properties": { "ID": 3389, "date_decimal": 2000.5915525114156, "year": 2000, "month": 8, "day": 4, "latitude": 35.741, "longitude": 28.173, "mag": 4.15, "place": "41 km SSE of Lárdos, Greece", "zone_id": 81, "cluster_id": 358, "shock_type": "FS", "mainshock_zone": 81, "same_zone": 1, "days_difference": 353 }, "geometry": { "type": "Point", "coordinates": [ 28.173, 35.741 ] } },
{ "type": "Feature", "properties": { "ID": 3388, "date_decimal": 2000.6271689497717, "year": 2000, "month": 8, "day": 17, "latitude": 40.723, "longitude": 33.887, "mag": 4.98, "place": "9 km ESE of Yaprakl?, Turkey", "zone_id": 34, "cluster_id": 0, "shock_type": "MS", "mainshock_zone": 34, "same_zone": 1, "days_difference": 366 }, "geometry": { "type": "Point", "coordinates": [ 33.887, 40.723 ] } },
{ "type": "Feature", "properties": { "ID": 3387, "date_decimal": 2000.6326484018264, "year": 2000, "month": 8, "day": 19, "latitude": 39.703, "longitude": 41.134, "mag": 4.25, "place": "25 km SSW of Erzurum, Turkey", "zone_id": 12, "cluster_id": 0, "shock_type": "MS", "mainshock_zone": 12, "same_zone": 1, "days_difference": 368 }, "geometry": { "type": "Point", "coordinates": [ 41.134, 39.703 ] } },
{ "type": "Feature", "properties": { "ID": 3386, "date_decimal": 2000.6408675799087, "year": 2000, "month": 8, "day": 22, "latitude": 40.168, "longitude": 32.023, "mag": 4.56, "place": "8 km E of Beypazar?, Turkey", "zone_id": 15, "cluster_id": 0, "shock_type": "MS", "mainshock_zone": 15, "same_zone": 1, "days_difference": 371 }, "geometry": { "type": "Point", "coordinates": [ 32.023, 40.168 ] } },
{ "type": "Feature", "properties": { "ID": 3385, "date_decimal": 2000.643607305936, "year": 2000, "month": 8, "day": 23, "latitude": 40.68, "longitude": 30.72, "mag": 5.3, "place": "8 km E of Akyaz?, Turkey", "zone_id": 8, "cluster_id": 346, "shock_type": "AS", "mainshock_zone": 8, "same_zone": 1, "days_difference": 372 }, "geometry": { "type": "Point", "coordinates": [ 30.72, 40.68 ] } },
{ "type": "Feature", "properties": { "ID": 3384, "date_decimal": 2000.6518264840181, "year": 2000, "month": 8, "day": 26, "latitude": 39.415, "longitude": 26.206, "mag": 4.15, "place": "5 km NNE of Míthymna, Greece", "zone_id": 76, "cluster_id": 0, "shock_type": "MS", "mainshock_zone": 76, "same_zone": 1, "days_difference": 375 }, "geometry": { "type": "Point", "coordinates": [ 26.206, 39.415 ] } },
{ "type": "Feature", "properties": { "ID": 3383, "date_decimal": 2000.6545662100457, "year": 2000, "month": 8, "day": 27, "latitude": 35.724, "longitude": 28.228, "mag": 4.15, "place": "45 km SSE of Lárdos, Greece", "zone_id": 81, "cluster_id": 358, "shock_type": "AS", "mainshock_zone": 81, "same_zone": 1, "days_difference": 376 }, "geometry": { "type": "Point", "coordinates": [ 28.228, 35.724 ] } },
{ "type": "Feature", "properties": { "ID": 3382, "date_decimal": 2000.657305936073, "year": 2000, "month": 8, "day": 28, "latitude": 40.824, "longitude": 33.126, "mag": 4.25, "place": "4 km ENE of Atkaracalar, Turkey", "zone_id": 2, "cluster_id": 357, "shock_type": "AS", "mainshock_zone": 15, "same_zone": 0, "days_difference": 377 }, "geometry": { "type": "Point", "coordinates": [ 33.126, 40.824 ] } },
{ "type": "Feature", "properties": { "ID": 3381, "date_decimal": 2000.6627853881278, "year": 2000, "month": 8, "day": 30, "latitude": 35.835, "longitude": 28.129, "mag": 4.36, "place": "30 km SSE of Lárdos, Greece", "zone_id": 81, "cluster_id": 0, "shock_type": "MS", "mainshock_zone": 81, "same_zone": 1, "days_difference": 379 }, "geometry": { "type": "Point", "coordinates": [ 28.129, 35.835 ] } },
{ "type": "Feature", "properties": { "ID": 3380, "date_decimal": 2000.6694063926941, "year": 2000, "month": 9, "day": 2, "latitude": 40.559, "longitude": 33.095, "mag": 4.25, "place": "7 km S of Orta, Turkey", "zone_id": 15, "cluster_id": 357, "shock_type": "AS", "mainshock_zone": 15, "same_zone": 1, "days_difference": 382 }, "geometry": { "type": "Point", "coordinates": [ 33.095, 40.559 ] } },
{ "type": "Feature", "properties": { "ID": 3379, "date_decimal": 2000.6831050228311, "year": 2000, "month": 9, "day": 7, "latitude": 38.41, "longitude": 44.986, "mag": 4.25, "place": "15 km S of Khowy, Iran", "zone_id": 86, "cluster_id": 0, "shock_type": "MS", "mainshock_zone": 86, "same_zone": 1, "days_difference": 387 }, "geometry": { "type": "Point", "coordinates": [ 44.986, 38.41 ] } },
{ "type": "Feature", "properties": { "ID": 3377, "date_decimal": 2000.6858447488585, "year": 2000, "month": 9, "day": 8, "latitude": 36.568, "longitude": 25.495, "mag": 4.25, "place": "15 km NE of Oía, Greece", "zone_id": 70, "cluster_id": 0, "shock_type": "MS", "mainshock_zone": 70, "same_zone": 1, "days_difference": 388 }, "geometry": { "type": "Point", "coordinates": [ 25.495, 36.568 ] } },
{ "type": "Feature", "properties": { "ID": 3378, "date_decimal": 2000.6858447488585, "year": 2000, "month": 9, "day": 8, "latitude": 39.363, "longitude": 27.703, "mag": 4.67, "place": "4 km ESE of Sava?tepe, Turkey", "zone_id": 35, "cluster_id": 0, "shock_type": "MS", "mainshock_zone": 35, "same_zone": 1, "days_difference": 388 }, "geometry": { "type": "Point", "coordinates": [ 27.703, 39.363 ] } },
{ "type": "Feature", "properties": { "ID": 3376, "date_decimal": 2000.6885844748858, "year": 2000, "month": 9, "day": 9, "latitude": 39.346, "longitude": 27.674, "mag": 4.52, "place": "4 km SSE of Sava?tepe, Turkey", "zone_id": 35, "cluster_id": 359, "shock_type": "AS", "mainshock_zone": 35, "same_zone": 1, "days_difference": 389 }, "geometry": { "type": "Point", "coordinates": [ 27.674, 39.346 ] } },
{ "type": "Feature", "properties": { "ID": 3375, "date_decimal": 2000.6940639269408, "year": 2000, "month": 9, "day": 11, "latitude": 35.713, "longitude": 45.206, "mag": 4.77, "place": "26 km NW of As Sulaymānīyah, Iraq", "zone_id": 88, "cluster_id": 0, "shock_type": "MS", "mainshock_zone": 88, "same_zone": 1, "days_difference": 391 }, "geometry": { "type": "Point", "coordinates": [ 45.206, 35.713 ] } },
{ "type": "Feature", "properties": { "ID": 3374, "date_decimal": 2000.7077625570778, "year": 2000, "month": 9, "day": 16, "latitude": 36.722, "longitude": 27.505, "mag": 4.67, "place": "16 km W of Datça, Turkey", "zone_id": 84, "cluster_id": 0, "shock_type": "MS", "mainshock_zone": 84, "same_zone": 1, "days_difference": 396 }, "geometry": { "type": "Point", "coordinates": [ 27.505, 36.722 ] } },
{ "type": "Feature", "properties": { "ID": 3373, "date_decimal": 2000.7296803652969, "year": 2000, "month": 9, "day": 24, "latitude": 39.545, "longitude": 43.721, "mag": 4.56, "place": "eastern Turkey", "zone_id": 51, "cluster_id": 0, "shock_type": "MS", "mainshock_zone": 51, "same_zone": 1, "days_difference": 404 }, "geometry": { "type": "Point", "coordinates": [ 43.721, 39.545 ] } },
{ "type": "Feature", "properties": { "ID": 3372, "date_decimal": 2000.7378995433792, "year": 2000, "month": 9, "day": 27, "latitude": 40.616, "longitude": 33.021, "mag": 4.15, "place": "7 km W of Orta, Turkey", "zone_id": 15, "cluster_id": 357, "shock_type": "AS", "mainshock_zone": 15, "same_zone": 1, "days_difference": 407 }, "geometry": { "type": "Point", "coordinates": [ 33.021, 40.616 ] } },
{ "type": "Feature", "properties": { "ID": 3371, "date_decimal": 2000.7582191780823, "year": 2000, "month": 10, "day": 4, "latitude": 37.918, "longitude": 29.046, "mag": 4.77, "place": "5 km SSW of Akköy, Turkey", "zone_id": 68, "cluster_id": 355, "shock_type": "AS", "mainshock_zone": 21, "same_zone": 0, "days_difference": 414 }, "geometry": { "type": "Point", "coordinates": [ 29.046, 37.918 ] } },
{ "type": "Feature", "properties": { "ID": 3370, "date_decimal": 2000.7582191780823, "year": 2000, "month": 10, "day": 4, "latitude": 37.95, "longitude": 28.91, "mag": 4.46, "place": "3 km NNW of Sarayköy, Turkey", "zone_id": 68, "cluster_id": 355, "shock_type": "AS", "mainshock_zone": 21, "same_zone": 0, "days_difference": 414 }, "geometry": { "type": "Point", "coordinates": [ 28.91, 37.95 ] } },
{ "type": "Feature", "properties": { "ID": 3369, "date_decimal": 2000.7609589041097, "year": 2000, "month": 10, "day": 5, "latitude": 40.598, "longitude": 33.14, "mag": 4.25, "place": "3 km SE of Orta, Turkey", "zone_id": 15, "cluster_id": 357, "shock_type": "AS", "mainshock_zone": 15, "same_zone": 1, "days_difference": 415 }, "geometry": { "type": "Point", "coordinates": [ 33.14, 40.598 ] } },
{ "type": "Feature", "properties": { "ID": 3368, "date_decimal": 2000.7609589041097, "year": 2000, "month": 10, "day": 5, "latitude": 40.543, "longitude": 33.052, "mag": 4.25, "place": "10 km SSW of Orta, Turkey", "zone_id": 15, "cluster_id": 357, "shock_type": "AS", "mainshock_zone": 15, "same_zone": 1, "days_difference": 415 }, "geometry": { "type": "Point", "coordinates": [ 33.052, 40.543 ] } },
{ "type": "Feature", "properties": { "ID": 3367, "date_decimal": 2000.7609589041097, "year": 2000, "month": 10, "day": 5, "latitude": 38.229, "longitude": 25.232, "mag": 4.46, "place": "45 km SW of Psará, Greece", "zone_id": 75, "cluster_id": 0, "shock_type": "MS", "mainshock_zone": 75, "same_zone": 1, "days_difference": 415 }, "geometry": { "type": "Point", "coordinates": [ 25.232, 38.229 ] } },
{ "type": "Feature", "properties": { "ID": 3366, "date_decimal": 2000.763698630137, "year": 2000, "month": 10, "day": 6, "latitude": 36.928, "longitude": 45.204, "mag": 4.67, "place": "15 km SE of Oshnav?yeh, Iran", "zone_id": 90, "cluster_id": 0, "shock_type": "MS", "mainshock_zone": 90, "same_zone": 1, "days_difference": 416 }, "geometry": { "type": "Point", "coordinates": [ 45.204, 36.928 ] } },
{ "type": "Feature", "properties": { "ID": 3365, "date_decimal": 2000.7965753424658, "year": 2000, "month": 10, "day": 18, "latitude": 36.216, "longitude": 28.687, "mag": 4.25, "place": "45 km ESE of Faliraki, Greece", "zone_id": 69, "cluster_id": 0, "shock_type": "MS", "mainshock_zone": 69, "same_zone": 1, "days_difference": 428 }, "geometry": { "type": "Point", "coordinates": [ 28.687, 36.216 ] } },
{ "type": "Feature", "properties": { "ID": 3364, "date_decimal": 2000.8497716894976, "year": 2000, "month": 11, "day": 7, "latitude": 39.434, "longitude": 26.296, "mag": 4.15, "place": "7 km SSW of Behram, Turkey", "zone_id": 76, "cluster_id": 0, "shock_type": "MS", "mainshock_zone": 76, "same_zone": 1, "days_difference": 448 }, "geometry": { "type": "Point", "coordinates": [ 26.296, 39.434 ] } },
{ "type": "Feature", "properties": { "ID": 3363, "date_decimal": 2000.8634703196346, "year": 2000, "month": 11, "day": 12, "latitude": 35.74, "longitude": 27.24, "mag": 4.52, "place": "25 km N of Karpathos, Greece", "zone_id": 83, "cluster_id": 0, "shock_type": "MS", "mainshock_zone": 83, "same_zone": 1, "days_difference": 453 }, "geometry": { "type": "Point", "coordinates": [ 27.24, 35.74 ] } },
{ "type": "Feature", "properties": { "ID": 3362, "date_decimal": 2000.8716894977167, "year": 2000, "month": 11, "day": 15, "latitude": 38.397, "longitude": 42.922, "mag": 5.6, "place": "19 km NW of Geva?, Turkey", "zone_id": 31, "cluster_id": 0, "shock_type": "MS", "mainshock_zone": 31, "same_zone": 1, "days_difference": 456 }, "geometry": { "type": "Point", "coordinates": [ 42.922, 38.397 ] } },
{ "type": "Feature", "properties": { "ID": 3361, "date_decimal": 2000.8716894977167, "year": 2000, "month": 11, "day": 15, "latitude": 38.529, "longitude": 42.901, "mag": 4.56, "place": "31 km NW of Geva?, Turkey", "zone_id": 31, "cluster_id": 361, "shock_type": "FS", "mainshock_zone": 31, "same_zone": 1, "days_difference": 456 }, "geometry": { "type": "Point", "coordinates": [ 42.901, 38.529 ] } },
{ "type": "Feature", "properties": { "ID": 3360, "date_decimal": 2000.8716894977167, "year": 2000, "month": 11, "day": 15, "latitude": 37.916, "longitude": 42.835, "mag": 4.36, "place": "16 km E of Gökbudak, Turkey", "zone_id": 87, "cluster_id": 0, "shock_type": "MS", "mainshock_zone": 87, "same_zone": 1, "days_difference": 456 }, "geometry": { "type": "Point", "coordinates": [ 42.835, 37.916 ] } },
{ "type": "Feature", "properties": { "ID": 3359, "date_decimal": 2000.8744292237443, "year": 2000, "month": 11, "day": 16, "latitude": 38.257, "longitude": 43.007, "mag": 4.56, "place": "9 km WSW of Geva?, Turkey", "zone_id": 31, "cluster_id": 361, "shock_type": "AS", "mainshock_zone": 31, "same_zone": 1, "days_difference": 457 }, "geometry": { "type": "Point", "coordinates": [ 43.007, 38.257 ] } },
{ "type": "Feature", "properties": { "ID": 3358, "date_decimal": 2000.8771689497717, "year": 2000, "month": 11, "day": 17, "latitude": 38.239, "longitude": 42.941, "mag": 4.77, "place": "15 km WSW of Geva?, Turkey", "zone_id": 31, "cluster_id": 361, "shock_type": "AS", "mainshock_zone": 31, "same_zone": 1, "days_difference": 458 }, "geometry": { "type": "Point", "coordinates": [ 42.941, 38.239 ] } },
{ "type": "Feature", "properties": { "ID": 3357, "date_decimal": 2000.8908675799087, "year": 2000, "month": 11, "day": 22, "latitude": 35.99, "longitude": 27.35, "mag": 4.52, "place": "Dodecanese Islands, Greece", "zone_id": 83, "cluster_id": 360, "shock_type": "AS", "mainshock_zone": 83, "same_zone": 1, "days_difference": 463 }, "geometry": { "type": "Point", "coordinates": [ 27.35, 35.99 ] } },
{ "type": "Feature", "properties": { "ID": 3355, "date_decimal": 2000.9018264840181, "year": 2000, "month": 11, "day": 26, "latitude": 37.935, "longitude": 29.033, "mag": 4.15, "place": "4 km WSW of Akköy, Turkey", "zone_id": 68, "cluster_id": 355, "shock_type": "AS", "mainshock_zone": 21, "same_zone": 0, "days_difference": 467 }, "geometry": { "type": "Point", "coordinates": [ 29.033, 37.935 ] } },
{ "type": "Feature", "properties": { "ID": 3356, "date_decimal": 2000.9018264840181, "year": 2000, "month": 11, "day": 26, "latitude": 37.925, "longitude": 29.053, "mag": 4.15, "place": "4 km SSW of Akköy, Turkey", "zone_id": 68, "cluster_id": 355, "shock_type": "AS", "mainshock_zone": 21, "same_zone": 0, "days_difference": 467 }, "geometry": { "type": "Point", "coordinates": [ 29.053, 37.925 ] } },
{ "type": "Feature", "properties": { "ID": 3354, "date_decimal": 2000.9276255707764, "year": 2000, "month": 12, "day": 5, "latitude": 39.12, "longitude": 27.934, "mag": 4.6, "place": "22 km E of K?rka?aç, Turkey", "zone_id": 35, "cluster_id": 359, "shock_type": "AS", "mainshock_zone": 35, "same_zone": 1, "days_difference": 476 }, "geometry": { "type": "Point", "coordinates": [ 27.934, 39.12 ] } },
{ "type": "Feature", "properties": { "ID": 3353, "date_decimal": 2000.9385844748858, "year": 2000, "month": 12, "day": 9, "latitude": 42.478, "longitude": 44.327, "mag": 4.77, "place": "12 km W of Gudauri, Georgia", "zone_id": 65, "cluster_id": 0, "shock_type": "MS", "mainshock_zone": 65, "same_zone": 1, "days_difference": 480 }, "geometry": { "type": "Point", "coordinates": [ 44.327, 42.478 ] } },
{ "type": "Feature", "properties": { "ID": 3352, "date_decimal": 2000.9550228310502, "year": 2000, "month": 12, "day": 15, "latitude": 38.541, "longitude": 31.207, "mag": 5.18, "place": "2 km WNW of Sultanda??, Turkey", "zone_id": 38, "cluster_id": 362, "shock_type": "FS", "mainshock_zone": 38, "same_zone": 1, "days_difference": 486 }, "geometry": { "type": "Point", "coordinates": [ 31.207, 38.541 ] } },
{ "type": "Feature", "properties": { "ID": 3351, "date_decimal": 2000.9550228310502, "year": 2000, "month": 12, "day": 15, "latitude": 38.457, "longitude": 31.351, "mag": 6.0, "place": "12 km NNW of Ak?ehir, Turkey", "zone_id": 38, "cluster_id": 362, "shock_type": "FS", "mainshock_zone": 38, "same_zone": 1, "days_difference": 486 }, "geometry": { "type": "Point", "coordinates": [ 31.351, 38.457 ] } },
{ "type": "Feature", "properties": { "ID": 3350, "date_decimal": 2000.9742009132422, "year": 2000, "month": 12, "day": 22, "latitude": 35.868, "longitude": 45.945, "mag": 4.77, "place": "15 km SSE of B?neh, Iran", "zone_id": 89, "cluster_id": 0, "shock_type": "MS", "mainshock_zone": 89, "same_zone": 1, "days_difference": 493 }, "geometry": { "type": "Point", "coordinates": [ 45.945, 35.868 ] } },
{ "type": "Feature", "properties": { "ID": 3349, "date_decimal": 2000.9796803652969, "year": 2000, "month": 12, "day": 24, "latitude": 38.615, "longitude": 40.259, "mag": 4.77, "place": "13 km ENE of Ar?cak, Turkey", "zone_id": 30, "cluster_id": 0, "shock_type": "MS", "mainshock_zone": 30, "same_zone": 1, "days_difference": 495 }, "geometry": { "type": "Point", "coordinates": [ 40.259, 38.615 ] } },
{ "type": "Feature", "properties": { "ID": 3348, "date_decimal": 2001.0082191780823, "year": 2001, "month": 1, "day": 4, "latitude": 37.66, "longitude": 26.86, "mag": 4.6, "place": "6 km SW of Chóra, Greece", "zone_id": 68, "cluster_id": 0, "shock_type": "MS", "mainshock_zone": 68, "same_zone": 1, "days_difference": 506 }, "geometry": { "type": "Point", "coordinates": [ 26.86, 37.66 ] } },
{ "type": "Feature", "properties": { "ID": 3347, "date_decimal": 2001.0301369863014, "year": 2001, "month": 1, "day": 12, "latitude": 35.54, "longitude": 28.626, "mag": 4.52, "place": "82 km SE of Lárdos, Greece", "zone_id": 79, "cluster_id": 0, "shock_type": "MS", "mainshock_zone": 79, "same_zone": 1, "days_difference": 514 }, "geometry": { "type": "Point", "coordinates": [ 28.626, 35.54 ] } },
{ "type": "Feature", "properties": { "ID": 3346, "date_decimal": 2001.0328767123287, "year": 2001, "month": 1, "day": 13, "latitude": 35.72, "longitude": 27.09, "mag": 4.52, "place": "26 km NNW of Karpathos, Greece", "zone_id": 83, "cluster_id": 360, "shock_type": "AS", "mainshock_zone": 83, "same_zone": 1, "days_difference": 515 }, "geometry": { "type": "Point", "coordinates": [ 27.09, 35.72 ] } },
{ "type": "Feature", "properties": { "ID": 3345, "date_decimal": 2001.0438356164384, "year": 2001, "month": 1, "day": 17, "latitude": 37.056, "longitude": 36.127, "mag": 4.67, "place": "2 km SW of Toprakkale, Turkey", "zone_id": 6, "cluster_id": 0, "shock_type": "MS", "mainshock_zone": 6, "same_zone": 1, "days_difference": 519 }, "geometry": { "type": "Point", "coordinates": [ 36.127, 37.056 ] } },
{ "type": "Feature", "properties": { "ID": 3344, "date_decimal": 2001.0630136986301, "year": 2001, "month": 1, "day": 24, "latitude": 39.574, "longitude": 26.149, "mag": 4.54, "place": "18 km WNW of Behram, Turkey", "zone_id": 76, "cluster_id": 0, "shock_type": "MS", "mainshock_zone": 76, "same_zone": 1, "days_difference": 526 }, "geometry": { "type": "Point", "coordinates": [ 26.149, 39.574 ] } },
{ "type": "Feature", "properties": { "ID": 3342, "date_decimal": 2001.0833333333333, "year": 2001, "month": 2, "day": 1, "latitude": 40.1, "longitude": 27.75, "mag": 4.54, "place": "8 km E of Gönen, Turkey", "zone_id": 18, "cluster_id": 0, "shock_type": "MS", "mainshock_zone": 18, "same_zone": 1, "days_difference": 534 }, "geometry": { "type": "Point", "coordinates": [ 27.75, 40.1 ] } },
{ "type": "Feature", "properties": { "ID": 3343, "date_decimal": 2001.0833333333333, "year": 2001, "month": 2, "day": 1, "latitude": 38.753, "longitude": 44.653, "mag": 4.46, "place": "34 km NW of Khowy, Iran", "zone_id": 51, "cluster_id": 0, "shock_type": "MS", "mainshock_zone": 51, "same_zone": 1, "days_difference": 534 }, "geometry": { "type": "Point", "coordinates": [ 44.653, 38.753 ] } },
{ "type": "Feature", "properties": { "ID": 3341, "date_decimal": 2001.0860730593606, "year": 2001, "month": 2, "day": 2, "latitude": 37.698, "longitude": 30.244, "mag": 4.56, "place": "4 km WSW of Burdur, Turkey", "zone_id": 69, "cluster_id": 0, "shock_type": "MS", "mainshock_zone": 69, "same_zone": 1, "days_difference": 535 }, "geometry": { "type": "Point", "coordinates": [ 30.244, 37.698 ] } },
{ "type": "Feature", "properties": { "ID": 3340, "date_decimal": 2001.1079908675799, "year": 2001, "month": 2, "day": 10, "latitude": 38.922, "longitude": 43.565, "mag": 4.56, "place": "eastern Turkey", "zone_id": 13, "cluster_id": 0, "shock_type": "MS", "mainshock_zone": 13, "same_zone": 1, "days_difference": 543 }, "geometry": { "type": "Point", "coordinates": [ 43.565, 38.922 ] } },
{ "type": "Feature", "properties": { "ID": 3339, "date_decimal": 2001.1107305936073, "year": 2001, "month": 2, "day": 11, "latitude": 35.95, "longitude": 28.15, "mag": 4.52, "place": "20 km SE of Lárdos, Greece", "zone_id": 81, "cluster_id": 0, "shock_type": "MS", "mainshock_zone": 81, "same_zone": 1, "days_difference": 544 }, "geometry": { "type": "Point", "coordinates": [ 28.15, 35.95 ] } },
{ "type": "Feature", "properties": { "ID": 3338, "date_decimal": 2001.129908675799, "year": 2001, "month": 2, "day": 18, "latitude": 38.19, "longitude": 39.266, "mag": 4.76, "place": "2 km SW of Çüngü?, Turkey", "zone_id": 30, "cluster_id": 0, "shock_type": "MS", "mainshock_zone": 30, "same_zone": 1, "days_difference": 551 }, "geometry": { "type": "Point", "coordinates": [ 39.266, 38.19 ] } },
{ "type": "Feature", "properties": { "ID": 3337, "date_decimal": 2001.129908675799, "year": 2001, "month": 2, "day": 18, "latitude": 37.98, "longitude": 26.66, "mag": 4.52, "place": "21 km N of Néon Karlovásion, Greece", "zone_id": 74, "cluster_id": 0, "shock_type": "MS", "mainshock_zone": 74, "same_zone": 1, "days_difference": 551 }, "geometry": { "type": "Point", "coordinates": [ 26.66, 37.98 ] } },
{ "type": "Feature", "properties": { "ID": 3336, "date_decimal": 2001.1545662100457, "year": 2001, "month": 2, "day": 27, "latitude": 39.002, "longitude": 26.679, "mag": 4.15, "place": "12 km SE of Vareiá, Greece", "zone_id": 43, "cluster_id": 365, "shock_type": "FS", "mainshock_zone": 43, "same_zone": 1, "days_difference": 560 }, "geometry": { "type": "Point", "coordinates": [ 26.679, 39.002 ] } },
{ "type": "Feature", "properties": { "ID": 3335, "date_decimal": 2001.1545662100457, "year": 2001, "month": 2, "day": 27, "latitude": 39.044, "longitude": 26.731, "mag": 4.62, "place": "13 km ESE of Vareiá, Greece", "zone_id": 43, "cluster_id": 0, "shock_type": "MS", "mainshock_zone": 43, "same_zone": 1, "days_difference": 560 }, "geometry": { "type": "Point", "coordinates": [ 26.731, 39.044 ] } },
{ "type": "Feature", "properties": { "ID": 3334, "date_decimal": 2001.1666666666667, "year": 2001, "month": 3, "day": 1, "latitude": 37.843, "longitude": 26.805, "mag": 4.56, "place": "10 km NW of Kokkári, Greece", "zone_id": 68, "cluster_id": 363, "shock_type": "AS", "mainshock_zone": 68, "same_zone": 1, "days_difference": 562 }, "geometry": { "type": "Point", "coordinates": [ 26.805, 37.843 ] } },
{ "type": "Feature", "properties": { "ID": 3333, "date_decimal": 2001.1694063926941, "year": 2001, "month": 3, "day": 2, "latitude": 35.737, "longitude": 27.828, "mag": 4.56, "place": "43 km SSW of Lárdos, Greece", "zone_id": 81, "cluster_id": 366, "shock_type": "FS", "mainshock_zone": 81, "same_zone": 1, "days_difference": 563 }, "geometry": { "type": "Point", "coordinates": [ 27.828, 35.737 ] } },
{ "type": "Feature", "properties": { "ID": 3332, "date_decimal": 2001.1721461187215, "year": 2001, "month": 3, "day": 3, "latitude": 35.696, "longitude": 27.773, "mag": 4.36, "place": "49 km SSW of Lárdos, Greece", "zone_id": 81, "cluster_id": 366, "shock_type": "AS", "mainshock_zone": 81, "same_zone": 1, "days_difference": 564 }, "geometry": { "type": "Point", "coordinates": [ 27.773, 35.696 ] } },
{ "type": "Feature", "properties": { "ID": 3331, "date_decimal": 2001.1940639269408, "year": 2001, "month": 3, "day": 11, "latitude": 38.594, "longitude": 33.798, "mag": 4.15, "place": "26 km SW of Ortaköy, Turkey", "zone_id": 4, "cluster_id": 0, "shock_type": "MS", "mainshock_zone": 4, "same_zone": 1, "days_difference": 572 }, "geometry": { "type": "Point", "coordinates": [ 33.798, 38.594 ] } },
{ "type": "Feature", "properties": { "ID": 3330, "date_decimal": 2001.2159817351599, "year": 2001, "month": 3, "day": 19, "latitude": 35.665, "longitude": 26.514, "mag": 4.15, "place": "46 km NW of Fry, Greece", "zone_id": 78, "cluster_id": 0, "shock_type": "MS", "mainshock_zone": 78, "same_zone": 1, "days_difference": 580 }, "geometry": { "type": "Point", "coordinates": [ 26.514, 35.665 ] } },
{ "type": "Feature", "properties": { "ID": 3329, "date_decimal": 2001.2242009132422, "year": 2001, "month": 3, "day": 22, "latitude": 38.724, "longitude": 30.93, "mag": 4.56, "place": "10 km W of Bolvadin, Turkey", "zone_id": 38, "cluster_id": 362, "shock_type": "AS", "mainshock_zone": 38, "same_zone": 1, "days_difference": 583 }, "geometry": { "type": "Point", "coordinates": [ 30.93, 38.724 ] } },
{ "type": "Feature", "properties": { "ID": 3328, "date_decimal": 2001.2242009132422, "year": 2001, "month": 3, "day": 22, "latitude": 40.657, "longitude": 33.093, "mag": 4.67, "place": "3 km NNW of Orta, Turkey", "zone_id": 15, "cluster_id": 357, "shock_type": "AS", "mainshock_zone": 15, "same_zone": 1, "days_difference": 583 }, "geometry": { "type": "Point", "coordinates": [ 33.093, 40.657 ] } },
{ "type": "Feature", "properties": { "ID": 3327, "date_decimal": 2001.2461187214612, "year": 2001, "month": 3, "day": 30, "latitude": 38.694, "longitude": 30.935, "mag": 4.56, "place": "10 km W of Bolvadin, Turkey", "zone_id": 38, "cluster_id": 362, "shock_type": "AS", "mainshock_zone": 38, "same_zone": 1, "days_difference": 591 }, "geometry": { "type": "Point", "coordinates": [ 30.935, 38.694 ] } },
{ "type": "Feature", "properties": { "ID": 3326, "date_decimal": 2001.25, "year": 2001, "month": 4, "day": 1, "latitude": 40.92, "longitude": 31.08, "mag": 4.15, "place": "11 km NW of Düzce, Turkey", "zone_id": 53, "cluster_id": 346, "shock_type": "AS", "mainshock_zone": 8, "same_zone": 0, "days_difference": 593 }, "geometry": { "type": "Point", "coordinates": [ 31.08, 40.92 ] } },
{ "type": "Feature", "properties": { "ID": 3325, "date_decimal": 2001.263698630137, "year": 2001, "month": 4, "day": 6, "latitude": 36.174, "longitude": 26.909, "mag": 4.56, "place": "52 km SSW of Mandráki, Greece", "zone_id": 22, "cluster_id": 0, "shock_type": "MS", "mainshock_zone": 22, "same_zone": 1, "days_difference": 598 }, "geometry": { "type": "Point", "coordinates": [ 26.909, 36.174 ] } },
{ "type": "Feature", "properties": { "ID": 3324, "date_decimal": 2001.2664383561644, "year": 2001, "month": 4, "day": 7, "latitude": 40.051, "longitude": 35.74, "mag": 4.56, "place": "Central Turkey", "zone_id": 3, "cluster_id": 0, "shock_type": "MS", "mainshock_zone": 3, "same_zone": 1, "days_difference": 599 }, "geometry": { "type": "Point", "coordinates": [ 35.74, 40.051 ] } },
{ "type": "Feature", "properties": { "ID": 3323, "date_decimal": 2001.277397260274, "year": 2001, "month": 4, "day": 11, "latitude": 35.76, "longitude": 28.37, "mag": 4.36, "place": "48 km SE of Lárdos, Greece", "zone_id": 81, "cluster_id": 364, "shock_type": "AS", "mainshock_zone": 81, "same_zone": 1, "days_difference": 603 }, "geometry": { "type": "Point", "coordinates": [ 28.37, 35.76 ] } },
{ "type": "Feature", "properties": { "ID": 3322, "date_decimal": 2001.3333333333333, "year": 2001, "month": 5, "day": 1, "latitude": 35.696, "longitude": 27.504, "mag": 5.2, "place": "Dodecanese Islands, Greece", "zone_id": 81, "cluster_id": 0, "shock_type": "MS", "mainshock_zone": 81, "same_zone": 1, "days_difference": 623 }, "geometry": { "type": "Point", "coordinates": [ 27.504, 35.696 ] } },
{ "type": "Feature", "properties": { "ID": 3321, "date_decimal": 2001.338812785388, "year": 2001, "month": 5, "day": 3, "latitude": 40.578, "longitude": 36.664, "mag": 4.36, "place": "12 km SE of Erbaa, Turkey", "zone_id": 2, "cluster_id": 0, "shock_type": "MS", "mainshock_zone": 2, "same_zone": 1, "days_difference": 625 }, "geometry": { "type": "Point", "coordinates": [ 36.664, 40.578 ] } },
{ "type": "Feature", "properties": { "ID": 3320, "date_decimal": 2001.3826484018264, "year": 2001, "month": 5, "day": 19, "latitude": 35.924, "longitude": 29.264, "mag": 4.68, "place": "40 km SSW of Kalkan, Turkey", "zone_id": 81, "cluster_id": 0, "shock_type": "MS", "mainshock_zone": 81, "same_zone": 1, "days_difference": 641 }, "geometry": { "type": "Point", "coordinates": [ 29.264, 35.924 ] } },
{ "type": "Feature", "properties": { "ID": 3319, "date_decimal": 2001.3853881278537, "year": 2001, "month": 5, "day": 20, "latitude": 38.49, "longitude": 25.58, "mag": 4.7, "place": "5 km SSE of Psará, Greece", "zone_id": 71, "cluster_id": 368, "shock_type": "FS", "mainshock_zone": 71, "same_zone": 1, "days_difference": 642 }, "geometry": { "type": "Point", "coordinates": [ 25.58, 38.49 ] } },
{ "type": "Feature", "properties": { "ID": 3318, "date_decimal": 2001.3963470319634, "year": 2001, "month": 5, "day": 24, "latitude": 39.297, "longitude": 27.925, "mag": 4.15, "place": "20 km WSW of Bigadiç, Turkey", "zone_id": 35, "cluster_id": 369, "shock_type": "FS", "mainshock_zone": 35, "same_zone": 1, "days_difference": 646 }, "geometry": { "type": "Point", "coordinates": [ 27.925, 39.297 ] } },
{ "type": "Feature", "properties": { "ID": 3317, "date_decimal": 2001.4100456621004, "year": 2001, "month": 5, "day": 29, "latitude": 39.797, "longitude": 41.655, "mag": 4.98, "place": "20 km S of Pasinler, Turkey", "zone_id": 12, "cluster_id": 370, "shock_type": "FS", "mainshock_zone": 12, "same_zone": 1, "days_difference": 651 }, "geometry": { "type": "Point", "coordinates": [ 41.655, 39.797 ] } },
{ "type": "Feature", "properties": { "ID": 3316, "date_decimal": 2001.4100456621004, "year": 2001, "month": 5, "day": 29, "latitude": 39.845, "longitude": 41.959, "mag": 4.87, "place": "22 km NW of Karayaz?, Turkey", "zone_id": 12, "cluster_id": 370, "shock_type": "FS", "mainshock_zone": 12, "same_zone": 1, "days_difference": 651 }, "geometry": { "type": "Point", "coordinates": [ 41.959, 39.845 ] } },
{ "type": "Feature", "properties": { "ID": 3315, "date_decimal": 2001.4155251141551, "year": 2001, "month": 5, "day": 31, "latitude": 39.456, "longitude": 26.336, "mag": 4.6, "place": "4 km S of Behram, Turkey", "zone_id": 76, "cluster_id": 0, "shock_type": "MS", "mainshock_zone": 76, "same_zone": 1, "days_difference": 653 }, "geometry": { "type": "Point", "coordinates": [ 26.336, 39.456 ] } },
{ "type": "Feature", "properties": { "ID": 3314, "date_decimal": 2001.4413242009134, "year": 2001, "month": 6, "day": 10, "latitude": 38.582, "longitude": 25.613, "mag": 5.6, "place": "6 km NE of Psará, Greece", "zone_id": 71, "cluster_id": 0, "shock_type": "MS", "mainshock_zone": 71, "same_zone": 1, "days_difference": 663 }, "geometry": { "type": "Point", "coordinates": [ 25.613, 38.582 ] } },
{ "type": "Feature", "properties": { "ID": 3313, "date_decimal": 2001.4413242009134, "year": 2001, "month": 6, "day": 10, "latitude": 38.497, "longitude": 25.693, "mag": 4.25, "place": "12 km ESE of Psará, Greece", "zone_id": 71, "cluster_id": 368, "shock_type": "AS", "mainshock_zone": 71, "same_zone": 1, "days_difference": 663 }, "geometry": { "type": "Point", "coordinates": [ 25.693, 38.497 ] } },
{ "type": "Feature", "properties": { "ID": 3312, "date_decimal": 2001.4495433789955, "year": 2001, "month": 6, "day": 13, "latitude": 38.506, "longitude": 25.586, "mag": 4.25, "place": "4 km SSE of Psará, Greece", "zone_id": 71, "cluster_id": 368, "shock_type": "AS", "mainshock_zone": 71, "same_zone": 1, "days_difference": 666 }, "geometry": { "type": "Point", "coordinates": [ 25.586, 38.506 ] } },
{ "type": "Feature", "properties": { "ID": 3311, "date_decimal": 2001.4522831050228, "year": 2001, "month": 6, "day": 14, "latitude": 36.246, "longitude": 24.657, "mag": 4.56, "place": "48 km SSW of Folégandros, Greece", "zone_id": 70, "cluster_id": 0, "shock_type": "MS", "mainshock_zone": 70, "same_zone": 1, "days_difference": 667 }, "geometry": { "type": "Point", "coordinates": [ 24.657, 36.246 ] } },
{ "type": "Feature", "properties": { "ID": 3310, "date_decimal": 2001.4605022831051, "year": 2001, "month": 6, "day": 17, "latitude": 39.249, "longitude": 45.848, "mag": 4.36, "place": "26 km SSW of Hats’avan, Armenia", "zone_id": 50, "cluster_id": 0, "shock_type": "MS", "mainshock_zone": 50, "same_zone": 1, "days_difference": 670 }, "geometry": { "type": "Point", "coordinates": [ 45.848, 39.249 ] } },
{ "type": "Feature", "properties": { "ID": 3307, "date_decimal": 2001.4742009132422, "year": 2001, "month": 6, "day": 22, "latitude": 39.333, "longitude": 27.815, "mag": 4.6, "place": "14 km ESE of Sava?tepe, Turkey", "zone_id": 35, "cluster_id": 369, "shock_type": "AS", "mainshock_zone": 35, "same_zone": 1, "days_difference": 675 }, "geometry": { "type": "Point", "coordinates": [ 27.815, 39.333 ] } },
{ "type": "Feature", "properties": { "ID": 3308, "date_decimal": 2001.4742009132422, "year": 2001, "month": 6, "day": 22, "latitude": 39.305, "longitude": 27.905, "mag": 4.77, "place": "21 km WSW of Bigadiç, Turkey", "zone_id": 35, "cluster_id": 0, "shock_type": "MS", "mainshock_zone": 35, "same_zone": 1, "days_difference": 675 }, "geometry": { "type": "Point", "coordinates": [ 27.905, 39.305 ] } },
{ "type": "Feature", "properties": { "ID": 3309, "date_decimal": 2001.4742009132422, "year": 2001, "month": 6, "day": 22, "latitude": 35.75, "longitude": 29.0, "mag": 4.52, "place": "68 km SSW of Kalkan, Turkey", "zone_id": 81, "cluster_id": 367, "shock_type": "AS", "mainshock_zone": 81, "same_zone": 1, "days_difference": 675 }, "geometry": { "type": "Point", "coordinates": [ 29.0, 35.75 ] } },
{ "type": "Feature", "properties": { "ID": 3306, "date_decimal": 2001.4769406392695, "year": 2001, "month": 6, "day": 23, "latitude": 35.55, "longitude": 28.157, "mag": 5.7, "place": "61 km SSE of Lárdos, Greece", "zone_id": 81, "cluster_id": 0, "shock_type": "MS", "mainshock_zone": 81, "same_zone": 1, "days_difference": 676 }, "geometry": { "type": "Point", "coordinates": [ 28.157, 35.55 ] } },
{ "type": "Feature", "properties": { "ID": 3305, "date_decimal": 2001.4769406392695, "year": 2001, "month": 6, "day": 23, "latitude": 39.474, "longitude": 27.881, "mag": 4.46, "place": "19 km S of Bal?kesir, Turkey", "zone_id": 35, "cluster_id": 369, "shock_type": "AS", "mainshock_zone": 35, "same_zone": 1, "days_difference": 676 }, "geometry": { "type": "Point", "coordinates": [ 27.881, 39.474 ] } },
{ "type": "Feature", "properties": { "ID": 3304, "date_decimal": 2001.4796803652969, "year": 2001, "month": 6, "day": 24, "latitude": 39.41, "longitude": 27.9, "mag": 4.6, "place": "20 km W of Bigadiç, Turkey", "zone_id": 35, "cluster_id": 369, "shock_type": "AS", "mainshock_zone": 35, "same_zone": 1, "days_difference": 677 }, "geometry": { "type": "Point", "coordinates": [ 27.9, 39.41 ] } },
{ "type": "Feature", "properties": { "ID": 3303, "date_decimal": 2001.4796803652969, "year": 2001, "month": 6, "day": 24, "latitude": 39.405, "longitude": 27.728, "mag": 4.36, "place": "6 km ENE of Sava?tepe, Turkey", "zone_id": 35, "cluster_id": 369, "shock_type": "AS", "mainshock_zone": 35, "same_zone": 1, "days_difference": 677 }, "geometry": { "type": "Point", "coordinates": [ 27.728, 39.405 ] } },
{ "type": "Feature", "properties": { "ID": 3302, "date_decimal": 2001.4824200913242, "year": 2001, "month": 6, "day": 25, "latitude": 37.238, "longitude": 36.206, "mag": 5.5, "place": "17 km SSE of Kadirli, Turkey", "zone_id": 6, "cluster_id": 0, "shock_type": "MS", "mainshock_zone": 6, "same_zone": 1, "days_difference": 678 }, "geometry": { "type": "Point", "coordinates": [ 36.206, 37.238 ] } },
{ "type": "Feature", "properties": { "ID": 3301, "date_decimal": 2001.4851598173516, "year": 2001, "month": 6, "day": 26, "latitude": 38.651, "longitude": 26.522, "mag": 4.62, "place": "1 km NNE of Karaburun, Turkey", "zone_id": 43, "cluster_id": 0, "shock_type": "MS", "mainshock_zone": 43, "same_zone": 1, "days_difference": 679 }, "geometry": { "type": "Point", "coordinates": [ 26.522, 38.651 ] } },
{ "type": "Feature", "properties": { "ID": 3300, "date_decimal": 2001.4851598173516, "year": 2001, "month": 6, "day": 26, "latitude": 38.655, "longitude": 26.637, "mag": 4.15, "place": "10 km W of Foça, Turkey", "zone_id": 43, "cluster_id": 373, "shock_type": "FS", "mainshock_zone": 43, "same_zone": 1, "days_difference": 679 }, "geometry": { "type": "Point", "coordinates": [ 26.637, 38.655 ] } },
{ "type": "Feature", "properties": { "ID": 3299, "date_decimal": 2001.4851598173516, "year": 2001, "month": 6, "day": 26, "latitude": 39.718, "longitude": 41.837, "mag": 4.46, "place": "26 km W of Karayaz?, Turkey", "zone_id": 12, "cluster_id": 370, "shock_type": "AS", "mainshock_zone": 12, "same_zone": 1, "days_difference": 679 }, "geometry": { "type": "Point", "coordinates": [ 41.837, 39.718 ] } },
{ "type": "Feature", "properties": { "ID": 3298, "date_decimal": 2001.4961187214612, "year": 2001, "month": 6, "day": 30, "latitude": 37.28, "longitude": 26.83, "mag": 4.52, "place": "14 km N of Agía Marína, Greece", "zone_id": 27, "cluster_id": 0, "shock_type": "MS", "mainshock_zone": 27, "same_zone": 1, "days_difference": 683 }, "geometry": { "type": "Point", "coordinates": [ 26.83, 37.28 ] } },
{ "type": "Feature", "properties": { "ID": 3297, "date_decimal": 2001.5191780821917, "year": 2001, "month": 7, "day": 8, "latitude": 38.907, "longitude": 26.94, "mag": 4.15, "place": "3 km S of Çandarl?, Turkey", "zone_id": 43, "cluster_id": 0, "shock_type": "MS", "mainshock_zone": 43, "same_zone": 1, "days_difference": 691 }, "geometry": { "type": "Point", "coordinates": [ 26.94, 38.907 ] } },
{ "type": "Feature", "properties": { "ID": 3296, "date_decimal": 2001.5246575342467, "year": 2001, "month": 7, "day": 10, "latitude": 39.832, "longitude": 41.623, "mag": 5.4, "place": "16 km SSW of Pasinler, Turkey", "zone_id": 12, "cluster_id": 0, "shock_type": "MS", "mainshock_zone": 12, "same_zone": 1, "days_difference": 693 }, "geometry": { "type": "Point", "coordinates": [ 41.623, 39.832 ] } },
{ "type": "Feature", "properties": { "ID": 3295, "date_decimal": 2001.5465753424658, "year": 2001, "month": 7, "day": 18, "latitude": 38.728, "longitude": 25.965, "mag": 4.15, "place": "32 km NW of Oinoússes, Greece", "zone_id": 71, "cluster_id": 368, "shock_type": "AS", "mainshock_zone": 71, "same_zone": 1, "days_difference": 701 }, "geometry": { "type": "Point", "coordinates": [ 25.965, 38.728 ] } },
{ "type": "Feature", "properties": { "ID": 3294, "date_decimal": 2001.5547945205481, "year": 2001, "month": 7, "day": 21, "latitude": 39.005, "longitude": 24.422, "mag": 4.94, "place": "16 km NW of Skýros, Greece", "zone_id": 77, "cluster_id": 0, "shock_type": "MS", "mainshock_zone": 77, "same_zone": 1, "days_difference": 704 }, "geometry": { "type": "Point", "coordinates": [ 24.422, 39.005 ] } },
{ "type": "Feature", "properties": { "ID": 3293, "date_decimal": 2001.5547945205481, "year": 2001, "month": 7, "day": 21, "latitude": 38.963, "longitude": 24.369, "mag": 4.67, "place": "18 km WNW of Skýros, Greece", "zone_id": 77, "cluster_id": 374, "shock_type": "FS", "mainshock_zone": 77, "same_zone": 1, "days_difference": 704 }, "geometry": { "type": "Point", "coordinates": [ 24.369, 38.963 ] } },
{ "type": "Feature", "properties": { "ID": 3292, "date_decimal": 2001.5657534246575, "year": 2001, "month": 7, "day": 25, "latitude": 39.004, "longitude": 24.362, "mag": 4.25, "place": "20 km WNW of Skýros, Greece", "zone_id": 77, "cluster_id": 374, "shock_type": "AS", "mainshock_zone": 77, "same_zone": 1, "days_difference": 708 }, "geometry": { "type": "Point", "coordinates": [ 24.362, 39.004 ] } },
{ "type": "Feature", "properties": { "ID": 3291, "date_decimal": 2001.5684931506848, "year": 2001, "month": 7, "day": 26, "latitude": 38.925, "longitude": 24.392, "mag": 4.77, "place": "15 km W of Skýros, Greece", "zone_id": 77, "cluster_id": 374, "shock_type": "AS", "mainshock_zone": 77, "same_zone": 1, "days_difference": 709 }, "geometry": { "type": "Point", "coordinates": [ 24.392, 38.925 ] } },
{ "type": "Feature", "properties": { "ID": 3290, "date_decimal": 2001.5684931506848, "year": 2001, "month": 7, "day": 26, "latitude": 38.829, "longitude": 24.355, "mag": 4.87, "place": "19 km WSW of Skýros, Greece", "zone_id": 77, "cluster_id": 374, "shock_type": "AS", "mainshock_zone": 77, "same_zone": 1, "days_difference": 709 }, "geometry": { "type": "Point", "coordinates": [ 24.355, 38.829 ] } },
{ "type": "Feature", "properties": { "ID": 3289, "date_decimal": 2001.5684931506848, "year": 2001, "month": 7, "day": 26, "latitude": 38.81, "longitude": 24.568, "mag": 4.25, "place": "10 km S of Skýros, Greece", "zone_id": 77, "cluster_id": 374, "shock_type": "AS", "mainshock_zone": 77, "same_zone": 1, "days_difference": 709 }, "geometry": { "type": "Point", "coordinates": [ 24.568, 38.81 ] } },
{ "type": "Feature", "properties": { "ID": 3288, "date_decimal": 2001.5684931506848, "year": 2001, "month": 7, "day": 26, "latitude": 38.891, "longitude": 24.375, "mag": 4.15, "place": "16 km W of Skýros, Greece", "zone_id": 77, "cluster_id": 374, "shock_type": "AS", "mainshock_zone": 77, "same_zone": 1, "days_difference": 709 }, "geometry": { "type": "Point", "coordinates": [ 24.375, 38.891 ] } },
{ "type": "Feature", "properties": { "ID": 3287, "date_decimal": 2001.5684931506848, "year": 2001, "month": 7, "day": 26, "latitude": 38.869, "longitude": 24.401, "mag": 4.36, "place": "14 km WSW of Skýros, Greece", "zone_id": 77, "cluster_id": 374, "shock_type": "AS", "mainshock_zone": 77, "same_zone": 1, "days_difference": 709 }, "geometry": { "type": "Point", "coordinates": [ 24.401, 38.869 ] } },
{ "type": "Feature", "properties": { "ID": 3286, "date_decimal": 2001.5712328767124, "year": 2001, "month": 7, "day": 27, "latitude": 38.93, "longitude": 24.43, "mag": 4.36, "place": "11 km WNW of Skýros, Greece", "zone_id": 77, "cluster_id": 374, "shock_type": "AS", "mainshock_zone": 77, "same_zone": 1, "days_difference": 710 }, "geometry": { "type": "Point", "coordinates": [ 24.43, 38.93 ] } },
{ "type": "Feature", "properties": { "ID": 3285, "date_decimal": 2001.5739726027398, "year": 2001, "month": 7, "day": 28, "latitude": 38.895, "longitude": 24.351, "mag": 4.77, "place": "18 km W of Skýros, Greece", "zone_id": 77, "cluster_id": 374, "shock_type": "AS", "mainshock_zone": 77, "same_zone": 1, "days_difference": 711 }, "geometry": { "type": "Point", "coordinates": [ 24.351, 38.895 ] } },
{ "type": "Feature", "properties": { "ID": 3284, "date_decimal": 2001.5860730593606, "year": 2001, "month": 8, "day": 2, "latitude": 39.16, "longitude": 24.478, "mag": 4.46, "place": "29 km NNW of Skýros, Greece", "zone_id": 77, "cluster_id": 374, "shock_type": "AS", "mainshock_zone": 77, "same_zone": 1, "days_difference": 716 }, "geometry": { "type": "Point", "coordinates": [ 24.478, 39.16 ] } },
{ "type": "Feature", "properties": { "ID": 3283, "date_decimal": 2001.602511415525, "year": 2001, "month": 8, "day": 8, "latitude": 38.91, "longitude": 24.48, "mag": 4.77, "place": "7 km W of Skýros, Greece", "zone_id": 77, "cluster_id": 374, "shock_type": "AS", "mainshock_zone": 77, "same_zone": 1, "days_difference": 722 }, "geometry": { "type": "Point", "coordinates": [ 24.48, 38.91 ] } },
{ "type": "Feature", "properties": { "ID": 3282, "date_decimal": 2001.6052511415523, "year": 2001, "month": 8, "day": 9, "latitude": 42.559, "longitude": 26.529, "mag": 4.36, "place": "8 km NNE of Yambol, Bulgaria", "zone_id": 56, "cluster_id": 375, "shock_type": "FS", "mainshock_zone": 56, "same_zone": 1, "days_difference": 723 }, "geometry": { "type": "Point", "coordinates": [ 26.529, 42.559 ] } },
{ "type": "Feature", "properties": { "ID": 3281, "date_decimal": 2001.6134703196346, "year": 2001, "month": 8, "day": 12, "latitude": 37.223, "longitude": 44.028, "mag": 4.46, "place": "36 km E of Çukurca, Turkey", "zone_id": 87, "cluster_id": 0, "shock_type": "MS", "mainshock_zone": 87, "same_zone": 1, "days_difference": 726 }, "geometry": { "type": "Point", "coordinates": [ 44.028, 37.223 ] } },
{ "type": "Feature", "properties": { "ID": 3280, "date_decimal": 2001.6134703196346, "year": 2001, "month": 8, "day": 12, "latitude": 40.219, "longitude": 33.811, "mag": 4.56, "place": "10 km NE of Sulakyurt, Turkey", "zone_id": 34, "cluster_id": 0, "shock_type": "MS", "mainshock_zone": 34, "same_zone": 1, "days_difference": 726 }, "geometry": { "type": "Point", "coordinates": [ 33.811, 40.219 ] } },
{ "type": "Feature", "properties": { "ID": 3279, "date_decimal": 2001.616210045662, "year": 2001, "month": 8, "day": 13, "latitude": 42.602, "longitude": 26.507, "mag": 4.77, "place": "13 km N of Yambol, Bulgaria", "zone_id": 56, "cluster_id": 0, "shock_type": "MS", "mainshock_zone": 56, "same_zone": 1, "days_difference": 727 }, "geometry": { "type": "Point", "coordinates": [ 26.507, 42.602 ] } },
{ "type": "Feature", "properties": { "ID": 3278, "date_decimal": 2001.6353881278537, "year": 2001, "month": 8, "day": 20, "latitude": 40.169, "longitude": 42.122, "mag": 4.67, "place": "14 km NNW of Horasan, Turkey", "zone_id": 64, "cluster_id": 0, "shock_type": "MS", "mainshock_zone": 64, "same_zone": 1, "days_difference": 734 }, "geometry": { "type": "Point", "coordinates": [ 42.122, 40.169 ] } },
{ "type": "Feature", "properties": { "ID": 3277, "date_decimal": 2001.6518264840181, "year": 2001, "month": 8, "day": 26, "latitude": 40.951, "longitude": 31.573, "mag": 5.18, "place": "24 km N of Bolu, Turkey", "zone_id": 53, "cluster_id": 346, "shock_type": "AS", "mainshock_zone": 8, "same_zone": 0, "days_difference": 740 }, "geometry": { "type": "Point", "coordinates": [ 31.573, 40.951 ] } },
{ "type": "Feature", "properties": { "ID": 3276, "date_decimal": 2001.6545662100457, "year": 2001, "month": 8, "day": 27, "latitude": 39.092, "longitude": 24.483, "mag": 4.15, "place": "21 km NNW of Skýros, Greece", "zone_id": 77, "cluster_id": 374, "shock_type": "AS", "mainshock_zone": 77, "same_zone": 1, "days_difference": 741 }, "geometry": { "type": "Point", "coordinates": [ 24.483, 39.092 ] } },
{ "type": "Feature", "properties": { "ID": 3275, "date_decimal": 2001.6694063926941, "year": 2001, "month": 9, "day": 2, "latitude": 38.995, "longitude": 31.551, "mag": 4.25, "place": "25 km NW of Yunak, Turkey", "zone_id": 20, "cluster_id": 362, "shock_type": "AS", "mainshock_zone": 38, "same_zone": 0, "days_difference": 747 }, "geometry": { "type": "Point", "coordinates": [ 31.551, 38.995 ] } },
{ "type": "Feature", "properties": { "ID": 3274, "date_decimal": 2001.6694063926941, "year": 2001, "month": 9, "day": 2, "latitude": 38.6, "longitude": 39.841, "mag": 4.46, "place": "12 km SW of Palu, Turkey", "zone_id": 999, "cluster_id": 0, "shock_type": "MS", "mainshock_zone": 999, "same_zone": 1, "days_difference": 747 }, "geometry": { "type": "Point", "coordinates": [ 39.841, 38.6 ] } },
{ "type": "Feature", "properties": { "ID": 3273, "date_decimal": 2001.6968036529681, "year": 2001, "month": 9, "day": 12, "latitude": 37.95, "longitude": 42.553, "mag": 4.25, "place": "1 km ESE of Güleçler, Turkey", "zone_id": 87, "cluster_id": 0, "shock_type": "MS", "mainshock_zone": 87, "same_zone": 1, "days_difference": 757 }, "geometry": { "type": "Point", "coordinates": [ 42.553, 37.95 ] } },
{ "type": "Feature", "properties": { "ID": 3272, "date_decimal": 2001.7105022831051, "year": 2001, "month": 9, "day": 17, "latitude": 36.013, "longitude": 31.026, "mag": 4.25, "place": "70 km SE of Tekirova, Turkey", "zone_id": 16, "cluster_id": 0, "shock_type": "MS", "mainshock_zone": 16, "same_zone": 1, "days_difference": 762 }, "geometry": { "type": "Point", "coordinates": [ 31.026, 36.013 ] } },
{ "type": "Feature", "properties": { "ID": 3271, "date_decimal": 2001.7324200913242, "year": 2001, "month": 9, "day": 25, "latitude": 36.028, "longitude": 32.323, "mag": 4.56, "place": "26 km S of Gazipa?a, Turkey", "zone_id": 57, "cluster_id": 0, "shock_type": "MS", "mainshock_zone": 57, "same_zone": 1, "days_difference": 770 }, "geometry": { "type": "Point", "coordinates": [ 32.323, 36.028 ] } },
{ "type": "Feature", "properties": { "ID": 3270, "date_decimal": 2001.7351598173516, "year": 2001, "month": 9, "day": 26, "latitude": 40.232, "longitude": 25.266, "mag": 4.15, "place": "32 km SSW of Kamariótissa, Greece", "zone_id": 82, "cluster_id": 0, "shock_type": "MS", "mainshock_zone": 82, "same_zone": 1, "days_difference": 771 }, "geometry": { "type": "Point", "coordinates": [ 25.266, 40.232 ] } },
{ "type": "Feature", "properties": { "ID": 3269, "date_decimal": 2001.7351598173516, "year": 2001, "month": 9, "day": 26, "latitude": 40.34, "longitude": 25.88, "mag": 4.54, "place": "15 km N of Gökçeada, Turkey", "zone_id": 82, "cluster_id": 0, "shock_type": "MS", "mainshock_zone": 82, "same_zone": 1, "days_difference": 771 }, "geometry": { "type": "Point", "coordinates": [ 25.88, 40.34 ] } },
{ "type": "Feature", "properties": { "ID": 3268, "date_decimal": 2001.7691780821917, "year": 2001, "month": 10, "day": 8, "latitude": 36.738, "longitude": 28.179, "mag": 4.36, "place": "7 km SSW of ?çmeler, Turkey", "zone_id": 84, "cluster_id": 0, "shock_type": "MS", "mainshock_zone": 84, "same_zone": 1, "days_difference": 783 }, "geometry": { "type": "Point", "coordinates": [ 28.179, 36.738 ] } },
{ "type": "Feature", "properties": { "ID": 3267, "date_decimal": 2001.7965753424658, "year": 2001, "month": 10, "day": 18, "latitude": 36.899, "longitude": 35.207, "mag": 4.87, "place": "14 km SW of Adana, Turkey", "zone_id": 6, "cluster_id": 0, "shock_type": "MS", "mainshock_zone": 6, "same_zone": 1, "days_difference": 793 }, "geometry": { "type": "Point", "coordinates": [ 35.207, 36.899 ] } },
{ "type": "Feature", "properties": { "ID": 3266, "date_decimal": 2001.8294520547945, "year": 2001, "month": 10, "day": 30, "latitude": 35.776, "longitude": 29.7, "mag": 4.67, "place": "47 km S of Ka?, Turkey", "zone_id": 81, "cluster_id": 0, "shock_type": "MS", "mainshock_zone": 81, "same_zone": 1, "days_difference": 805 }, "geometry": { "type": "Point", "coordinates": [ 29.7, 35.776 ] } },
{ "type": "Feature", "properties": { "ID": 3265, "date_decimal": 2001.8321917808219, "year": 2001, "month": 10, "day": 31, "latitude": 37.249, "longitude": 36.136, "mag": 5.28, "place": "14 km SSE of Kadirli, Turkey", "zone_id": 6, "cluster_id": 372, "shock_type": "AS", "mainshock_zone": 6, "same_zone": 1, "days_difference": 806 }, "geometry": { "type": "Point", "coordinates": [ 36.136, 37.249 ] } },
{ "type": "Feature", "properties": { "ID": 3264, "date_decimal": 2001.8442922374429, "year": 2001, "month": 11, "day": 5, "latitude": 36.482, "longitude": 31.245, "mag": 4.25, "place": "34 km SSW of Side, Turkey", "zone_id": 17, "cluster_id": 0, "shock_type": "MS", "mainshock_zone": 17, "same_zone": 1, "days_difference": 811 }, "geometry": { "type": "Point", "coordinates": [ 31.245, 36.482 ] } },
{ "type": "Feature", "properties": { "ID": 3263, "date_decimal": 2001.8634703196346, "year": 2001, "month": 11, "day": 12, "latitude": 36.879, "longitude": 34.801, "mag": 4.7, "place": "9 km WSW of Tarsus, Turkey", "zone_id": 9, "cluster_id": 376, "shock_type": "AS", "mainshock_zone": 6, "same_zone": 0, "days_difference": 818 }, "geometry": { "type": "Point", "coordinates": [ 34.801, 36.879 ] } },
{ "type": "Feature", "properties": { "ID": 3262, "date_decimal": 2001.8771689497717, "year": 2001, "month": 11, "day": 17, "latitude": 36.472, "longitude": 25.94, "mag": 4.36, "place": "37 km WSW of Astypálaia, Greece", "zone_id": 70, "cluster_id": 0, "shock_type": "MS", "mainshock_zone": 70, "same_zone": 1, "days_difference": 823 }, "geometry": { "type": "Point", "coordinates": [ 25.94, 36.472 ] } },
{ "type": "Feature", "properties": { "ID": 3261, "date_decimal": 2001.8881278538813, "year": 2001, "month": 11, "day": 21, "latitude": 38.59, "longitude": 24.56, "mag": 4.54, "place": "34 km S of Skýros, Greece", "zone_id": 85, "cluster_id": 0, "shock_type": "MS", "mainshock_zone": 85, "same_zone": 1, "days_difference": 827 }, "geometry": { "type": "Point", "coordinates": [ 24.56, 38.59 ] } },
{ "type": "Feature", "properties": { "ID": 3260, "date_decimal": 2001.8908675799087, "year": 2001, "month": 11, "day": 22, "latitude": 38.99, "longitude": 24.37, "mag": 4.36, "place": "19 km WNW of Skýros, Greece", "zone_id": 77, "cluster_id": 374, "shock_type": "AS", "mainshock_zone": 77, "same_zone": 1, "days_difference": 828 }, "geometry": { "type": "Point", "coordinates": [ 24.37, 38.99 ] } },
{ "type": "Feature", "properties": { "ID": 3259, "date_decimal": 2001.9045662100457, "year": 2001, "month": 11, "day": 27, "latitude": 37.861, "longitude": 39.633, "mag": 4.6, "place": "30 km ENE of Siverek, Turkey", "zone_id": 103, "cluster_id": 0, "shock_type": "MS", "mainshock_zone": 103, "same_zone": 1, "days_difference": 833 }, "geometry": { "type": "Point", "coordinates": [ 39.633, 37.861 ] } },
{ "type": "Feature", "properties": { "ID": 3258, "date_decimal": 2001.9100456621004, "year": 2001, "month": 11, "day": 29, "latitude": 39.723, "longitude": 41.495, "mag": 4.46, "place": "9 km N of Tekman, Turkey", "zone_id": 12, "cluster_id": 370, "shock_type": "AS", "mainshock_zone": 12, "same_zone": 1, "days_difference": 835 }, "geometry": { "type": "Point", "coordinates": [ 41.495, 39.723 ] } },
{ "type": "Feature", "properties": { "ID": 3257, "date_decimal": 2001.9194063926941, "year": 2001, "month": 12, "day": 2, "latitude": 38.435, "longitude": 43.253, "mag": 4.87, "place": "1 km NNW of Edremit, Turkey", "zone_id": 13, "cluster_id": 0, "shock_type": "MS", "mainshock_zone": 13, "same_zone": 1, "days_difference": 838 }, "geometry": { "type": "Point", "coordinates": [ 43.253, 38.435 ] } },
{ "type": "Feature", "properties": { "ID": 3256, "date_decimal": 2001.9194063926941, "year": 2001, "month": 12, "day": 2, "latitude": 37.493, "longitude": 44.188, "mag": 4.46, "place": "12 km SW of Yüksekova, Turkey", "zone_id": 87, "cluster_id": 0, "shock_type": "MS", "mainshock_zone": 87, "same_zone": 1, "days_difference": 838 }, "geometry": { "type": "Point", "coordinates": [ 44.188, 37.493 ] } },
{ "type": "Feature", "properties": { "ID": 3255, "date_decimal": 2001.924885844749, "year": 2001, "month": 12, "day": 4, "latitude": 38.418, "longitude": 43.219, "mag": 4.56, "place": "3 km W of Edremit, Turkey", "zone_id": 13, "cluster_id": 377, "shock_type": "AS", "mainshock_zone": 13, "same_zone": 1, "days_difference": 840 }, "geometry": { "type": "Point", "coordinates": [ 43.219, 38.418 ] } },
{ "type": "Feature", "properties": { "ID": 3254, "date_decimal": 2001.924885844749, "year": 2001, "month": 12, "day": 4, "latitude": 37.11, "longitude": 27.77, "mag": 4.54, "place": "16 km E of Güvercinlik, Turkey", "zone_id": 27, "cluster_id": 0, "shock_type": "MS", "mainshock_zone": 27, "same_zone": 1, "days_difference": 840 }, "geometry": { "type": "Point", "coordinates": [ 27.77, 37.11 ] } },
{ "type": "Feature", "properties": { "ID": 3253, "date_decimal": 2001.9413242009134, "year": 2001, "month": 12, "day": 10, "latitude": 37.314, "longitude": 24.673, "mag": 4.67, "place": "23 km NE of Sérifos, Greece", "zone_id": 73, "cluster_id": 0, "shock_type": "MS", "mainshock_zone": 73, "same_zone": 1, "days_difference": 846 }, "geometry": { "type": "Point", "coordinates": [ 24.673, 37.314 ] } },
{ "type": "Feature", "properties": { "ID": 3252, "date_decimal": 2001.9550228310502, "year": 2001, "month": 12, "day": 15, "latitude": 38.684, "longitude": 42.35, "mag": 4.46, "place": "13 km WSW of Ahlat, Turkey", "zone_id": 31, "cluster_id": 0, "shock_type": "MS", "mainshock_zone": 31, "same_zone": 1, "days_difference": 851 }, "geometry": { "type": "Point", "coordinates": [ 42.35, 38.684 ] } },
{ "type": "Feature", "properties": { "ID": 3251, "date_decimal": 2001.9714611872148, "year": 2001, "month": 12, "day": 21, "latitude": 36.002, "longitude": 27.447, "mag": 4.67, "place": "44 km SW of Émponas, Greece", "zone_id": 83, "cluster_id": 0, "shock_type": "MS", "mainshock_zone": 83, "same_zone": 1, "days_difference": 857 }, "geometry": { "type": "Point", "coordinates": [ 27.447, 36.002 ] } },
{ "type": "Feature", "properties": { "ID": 3250, "date_decimal": 2001.9933789954339, "year": 2001, "month": 12, "day": 29, "latitude": 36.527, "longitude": 28.148, "mag": 4.36, "place": "12 km NNW of Ródos, Greece", "zone_id": 22, "cluster_id": 0, "shock_type": "MS", "mainshock_zone": 22, "same_zone": 1, "days_difference": 865 }, "geometry": { "type": "Point", "coordinates": [ 28.148, 36.527 ] } },
{ "type": "Feature", "properties": { "ID": 3249, "date_decimal": 2001.9988584474886, "year": 2001, "month": 12, "day": 31, "latitude": 36.308, "longitude": 28.095, "mag": 4.15, "place": "6 km WNW of Afántou, Greece", "zone_id": 83, "cluster_id": 379, "shock_type": "AS", "mainshock_zone": 22, "same_zone": 0, "days_difference": 867 }, "geometry": { "type": "Point", "coordinates": [ 28.095, 36.308 ] } },
{ "type": "Feature", "properties": { "ID": 3248, "date_decimal": 2002.0438356164384, "year": 2002, "month": 1, "day": 17, "latitude": 37.501, "longitude": 31.395, "mag": 4.36, "place": "15 km NW of Derebucak, Turkey", "zone_id": 17, "cluster_id": 0, "shock_type": "MS", "mainshock_zone": 17, "same_zone": 1, "days_difference": 884 }, "geometry": { "type": "Point", "coordinates": [ 31.395, 37.501 ] } },
{ "type": "Feature", "properties": { "ID": 3247, "date_decimal": 2002.0465753424658, "year": 2002, "month": 1, "day": 18, "latitude": 37.419, "longitude": 42.739, "mag": 4.56, "place": "3 km WSW of Ba?l?ca, Turkey", "zone_id": 90, "cluster_id": 0, "shock_type": "MS", "mainshock_zone": 90, "same_zone": 1, "days_difference": 885 }, "geometry": { "type": "Point", "coordinates": [ 42.739, 37.419 ] } },
{ "type": "Feature", "properties": { "ID": 3246, "date_decimal": 2002.0547945205481, "year": 2002, "month": 1, "day": 21, "latitude": 38.664, "longitude": 27.881, "mag": 4.77, "place": "6 km SSW of Gölmarmara, Turkey", "zone_id": 21, "cluster_id": 0, "shock_type": "MS", "mainshock_zone": 21, "same_zone": 1, "days_difference": 888 }, "geometry": { "type": "Point", "coordinates": [ 27.881, 38.664 ] } },
{ "type": "Feature", "properties": { "ID": 3245, "date_decimal": 2002.0575342465754, "year": 2002, "month": 1, "day": 22, "latitude": 35.79, "longitude": 26.617, "mag": 6.2, "place": "49 km NW of Fry, Greece", "zone_id": 22, "cluster_id": 0, "shock_type": "MS", "mainshock_zone": 22, "same_zone": 1, "days_difference": 889 }, "geometry": { "type": "Point", "coordinates": [ 26.617, 35.79 ] } },
{ "type": "Feature", "properties": { "ID": 3244, "date_decimal": 2002.0602739726028, "year": 2002, "month": 1, "day": 23, "latitude": 38.51, "longitude": 28.04, "mag": 4.62, "place": "8 km E of Ahmetli, Turkey", "zone_id": 21, "cluster_id": 380, "shock_type": "AS", "mainshock_zone": 21, "same_zone": 1, "days_difference": 890 }, "geometry": { "type": "Point", "coordinates": [ 28.04, 38.51 ] } },
{ "type": "Feature", "properties": { "ID": 3235, "date_decimal": 2002.088812785388, "year": 2002, "month": 2, "day": 3, "latitude": 38.587, "longitude": 31.315, "mag": 4.46, "place": "9 km NE of Sultanda??, Turkey", "zone_id": 38, "cluster_id": 362, "shock_type": "AS", "mainshock_zone": 38, "same_zone": 1, "days_difference": 901 }, "geometry": { "type": "Point", "coordinates": [ 31.315, 38.587 ] } },
{ "type": "Feature", "properties": { "ID": 3237, "date_decimal": 2002.088812785388, "year": 2002, "month": 2, "day": 3, "latitude": 38.551, "longitude": 31.181, "mag": 5.3, "place": "4 km WNW of Sultanda??, Turkey", "zone_id": 38, "cluster_id": 362, "shock_type": "AS", "mainshock_zone": 38, "same_zone": 1, "days_difference": 901 }, "geometry": { "type": "Point", "coordinates": [ 31.181, 38.551 ] } },
{ "type": "Feature", "properties": { "ID": 3238, "date_decimal": 2002.088812785388, "year": 2002, "month": 2, "day": 3, "latitude": 38.512, "longitude": 30.874, "mag": 4.15, "place": "16 km WSW of Çay, Turkey", "zone_id": 38, "cluster_id": 362, "shock_type": "AS", "mainshock_zone": 38, "same_zone": 1, "days_difference": 901 }, "geometry": { "type": "Point", "coordinates": [ 30.874, 38.512 ] } },
{ "type": "Feature", "properties": { "ID": 3236, "date_decimal": 2002.088812785388, "year": 2002, "month": 2, "day": 3, "latitude": 38.589, "longitude": 31.171, "mag": 4.98, "place": "8 km NW of Sultanda??, Turkey", "zone_id": 38, "cluster_id": 362, "shock_type": "AS", "mainshock_zone": 38, "same_zone": 1, "days_difference": 901 }, "geometry": { "type": "Point", "coordinates": [ 31.171, 38.589 ] } },
{ "type": "Feature", "properties": { "ID": 3240, "date_decimal": 2002.088812785388, "year": 2002, "month": 2, "day": 3, "latitude": 38.625, "longitude": 30.763, "mag": 4.15, "place": "5 km SSE of I??klar, Turkey", "zone_id": 38, "cluster_id": 362, "shock_type": "AS", "mainshock_zone": 38, "same_zone": 1, "days_difference": 901 }, "geometry": { "type": "Point", "coordinates": [ 30.763, 38.625 ] } },
{ "type": "Feature", "properties": { "ID": 3243, "date_decimal": 2002.088812785388, "year": 2002, "month": 2, "day": 3, "latitude": 38.573, "longitude": 31.271, "mag": 6.5, "place": "5 km NE of Sultanda??, Turkey", "zone_id": 38, "cluster_id": 0, "shock_type": "MS", "mainshock_zone": 38, "same_zone": 1, "days_difference": 901 }, "geometry": { "type": "Point", "coordinates": [ 31.271, 38.573 ] } },
{ "type": "Feature", "properties": { "ID": 3239, "date_decimal": 2002.088812785388, "year": 2002, "month": 2, "day": 3, "latitude": 38.581, "longitude": 31.219, "mag": 4.46, "place": "5 km N of Sultanda??, Turkey", "zone_id": 38, "cluster_id": 362, "shock_type": "AS", "mainshock_zone": 38, "same_zone": 1, "days_difference": 901 }, "geometry": { "type": "Point", "coordinates": [ 31.219, 38.581 ] } },
{ "type": "Feature", "properties": { "ID": 3241, "date_decimal": 2002.088812785388, "year": 2002, "month": 2, "day": 3, "latitude": 38.632, "longitude": 30.902, "mag": 6.0, "place": "11 km WNW of Çay, Turkey", "zone_id": 38, "cluster_id": 362, "shock_type": "AS", "mainshock_zone": 38, "same_zone": 1, "days_difference": 901 }, "geometry": { "type": "Point", "coordinates": [ 30.902, 38.632 ] } },
{ "type": "Feature", "properties": { "ID": 3242, "date_decimal": 2002.088812785388, "year": 2002, "month": 2, "day": 3, "latitude": 38.701, "longitude": 30.872, "mag": 5.7, "place": "11 km ENE of I??klar, Turkey", "zone_id": 38, "cluster_id": 362, "shock_type": "AS", "mainshock_zone": 38, "same_zone": 1, "days_difference": 901 }, "geometry": { "type": "Point", "coordinates": [ 30.872, 38.701 ] } },
{ "type": "Feature", "properties": { "ID": 3234, "date_decimal": 2002.0915525114156, "year": 2002, "month": 2, "day": 4, "latitude": 40.015, "longitude": 35.699, "mag": 4.25, "place": "8 km WNW of Kad??ehri, Turkey", "zone_id": 3, "cluster_id": 0, "shock_type": "MS", "mainshock_zone": 3, "same_zone": 1, "days_difference": 902 }, "geometry": { "type": "Point", "coordinates": [ 35.699, 40.015 ] } },
{ "type": "Feature", "properties": { "ID": 3233, "date_decimal": 2002.1189497716894, "year": 2002, "month": 2, "day": 14, "latitude": 35.66, "longitude": 31.577, "mag": 4.25, "place": "95 km SW of Gazipa?a, Turkey", "zone_id": 16, "cluster_id": 0, "shock_type": "MS", "mainshock_zone": 16, "same_zone": 1, "days_difference": 912 }, "geometry": { "type": "Point", "coordinates": [ 31.577, 35.66 ] } },
{ "type": "Feature", "properties": { "ID": 3232, "date_decimal": 2002.1326484018264, "year": 2002, "month": 2, "day": 19, "latitude": 36.143, "longitude": 27.783, "mag": 4.46, "place": "11 km SW of Émponas, Greece", "zone_id": 83, "cluster_id": 378, "shock_type": "AS", "mainshock_zone": 83, "same_zone": 1, "days_difference": 917 }, "geometry": { "type": "Point", "coordinates": [ 27.783, 36.143 ] } },
{ "type": "Feature", "properties": { "ID": 3231, "date_decimal": 2002.1381278538813, "year": 2002, "month": 2, "day": 21, "latitude": 38.675, "longitude": 30.914, "mag": 4.36, "place": "12 km WSW of Bolvadin, Turkey", "zone_id": 38, "cluster_id": 362, "shock_type": "AS", "mainshock_zone": 38, "same_zone": 1, "days_difference": 919 }, "geometry": { "type": "Point", "coordinates": [ 30.914, 38.675 ] } },
{ "type": "Feature", "properties": { "ID": 3230, "date_decimal": 2002.1463470319634, "year": 2002, "month": 2, "day": 24, "latitude": 38.447, "longitude": 31.13, "mag": 4.56, "place": "12 km SW of Sultanda??, Turkey", "zone_id": 38, "cluster_id": 362, "shock_type": "AS", "mainshock_zone": 38, "same_zone": 1, "days_difference": 922 }, "geometry": { "type": "Point", "coordinates": [ 31.13, 38.447 ] } },
{ "type": "Feature", "properties": { "ID": 3229, "date_decimal": 2002.1518264840181, "year": 2002, "month": 2, "day": 26, "latitude": 38.687, "longitude": 30.981, "mag": 4.46, "place": "6 km WSW of Bolvadin, Turkey", "zone_id": 38, "cluster_id": 362, "shock_type": "AS", "mainshock_zone": 38, "same_zone": 1, "days_difference": 924 }, "geometry": { "type": "Point", "coordinates": [ 30.981, 38.687 ] } },
{ "type": "Feature", "properties": { "ID": 3228, "date_decimal": 2002.157305936073, "year": 2002, "month": 2, "day": 28, "latitude": 37.281, "longitude": 44.138, "mag": 4.87, "place": "35 km SSW of Yüksekova, Turkey", "zone_id": 87, "cluster_id": 0, "shock_type": "MS", "mainshock_zone": 87, "same_zone": 1, "days_difference": 926 }, "geometry": { "type": "Point", "coordinates": [ 44.138, 37.281 ] } },
{ "type": "Feature", "properties": { "ID": 3227, "date_decimal": 2002.1666666666667, "year": 2002, "month": 3, "day": 1, "latitude": 38.354, "longitude": 28.312, "mag": 4.52, "place": "16 km NE of Kiraz, Turkey", "zone_id": 21, "cluster_id": 384, "shock_type": "FS", "mainshock_zone": 28, "same_zone": 0, "days_difference": 927 }, "geometry": { "type": "Point", "coordinates": [ 28.312, 38.354 ] } },
{ "type": "Feature", "properties": { "ID": 3226, "date_decimal": 2002.1666666666667, "year": 2002, "month": 3, "day": 1, "latitude": 38.303, "longitude": 28.237, "mag": 4.6, "place": "8 km NNE of Kiraz, Turkey", "zone_id": 28, "cluster_id": 0, "shock_type": "MS", "mainshock_zone": 28, "same_zone": 1, "days_difference": 927 }, "geometry": { "type": "Point", "coordinates": [ 28.237, 38.303 ] } },
{ "type": "Feature", "properties": { "ID": 3225, "date_decimal": 2002.1666666666667, "year": 2002, "month": 3, "day": 1, "latitude": 37.074, "longitude": 28.0, "mag": 4.25, "place": "28 km SW of Bay?r, Turkey", "zone_id": 84, "cluster_id": 0, "shock_type": "MS", "mainshock_zone": 84, "same_zone": 1, "days_difference": 927 }, "geometry": { "type": "Point", "coordinates": [ 28.0, 37.074 ] } },
{ "type": "Feature", "properties": { "ID": 3224, "date_decimal": 2002.1776255707764, "year": 2002, "month": 3, "day": 5, "latitude": 40.664, "longitude": 25.622, "mag": 4.36, "place": "22 km NNE of Samothráki, Greece", "zone_id": 55, "cluster_id": 0, "shock_type": "MS", "mainshock_zone": 55, "same_zone": 1, "days_difference": 931 }, "geometry": { "type": "Point", "coordinates": [ 25.622, 40.664 ] } },
{ "type": "Feature", "properties": { "ID": 3223, "date_decimal": 2002.2022831050228, "year": 2002, "month": 3, "day": 14, "latitude": 39.354, "longitude": 44.125, "mag": 4.77, "place": "21 km S of Do?ubayaz?t, Turkey", "zone_id": 51, "cluster_id": 0, "shock_type": "MS", "mainshock_zone": 51, "same_zone": 1, "days_difference": 940 }, "geometry": { "type": "Point", "coordinates": [ 44.125, 39.354 ] } },
{ "type": "Feature", "properties": { "ID": 3222, "date_decimal": 2002.2105022831051, "year": 2002, "month": 3, "day": 17, "latitude": 42.257, "longitude": 45.656, "mag": 4.56, "place": "36 km NNW of Q’vareli, Georgia", "zone_id": 93, "cluster_id": 0, "shock_type": "MS", "mainshock_zone": 93, "same_zone": 1, "days_difference": 943 }, "geometry": { "type": "Point", "coordinates": [ 45.656, 42.257 ] } },
{ "type": "Feature", "properties": { "ID": 3221, "date_decimal": 2002.2269406392695, "year": 2002, "month": 3, "day": 23, "latitude": 40.859, "longitude": 27.85, "mag": 4.25, "place": "15 km SW of Marmara Ere?lisi, Turkey", "zone_id": 8, "cluster_id": 0, "shock_type": "MS", "mainshock_zone": 8, "same_zone": 1, "days_difference": 949 }, "geometry": { "type": "Point", "coordinates": [ 27.85, 40.859 ] } },
{ "type": "Feature", "properties": { "ID": 3220, "date_decimal": 2002.2351598173516, "year": 2002, "month": 3, "day": 26, "latitude": 38.926, "longitude": 24.395, "mag": 4.36, "place": "14 km W of Skýros, Greece", "zone_id": 77, "cluster_id": 0, "shock_type": "MS", "mainshock_zone": 77, "same_zone": 1, "days_difference": 952 }, "geometry": { "type": "Point", "coordinates": [ 24.395, 38.926 ] } },
{ "type": "Feature", "properties": { "ID": 3219, "date_decimal": 2002.25, "year": 2002, "month": 4, "day": 1, "latitude": 37.143, "longitude": 43.848, "mag": 4.36, "place": "23 km ESE of Çukurca, Turkey", "zone_id": 90, "cluster_id": 383, "shock_type": "AS", "mainshock_zone": 87, "same_zone": 0, "days_difference": 958 }, "geometry": { "type": "Point", "coordinates": [ 43.848, 37.143 ] } },
{ "type": "Feature", "properties": { "ID": 3218, "date_decimal": 2002.2554794520547, "year": 2002, "month": 4, "day": 3, "latitude": 37.764, "longitude": 30.51, "mag": 4.46, "place": "3 km W of Isparta, Turkey", "zone_id": 69, "cluster_id": 0, "shock_type": "MS", "mainshock_zone": 69, "same_zone": 1, "days_difference": 960 }, "geometry": { "type": "Point", "coordinates": [ 30.51, 37.764 ] } },
{ "type": "Feature", "properties": { "ID": 3217, "date_decimal": 2002.2609589041097, "year": 2002, "month": 4, "day": 5, "latitude": 40.622, "longitude": 33.051, "mag": 4.36, "place": "4 km W of Orta, Turkey", "zone_id": 15, "cluster_id": 0, "shock_type": "MS", "mainshock_zone": 15, "same_zone": 1, "days_difference": 962 }, "geometry": { "type": "Point", "coordinates": [ 33.051, 40.622 ] } },
{ "type": "Feature", "properties": { "ID": 3216, "date_decimal": 2002.2609589041097, "year": 2002, "month": 4, "day": 5, "latitude": 42.04, "longitude": 24.911, "mag": 4.87, "place": "4 km NE of Asenovgrad, Bulgaria", "zone_id": 54, "cluster_id": 0, "shock_type": "MS", "mainshock_zone": 54, "same_zone": 1, "days_difference": 962 }, "geometry": { "type": "Point", "coordinates": [ 24.911, 42.04 ] } },
{ "type": "Feature", "properties": { "ID": 3215, "date_decimal": 2002.263698630137, "year": 2002, "month": 4, "day": 6, "latitude": 42.093, "longitude": 24.9, "mag": 4.15, "place": "5 km SW of Sadovo, Bulgaria", "zone_id": 54, "cluster_id": 385, "shock_type": "AS", "mainshock_zone": 54, "same_zone": 1, "days_difference": 963 }, "geometry": { "type": "Point", "coordinates": [ 24.9, 42.093 ] } },
{ "type": "Feature", "properties": { "ID": 3214, "date_decimal": 2002.2664383561644, "year": 2002, "month": 4, "day": 7, "latitude": 38.384, "longitude": 45.261, "mag": 4.67, "place": "32 km SE of Khowy, Iran", "zone_id": 86, "cluster_id": 0, "shock_type": "MS", "mainshock_zone": 86, "same_zone": 1, "days_difference": 964 }, "geometry": { "type": "Point", "coordinates": [ 45.261, 38.384 ] } },
{ "type": "Feature", "properties": { "ID": 3213, "date_decimal": 2002.3157534246575, "year": 2002, "month": 4, "day": 25, "latitude": 41.765, "longitude": 44.96, "mag": 4.98, "place": "Georgia-Armenia border region", "zone_id": 62, "cluster_id": 0, "shock_type": "MS", "mainshock_zone": 62, "same_zone": 1, "days_difference": 982 }, "geometry": { "type": "Point", "coordinates": [ 44.96, 41.765 ] } },
{ "type": "Feature", "properties": { "ID": 3212, "date_decimal": 2002.338812785388, "year": 2002, "month": 5, "day": 3, "latitude": 36.924, "longitude": 43.648, "mag": 4.67, "place": "28 km NW of ‘Aqrah, Iraq", "zone_id": 90, "cluster_id": 0, "shock_type": "MS", "mainshock_zone": 90, "same_zone": 1, "days_difference": 990 }, "geometry": { "type": "Point", "coordinates": [ 43.648, 36.924 ] } },
{ "type": "Feature", "properties": { "ID": 3211, "date_decimal": 2002.352511415525, "year": 2002, "month": 5, "day": 8, "latitude": 36.91, "longitude": 26.63, "mag": 4.52, "place": "28 km WSW of Pánormos, Greece", "zone_id": 70, "cluster_id": 0, "shock_type": "MS", "mainshock_zone": 70, "same_zone": 1, "days_difference": 995 }, "geometry": { "type": "Point", "coordinates": [ 26.63, 36.91 ] } },
{ "type": "Feature", "properties": { "ID": 3210, "date_decimal": 2002.3607305936073, "year": 2002, "month": 5, "day": 11, "latitude": 35.826, "longitude": 28.369, "mag": 4.46, "place": "43 km SE of Lárdos, Greece", "zone_id": 81, "cluster_id": 371, "shock_type": "AS", "mainshock_zone": 81, "same_zone": 1, "days_difference": 998 }, "geometry": { "type": "Point", "coordinates": [ 28.369, 35.826 ] } },
{ "type": "Feature", "properties": { "ID": 3209, "date_decimal": 2002.366210045662, "year": 2002, "month": 5, "day": 13, "latitude": 38.603, "longitude": 31.256, "mag": 4.56, "place": "8 km NNE of Sultanda??, Turkey", "zone_id": 38, "cluster_id": 362, "shock_type": "AS", "mainshock_zone": 38, "same_zone": 1, "days_difference": 1000 }, "geometry": { "type": "Point", "coordinates": [ 31.256, 38.603 ] } }
]
}
